CASE_ID,ACCIDENT_YEAR,PROC_DATE,JURIS,COLLISION_DATE,COLLISION_TIME,OFFICER_ID,REPORTING_DISTRICT,DAY_OF_WEEK,CHP_SHIFT,POPULATION,CNTY_CITY_LOC,SPECIAL_COND,BEAT_TYPE,CHP_BEAT_TYPE,CITY_DIVISION_LAPD,CHP_BEAT_CLASS,BEAT_NUMBER,PRIMARY_RD,SECONDARY_RD,DISTANCE,DIRECTION,INTERSECTION,WEATHER_1,WEATHER_2,STATE_HWY_IND,CALTRANS_COUNTY,CALTRANS_DISTRICT,STATE_ROUTE,ROUTE_SUFFIX,POSTMILE_PREFIX,POSTMILE,LOCATION_TYPE,RAMP_INTERSECTION,SIDE_OF_HWY,TOW_AWAY,COLLISION_SEVERITY,NUMBER_KILLED,NUMBER_INJURED,PARTY_COUNT,PRIMARY_COLL_FACTOR,PCF_CODE_OF_VIOL,PCF_VIOL_CATEGORY,PCF_VIOLATION,PCF_VIOL_SUBSECTION,HIT_AND_RUN,TYPE_OF_COLLISION,MVIW,PED_ACTION,ROAD_SURFACE,ROAD_COND_1,ROAD_COND_2,LIGHTING,CONTROL_DEVICE,CHP_ROAD_TYPE,PEDESTRIAN_ACCIDENT,BICYCLE_ACCIDENT,MOTORCYCLE_ACCIDENT,TRUCK_ACCIDENT,NOT_PRIVATE_PROPERTY,ALCOHOL_INVOLVED,STWD_VEHTYPE_AT_FAULT,CHP_VEHTYPE_AT_FAULT,COUNT_SEVERE_INJ,COUNT_VISIBLE_INJ,COUNT_COMPLAINT_PAIN,COUNT_PED_KILLED,COUNT_PED_INJURED,COUNT_BICYCLIST_KILLED,COUNT_BICYCLIST_INJURED,COUNT_MC_KILLED,COUNT_MC_INJURED,PRIMARY_RAMP,SECONDARY_RAMP,LATITUDE,LONGITUDE,COUNTY,CITY,POINT_X,POINT_Y
90698469,2018,2018-04-04,9230,2018-04-01,1855,018459,,7,2,9,2900,0,3,5,,2,070,"BITNEY SPRINGS RD","ROUGH AND READY HWY",1584.00,N,N,A,-,N,,,,,,,,,,Y,2,0,1,1,A,-,03,22350,,N,F,I,A,A,H,-,B,D,0,,,Y,,Y,,C,02,1,0,0,0,0,0,0,0,1,"- ","- ",39.234981536865234,-121.10590362548828,NEVADA,UNINCORPORATED,-121.10688018798828,39.234714508056641
91640663,2021,2021-12-02,9230,2021-11-20,1618,018691,,6,2,9,2900,0,3,5,,2,050,"NORTH BLOOMFIED RD","BERNARD PL",2112.00,N,N,A,-,N,,,,,,,,,,Y,2,0,1,2,A,-,05,21460,A,N,A,C,A,A,H,-,A,D,0,,,,Y,Y,,F,26,1,0,0,0,0,0,0,0,0,"- ","- ",39.281650543212891,-121.01193237304688,NEVADA,UNINCORPORATED,-121.00658416748047,39.285282135009766
9662970,2024,2024-05-02,2908,2024-02-01,"938 ",6744,13,4,5,3,2908,0,0,0,,0,,"SOARING WY","AVIATION WY",15.00,S,N,B,-,N,,,,,,,,,,Y,2,0,1,2,A,-,09,21804,B,N,D,C,A,B,C,-,A,D,0,,,,,Y,,D,22,1,0,0,0,0,0,0,0,0,"- ","- ",39.318679809570312,-120.15087127685547,NEVADA,TRUCKEE,-120.15086364746094,39.318649291992188
90486903,2017,2017-06-26,9230,2017-06-11,2500,017125,,7,4,9,2900,0,1,3,,1,061,SR-49,"HEESCHE AVENUE",11.00,N,N,A,-,Y,,,49,,,,,,,Y,2,0,1,1,A,-,08,22107,,N,E,I,A,A,H,-,D,D,0,,,,,Y,,D,22,1,0,0,0,0,0,0,0,0,"- ","- ",39.361960000000003,-121.11575000000001,NEVADA,UNINCORPORATED,-121.11576642,39.362021740000003
91510095,2021,2021-06-30,9230,2021-06-09,1225,017889,,3,1,9,2900,0,1,3,,1,031,"STATE ROUTE 49 (GOLDEN CHAIN HIGHWAY)","UPWARD WAY",1212.00,N,N,A,-,Y,,,49,,,,,,,Y,2,0,1,1,A,-,08,22107,,N,E,8,A,A,H,-,A,D,0,,,,,Y,,A,07,1,0,0,0,0,0,0,0,0,"- ","- ",39.180648803710938,-121.05319213867188,NEVADA,UNINCORPORATED,-121.05305480957031,39.180625915527344
91268894,2020,2020-07-15,9230,2020-06-27,1015,018459,,6,1,9,2900,0,3,5,,2,030,"GARDEN BAR RD","SURF CITY HWY",24.00,E,N,A,-,N,,,,,,,,,,Y,2,0,1,2,A,-,03,22350,,N,A,C,A,A,H,-,A,D,0,,,Y,,Y,,C,02,1,0,0,0,0,0,0,0,1,"- ","- ",39.059391021728516,-121.14649963378906,NEVADA,UNINCORPORATED,,
91596478,2021,2021-10-14,9222,2021-06-16,2330,017550,,3,3,3,2908,0,1,1,,2,021,"I-80 E/B","CASTLE PEAK UNDER CROSSING",813.00,W,N,A,-,Y,,,,,,,,,,Y,1,1,0,1,A,-,08,22107,,N,E,I,A,A,H,-,D,D,0,,,,,Y,,A,01,0,0,0,0,0,0,0,0,0,"- ","- ",39.337600708007812,-120.35205841064453,NEVADA,TRUCKEE,,
94479270,2024,2024-11-21,9222,2024-11-09,1610,017550,,6,2,9,2900,0,1,1,,2,024,"I-80 W/B",FARAD,5280.00,E,N,A,-,Y,NEV,,80," "," ",30.558,H,,L,Y,2,0,1,1,A,-,01,23152,A,N,F,I,A,A,H,-,A,D,0,,,,,Y,Y,D,22,1,0,0,0,0,0,0,0,0,"- ","- ",39.434619903564453,-120.02732086181641,NEVADA,UNINCORPORATED,-120.02728271484375,39.434581756591797
6823579,2015,2015-03-03,9230,2015-01-20,1735,15030,,2,2,9,2900,0,3,5,,2,030,"DOG BAR RD","WHEELER ACRES RD",186.00,N,N,A,-,N,,,,,,,,,,Y,2,0,1,2,A,-,01,23152,E,N,B,C,A,A,H,-,D,D,0,,,,,Y,,A,01,1,0,0,0,0,0,0,0,0,"- ","- ",39.17013,-121.04552,NEVADA,UNINCORPORATED,-121.04548165,39.170077589999998
9712888,2024,2024-08-13,2908,2024-06-21,"12  ",6781,13,5,5,3,2908,0,0,0,,0,GLENSH,"DORECHESTER DR","WATERLOO CIR",3.15,N,N,A,-,N,,,,,,,,,,Y,2,0,2,2,A,-,01,23153,A,F,A,C,A,A,H,-,C,D,0,,,,,Y,Y,A,01,1,1,0,0,0,0,0,0,0,"- ","- ",39.355930328369141,-120.10536956787109,NEVADA,TRUCKEE,-120.10546875,39.355884552001953
90963229,2019,2019-04-10,9230,2019-03-21,2050,016258,,4,2,9,2900,0,1,3,,1,031,SR-49,"OAK DRIVE",1148.00,N,N,A,-,Y,,,49,,,,,,,Y,1,1,1,1,A,-,08,22107,,N,E,I,A,A,H,-,D,D,0,,,,,Y,,A,01,0,1,0,0,0,0,0,0,0,"- ","- ",39.108211517333984,-121.08480072021484,NEVADA,UNINCORPORATED,-121.08481597900391,39.108219146728516
91472326,2021,2021-05-27,9230,2021-05-06,2235,020059,,4,3,9,2900,0,1,3,,1,061,"STATE ROUTE 49","READER RANCH ROAD",1500.00,S,N,A,-,Y,,,49,,,,,,,Y,2,0,1,1,A,-,01,23152,A,N,E,I,A,A,H,-,D,D,0,,,,,Y,Y,A,01,1,0,0,0,0,0,0,0,0,"- ","- ",39.302009582519531,-121.10897064208984,NEVADA,UNINCORPORATED,-121.10897064208984,39.302009582519531
92142290,2023,2023-08-14,9230,2023-07-16,"915 ",018107,,7,1,9,2900,0,3,5,,2,070,"SPENCEVILLE RD","FARADAY CT",30.00,E,N,A,-,N,,,,,,,,,,N,2,0,1,1,A,-,03,22350,,N,F,A,A,A,H,-,A,D,0,,,Y,,Y,,C,02,1,0,0,0,0,0,0,0,1,"- ","- ",39.184379577636719,-121.18743896484375,NEVADA,UNINCORPORATED,-121.18751525878906,39.184097290039062
90748218,2018,2018-08-20,9230,2018-04-17,1821,018107,,2,2,9,2900,0,3,5,,2,030,"DOG BAR RD","NORVIN WAY",355.00,N,N,A,-,N,,,,,,,,,,Y,1,1,0,1,A,-,01,23152,A,N,E,I,A,A,H,-,A,A,0,,,,,Y,Y,A,07,0,0,0,0,0,0,0,0,0,"- ","- ",39.130130767822266,-121.01860046386719,NEVADA,UNINCORPORATED,-121.01872253417969,39.130584716796875
90841271,2018,2018-10-22,9222,2018-10-14,0610,019294,,7,1,9,2900,0,1,1,,2,024,"INTERSTATE 80 E/B","HIRSCHDALE ROAD",4752.00,E,N,A,-,Y,,,80,,,,,,E,Y,2,0,2,1,A,-,01,23152,A,N,E,I,A,A,H,-,C,D,0,,,,,Y,Y,A,01,2,0,0,0,0,0,0,0,0,"- ","- ",39.375499725341797,-120.06867218017578,NEVADA,UNINCORPORATED,-120.06875610351562,39.375297546386719
91203234,2020,2020-03-06,9230,2020-02-28,2020,020013,,5,2,9,2900,0,1,3,,1,051,"SR-20 E/B","CASCI RD",1056.00,W,N,A,-,Y,,,20,,,,,,E,Y,2,0,2,1,A,-,08,22107,,N,E,I,A,A,H,-,D,D,0,,,,,Y,,A,01,1,1,0,0,0,0,0,0,0,"- ","- ",39.317001342773438,-120.89219665527344,NEVADA,UNINCORPORATED,-120.89225006103516,39.317131042480469
91651590,2021,2021-12-14,9230,2021-12-10,2330,020013,,5,3,9,2900,0,1,3,,1,061,"SR-49 N/B","S. YUBA RIVER",1300.00,N,N,A,-,Y,,,49,,,,,,N,Y,2,0,2,1,A,-,01,23152,A,N,E,I,A,A,H,-,D,D,0,,,,,Y,Y,A,08,1,1,0,0,0,0,0,0,0,"- ","- ",39.297119140625,-121.09410095214844,NEVADA,UNINCORPORATED,-121.09410858154297,39.297176361083984
9696818,2024,2024-05-06,2908,2024-03-25,2235,6554,13,1,5,3,2908,0,0,0,,0,GLENSH,"GLENSHIRE DR","OLYMPIC BL",183.00,E,N,A,-,N,,,,,,,,,,Y,2,0,1,1,A,-,01,23152,G,N,F,J,A,A,H,-,D,D,0,,,,,Y,,-,,1,0,0,0,0,0,0,0,0,"- ","- ",39.333980560302734,-120.15718841552734,NEVADA,TRUCKEE,-120.15716552734375,39.333934783935547
90101750,2015,2016-01-25,9230,2015-12-11,0940,012882,,5,1,9,2900,0,3,5,,2,030,"WOLF RD.",SR-49,1848.00,W,N,B,-,N,,,,,,,,,,Y,1,1,0,1,A,-,08,22107,,N,F,A,A,B,H,-,A,A,0,,,,,Y,,A,07,0,0,0,0,0,0,0,0,0,"- ","- ",39.043289999999999,-121.1003,NEVADA,UNINCORPORATED,-121.10037111,39.043321110000001
90509922,2017,2017-07-27,9230,2017-07-22,1055,012882,,6,1,9,2900,0,1,3,,1,051,SR-20,"LOWELL HILL RD.",340.00,W,N,A,-,Y,,,20,,,,,,,Y,2,0,1,1,A,-,08,22107,,N,F,A,A,A,H,-,A,A,0,,,,,Y,,A,07,1,0,0,0,0,0,0,0,0,"- ","- ",39.309100000000001,-120.71875,NEVADA,UNINCORPORATED,-120.71853074000001,39.309148970000003
90898337,2018,2019-09-26,9230,2018-08-06,1701,018698,,1,2,9,2900,0,1,3,,1,051,SR-20,"CHALK BLUFF RD",165.00,E,N,A,-,Y,,,20,,,,,,,Y,1,1,0,1,A,-,08,22107,,N,E,I,A,A,H,-,A,D,0,,,,,Y,,M,47,0,0,0,0,0,0,0,0,0,"- ","- ",39.308071136474609,-120.7625732421875,NEVADA,UNINCORPORATED,-120.7625732421875,39.30810546875
91458762,2021,2021-05-27,9230,2021-04-24,1921,020411,,6,2,9,2900,0,3,5,,2,040,"GREENHORN ROAD","DOGWOOD ROAD",180.00,W,N,B,-,N,,,,,,,,,,Y,2,0,1,1,A,-,01,23152,A,N,E,I,A,A,H,-,B,D,0,,,,,Y,Y,A,01,1,0,0,0,0,0,0,0,0,"- ","- ",39.212070465087891,-120.98905181884766,NEVADA,UNINCORPORATED,-120.98851013183594,39.212261199951172
92427149,2024,2024-07-01,9230,2024-04-21,"207 ",020447,,7,3,9,2900,0,1,3,,1,031,"STATE ROUTE 49","OAK DRIVE",335.00,N,N,A,-,Y,NEV,,49," "," ",6.639,H,,R,Y,1,1,1,1,A,-,01,23152,A,N,E,8,A,A,H,-,D,D,0,,,,,Y,Y,A,01,1,0,0,0,0,0,0,0,0,"- ","- ",39.105758666992188,-121.08521270751953,NEVADA,UNINCORPORATED,-121.08531951904297,39.105766296386719
90562621,2017,2017-10-04,9230,2017-05-04,1044,013245,,4,1,9,2900,0,1,3,,1,051,"STATE ROUTE 20 (GOLDEN CENTER FREEWAY)","GOLD FLAT RD. OVERCROSS",177.00,E,N,A,-,Y,,,20,,,,,,,Y,1,1,0,1,A,-,08,22107,,N,E,I,A,A,H,-,A,D,0,,,,,Y,,A,07,0,0,0,0,0,0,0,0,0,"- ","- ",39.247700000000002,-121.0249,NEVADA,UNINCORPORATED,-121.0249441,39.247730789999999
91018043,2019,2019-06-26,9230,2019-06-22,1340,016665,,6,1,9,2900,0,1,3,,1,061,"SR-49 S/B","NISHINAM GULCH RD",3490.00,N,N,A,-,Y,,,49,,,,,,S,Y,2,0,1,1,A,-,08,22107,,N,E,I,A,A,H,-,A,D,0,,,Y,,Y,,C,02,1,0,0,0,0,0,0,0,1,"- ","- ",39.288009643554688,-121.10135650634766,NEVADA,UNINCORPORATED,-121.10132598876953,39.288005828857422
92050301,2023,2024-01-31,9230,2023-04-15,2102,020425,,6,2,9,2900,0,3,5,,2,070,"OAK CANYON DRIVE","DEL BONITA WAY",5.00,E,N,A,-,N,,,,,,,,,,N,2,0,1,1,A,-,08,22107,,N,F,A,A,A,H,-,D,D,0,,,Y,,Y,,C,02,1,0,0,0,0,0,0,0,1,"- ","- ",39.200180053710938,-121.22483825683594,NEVADA,UNINCORPORATED,-121.22483062744141,39.20013427734375
8022746,2016,2016-04-20,2901,2016-04-15,2330,BLA03,22,5,5,2,2901,0,0,0,,0,022,"COLFAX AV","CENTRAL AV",0.00,,Y,A,-,N,,,,,,,,,,Y,2,0,2,2,A,-,01,23153,,N,D,C,A,A,H,-,C,A,0,,,,,Y,Y,A,01,1,0,1,0,0,0,0,0,0,"- ","- ",,,NEVADA,"GRASS VALLEY",-121.05551994,39.215759980000001
90665067,2018,2018-02-20,9230,2018-02-13,0700,013903,,2,1,9,2900,0,3,5,,2,080,"CLEVELAND AVE","SPRING ST.",0.00,,Y,A,-,N,,,,,,,,,,N,2,0,1,1,C,-,18,,,N,H,A,A,A,H,-,A,A,0,,,,,Y,,-,"- ",1,0,0,0,0,0,0,0,0,"- ","- ",39.451999664306641,-121.05120086669922,NEVADA,UNINCORPORATED,-121.049961,39.452033999999998
90938401,2019,2019-03-13,9230,2019-01-01,0430,020411,,2,3,9,2900,0,1,3,,1,051,"STATE ROUTE 20","CELIO ROAD",224.00,E,N,A,-,Y,,,20,,,,,,,Y,1,1,1,1,A,-,08,22107,,N,E,I,A,A,H,-,D,D,0,,,,,Y,,A,07,0,0,1,0,0,0,0,0,0,"- ","- ",39.276969909667969,-121.00287628173828,NEVADA,UNINCORPORATED,-121.00285339355469,39.276935577392578
91352940,2020,2020-11-24,9230,2020-11-21,1840,020059,,6,2,9,2900,0,1,3,,1,061,"STATE ROUTE 49","NISHINAM GULCH RD",450.00,N,N,A,-,Y,,,49,,,,,,,N,2,0,1,1,A,-,08,22107,,N,E,I,A,A,H,-,D,D,0,,,Y,,Y,,C,02,1,0,0,0,0,0,0,0,1,"- ","- ",39.279888153076172,-121.10002899169922,NEVADA,UNINCORPORATED,-121.09999847412109,39.279918670654297
91924591,2022,2022-11-22,9230,2022-11-11,2005,018691,,5,2,9,2900,0,1,3,,1,041,SR-174,"GREENHORN ACESS ROAD",300.00,N,N,A,-,Y,NEV,,174,,,3.461,H,,R,Y,2,0,1,2,A,-,01,23152,A,N,E,I,A,A,H,-,D,D,0,,,,,Y,Y,D,22,1,0,0,0,0,0,0,0,0,"- ","- ",39.176868438720703,-120.97567749023438,NEVADA,UNINCORPORATED,-120.97569274902344,39.176868438720703
94530042,2024,2025-01-08,9230,2024-12-29,1638,019940,,7,2,9,2900,0,2,4,,2,073,"ROUGH AND READY HWY","BROWN STONE ST",0.00,,Y,B,-,N,,,,,,,,,,Y,2,0,2,2,A,-,09,21804,A,N,D,C,A,B,H,-,D,A,0,,,,,Y,,A,01,1,1,0,0,0,0,0,0,0,"- ","- ",39.231170654296875,-121.10700225830078,NEVADA,UNINCORPORATED,-121.10701751708984,39.231235504150391
94537742,2025,2025-01-14,9230,2025-01-11,1745,020059,,6,2,9,2900,0,1,3,,1,041,"STATE ROUTE 174","DALMATIAN DRIVE",70.00,N,N,B,-,Y,NEV,,174," "," ",4.306,H,,R,Y,2,0,1,2,A,-,05,21460,A,N,D,C,A,A,H,-,D,D,0,,,Y,,Y,Y,A,01,1,0,0,0,0,0,0,0,1,"- ","- ",39.187431335449219,-120.97251129150391,NEVADA,UNINCORPORATED,-120.97254180908203,39.187423706054688
9350215,2021,2021-11-12,2908,2021-10-06,0725,6170,2908,3,5,3,2908,0,0,0,,0,011,"NORTHWOODS BL","CEDAR TRL",5.00,N,N,B,-,N,,,,,,,,,,N,2,0,1,1,C,-,18,,,N,H,A,A,A,A,C,A,D,0,,Y,,,Y,,-,"- ",1,0,0,0,0,0,1,0,0,"- ","- ",,,NEVADA,TRUCKEE,-120.21533203125,39.332839965820312
90102264,2016,2016-01-26,9230,2016-01-21,0230,016588,,4,3,9,2900,0,1,3,,1,061,SR-49,"SOUTH YUBA RIVER BRIDGE",480.00,N,N,B,-,Y,,,49,,,,,,,Y,2,0,2,1,A,-,01,23152,A,N,E,I,A,A,H,-,D,D,0,,,,,Y,Y,D,22,1,1,0,0,0,0,0,0,0,"- ","- ",39.297469999999997,-121.09307,NEVADA,UNINCORPORATED,-121.09304259,39.297394420000003
92010339,2022,2023-03-06,9230,2022-08-07,2500,020059,,7,4,9,2900,0,1,3,,1,071,"STATE ROUTE 20","POKER FLAT ROAD",658.00,W,N,A,-,Y,NEV,,20,,,2.863,H,,R,Y,1,2,0,1,A,-,08,22107,,N,F,A,A,A,H,-,D,D,0,,,,,Y,,A,07,0,0,0,0,0,0,0,0,0,"- ","- ",39.203788757324219,-121.23110961914062,NEVADA,UNINCORPORATED,-121.23106384277344,39.203853607177734
92376315,2024,2024-05-06,9230,2024-04-24,2300,020308,,3,3,9,2900,0,1,3,,1,051,"SR-20 E/B","CONSERVATION RD",1948.00,E,N,A,-,Y,NEV,,20," "," ",26.189,H,,R,N,2,0,1,2,A,-,01,23152,A,N,A,C,A,A,H,-,D,D,0,,,,,Y,Y,A,01,1,0,0,0,0,0,0,0,0,"- ","- ",39.313331604003906,-120.90537261962891,NEVADA,UNINCORPORATED,-120.90537261962891,39.313331604003906
92409238,2024,2024-06-07,9230,2024-06-02,2024,020107,,7,2,9,2900,0,3,5,,2,030,"LIME KILN ROAD","DUGGANS ROAD",1158.00,E,N,A,-,N,,,,,,,,,,Y,2,0,1,1,A,-,08,22107,,N,E,9,A,A,H,-,D,D,0,,,,,Y,,A,01,1,0,0,0,0,0,0,0,0,"- ","- ",39.091678619384766,-121.11418151855469,NEVADA,UNINCORPORATED,-121.11428070068359,39.091567993164062
6403737,2014,2015-11-14,9222,2014-02-07,1500,018315,,5,2,9,2900,0,1,1,,2,022,"RT 80","CASTLE PEAK RD",5280.00,E,N,D,-,Y,NEV,3,80,-,R,6.190,H,-,W,Y,2,0,2,1,A,-,03,22350,,N,E,I,A,C,H,-,A,A,1,,,,,Y,,A,07,1,0,1,0,0,0,0,0,0,"- ","- ",,,NEVADA,UNINCORPORATED,-120.39822703,39.324100090000002
6482949,2014,2016-03-28,9230,2014-04-20,0820,018098,,7,1,9,2900,0,1,3,,1,061,"RT 49","RUSH CREEK WY",100.00,N,N,A,-,Y,NEV,3,49,-,-,18.980,H,-,S,Y,2,0,1,1,C,-,18,,,N,E,H,A,A,H,-,A,D,0,,,Y,,Y,,-,"- ",1,0,0,0,0,0,0,0,1,"- ","- ",39.274979999999999,-121.08020999999999,NEVADA,UNINCORPORATED,-121.0801733,39.275008749999998
6558671,2014,2014-08-25,9230,2014-07-11,1745,012882,,5,2,9,2900,0,3,5,,2,030,"AUBURN RD","HIDDEN VALLEY RD",255.00,S,N,A,-,N,,,,,,,,,,N,2,0,1,1,A,-,08,22107,,N,F,A,A,A,H,-,A,A,0,,,Y,,Y,,C,02,1,0,0,0,0,0,0,0,1,"- ","- ",39.176290000000002,-121.08429,NEVADA,UNINCORPORATED,-121.08421013,39.176145560000002
6649123,2014,2014-10-15,9222,2014-09-14,1410,015908,,7,2,9,2900,0,3,5,,2,020,"STAMPEDE MEADOWS RD","RT 80",1584.00,N,N,A,-,N,,,,,,,,,,N,2,0,1,1,A,-,08,22107,,N,F,A,A,A,H,-,A,D,0,,,Y,,Y,,C,02,1,0,0,0,0,0,0,0,1,"- ","- ",39.4285,-120.08358,NEVADA,UNINCORPORATED,-120.08834124000001,39.385057889999999
90233502,2016,2016-07-29,9230,2016-07-15,2100,018057,,5,2,9,2900,0,1,3,,1,061,SR-49,"TYLER FOOTE RD",0.00,,Y,A,-,Y,,,49,,,,,,,N,2,0,1,2,A,-,09,21801,A,N,D,C,A,A,H,-,D,D,0,,,Y,,Y,,A,01,1,0,0,0,0,0,0,0,1,"- ","- ",39.328659999999999,-121.11114999999999,NEVADA,UNINCORPORATED,-121.11116121000001,39.328651489999999
91454882,2021,2021-04-21,9222,2021-04-11,0144,019294,,7,3,9,2900,0,1,1,,2,024,"INTERSTATE 80 W/B","FLORISTON ROAD",2112.00,E,N,A,-,Y,,,80,,,,,,W,Y,2,0,3,1,A,-,01,23152,A,N,E,I,A,A,H,-,D,D,0,,,,,Y,Y,A,01,2,1,0,0,0,0,0,0,0,"- ","- ",39.400421142578125,-120.022216796875,NEVADA,UNINCORPORATED,-120.02230834960938,39.400398254394531
94516735,2024,2024-12-26,9222,2024-04-14,"722 ",019294,,7,1,9,2900,0,1,1,,2,024,"W/B INTERSTATE 80",FARAD,6178.00,E,N,A,-,Y,NEV,,80," "," ",30.700,H,,R,Y,2,0,1,1,A,-,08,22107,,N,E,I,A,A,H,-,A,D,0,,,,,Y,,A,01,1,0,0,0,0,0,0,0,0,"- ","- ",39.436000823974609,-120.02530670166016,NEVADA,UNINCORPORATED,-120.025146484375,39.435855865478516
6475281,2014,2016-03-28,9230,2014-04-09,1600,014320,,3,2,9,2900,0,1,3,,2,032,"RT 20","SACRAMENTO ST",1584.00,W,N,A,-,Y,NEV,3,20,-,R,16.440,H,-,W,Y,2,0,1,1,A,-,03,22350,,N,F,A,A,A,H,-,A,D,1,,,Y,,Y,,C,02,1,0,0,0,0,0,0,0,1,"- ","- ",39.254260000000002,-121.02067,NEVADA,UNINCORPORATED,-121.02036522,39.254681580000003
90855552,2018,2018-11-07,9221,2018-08-09,1140,014763,,4,1,9,2900,0,3,5,,2,060,"FORDYCE CREEK TRAIL","FORDYCE LAKE ROAD",5280.00,W,N,A,-,N,,,,,,,,,,Y,1,1,0,1,B,-,22,,,N,F,A,A,A,A,C,A,D,0,,,,,Y,,A,07,0,0,0,0,0,0,0,0,0,"- ","- ",39.369819641113281,-120.50977325439453,NEVADA,UNINCORPORATED,,
91575842,2021,2021-09-21,9222,2021-09-11,0020,018624,,6,3,9,2900,0,1,1,,2,022,"WESTBOUND I-80","DONNER REST AREA",11616.00,E,N,A,-,Y,,,,,,,,,,Y,2,0,1,1,A,-,08,22107,,N,E,J,A,A,H,-,D,D,0,,,,,Y,,A,07,1,0,0,0,0,0,0,0,0,"- ","- ",39.198581695556641,-120.18170928955078,NEVADA,UNINCORPORATED,,
91747959,2022,2022-04-14,9230,2022-04-08,1928,020411,,5,2,9,2900,0,3,5,,2,030,"GARDEN BAR ROAD","SURF CITY HIGHWAY",76.00,E,N,A,-,N,,,,,,,,,,N,2,0,2,1,C,-,18,,,N,H,H,A,A,H,-,B,D,0,,,Y,,Y,,-,"- ",1,1,0,0,0,0,0,0,2,"- ","- ",39.059268951416016,-121.14600372314453,NEVADA,UNINCORPORATED,-121.14632415771484,39.059337615966797
92311493,2024,2024-02-12,9230,2024-02-04,1902,019940,,7,2,9,2900,0,1,3,,1,061,SR-49,"SWEETLAND RD",1215.00,N,N,C,G,Y,NEV,,49," "," ",28.201,H,,R,Y,2,0,1,1,A,-,03,22350,,N,E,I,A,B,C,-,D,A,0,,,,,Y,,D,22,1,0,0,0,0,0,0,0,0,"- ","- ",39.352638244628906,-121.12297821044922,NEVADA,UNINCORPORATED,-121.12299346923828,39.352642059326172
92382958,2024,2024-05-06,9230,2024-05-03,1800,020059,,5,2,9,2900,0,1,3,,1,041,"STATE ROUTE 174","HARVEST HILL RD",75.00,S,N,A,-,Y,NEV,,174," "," ",6.548,H,,R,Y,2,0,1,1,A,-,03,22350,,N,F,0,A,A,H,-,A,D,0,,,Y,,Y,Y,C,02,1,0,0,0,0,0,0,0,1,"- ","- ",39.194038391113281,-121.00993347167969,NEVADA,UNINCORPORATED,-121.00988006591797,39.194072723388672
90199165,2016,2016-06-10,9230,2016-05-21,1440,017889,,6,2,9,2900,0,1,3,,1,031,SR-49,"CAMEO DR",1362.00,N,N,B,-,Y,,,49,,,,,,,Y,2,0,8,3,A,-,06,21755,,N,B,C,A,A,H,-,A,D,0,,,,,Y,,D,22,6,2,0,0,0,0,0,0,0,"- ","- ",39.054130000000001,-121.09323999999999,NEVADA,UNINCORPORATED,-121.09332486,39.054142970000001
92117052,2023,2023-07-14,9221,2023-07-03,1605,018530,,1,2,3,2908,0,1,1,,2,387,"I-80 EASTBOUND",SR20,528.00,W,N,A,-,Y,,,,,,,,,,N,2,0,1,1,A,-,01,23152,,M,E,I,A,A,H,-,A,A,0,,,,,Y,Y,A,07,1,0,0,0,0,0,0,0,0,"- ","- ",39.325618743896484,-120.59890747070312,NEVADA,TRUCKEE,-120.60408020019531,39.32208251953125
94469563,2024,2024-11-14,9230,2024-11-06,1905,017539,,3,2,9,2900,0,3,5,,2,030,"KAREN DRIVE","PATRICIA WAY",0.00,,Y,A,-,N,,,,,,,,,,Y,2,0,2,2,A,-,12,22450,A,N,D,C,A,A,H,-,D,A,0,,,,,Y,,D,22,1,0,1,0,0,0,0,0,0,"- ","- ",39.109111785888672,-121.06590270996094,NEVADA,UNINCORPORATED,,
90925632,2018,2019-02-20,9230,2018-10-06,1435,017889,,6,2,9,2900,0,1,3,,1,041,"STATE ROUTE 174 (COLFAX HIGHWAY)","LAKEWOOD LANE",0.00,,Y,A,-,Y,,,174,,,,,,,Y,1,1,1,2,A,-,01,23152,F,N,A,C,A,A,H,-,A,D,0,,,Y,,Y,,C,02,0,1,0,0,0,0,0,1,0,"- ","- ",39.162418365478516,-120.96829986572266,NEVADA,UNINCORPORATED,-120.96842956542969,39.162441253662109