CASE_ID,ACCIDENT_YEAR,PROC_DATE,JURIS,COLLISION_DATE,COLLISION_TIME,OFFICER_ID,REPORTING_DISTRICT,DAY_OF_WEEK,CHP_SHIFT,POPULATION,CNTY_CITY_LOC,SPECIAL_COND,BEAT_TYPE,CHP_BEAT_TYPE,CITY_DIVISION_LAPD,CHP_BEAT_CLASS,BEAT_NUMBER,PRIMARY_RD,SECONDARY_RD,DISTANCE,DIRECTION,INTERSECTION,WEATHER_1,WEATHER_2,STATE_HWY_IND,CALTRANS_COUNTY,CALTRANS_DISTRICT,STATE_ROUTE,ROUTE_SUFFIX,POSTMILE_PREFIX,POSTMILE,LOCATION_TYPE,RAMP_INTERSECTION,SIDE_OF_HWY,TOW_AWAY,COLLISION_SEVERITY,NUMBER_KILLED,NUMBER_INJURED,PARTY_COUNT,PRIMARY_COLL_FACTOR,PCF_CODE_OF_VIOL,PCF_VIOL_CATEGORY,PCF_VIOLATION,PCF_VIOL_SUBSECTION,HIT_AND_RUN,TYPE_OF_COLLISION,MVIW,PED_ACTION,ROAD_SURFACE,ROAD_COND_1,ROAD_COND_2,LIGHTING,CONTROL_DEVICE,CHP_ROAD_TYPE,PEDESTRIAN_ACCIDENT,BICYCLE_ACCIDENT,MOTORCYCLE_ACCIDENT,TRUCK_ACCIDENT,NOT_PRIVATE_PROPERTY,ALCOHOL_INVOLVED,STWD_VEHTYPE_AT_FAULT,CHP_VEHTYPE_AT_FAULT,COUNT_SEVERE_INJ,COUNT_VISIBLE_INJ,COUNT_COMPLAINT_PAIN,COUNT_PED_KILLED,COUNT_PED_INJURED,COUNT_BICYCLIST_KILLED,COUNT_BICYCLIST_INJURED,COUNT_MC_KILLED,COUNT_MC_INJURED,PRIMARY_RAMP,SECONDARY_RAMP,LATITUDE,LONGITUDE,COUNTY,CITY,POINT_X,POINT_Y
90805083,2018,2018-09-04,9221,2018-09-01,1933,017979,,6,2,9,2900,0,1,1,,2,387,"I-80 W/B",SR-20,5280.00,E,N,A,-,Y,,,80,,,,,,W,Y,2,0,1,1,A,-,01,23152,A,N,E,I,A,A,H,-,B,D,0,,,,,Y,Y,A,01,1,0,0,0,0,0,0,0,0,"- ","- ",39.331001281738281,-120.58789825439453,NEVADA,UNINCORPORATED,-120.587890625,39.330944061279297
8904559,2019,2019-09-09,2901,2019-07-27,1634,ROB01,21,6,5,2,2901,0,0,0,,0,021,"CHURCH ST","CHURCH ST 205",0.00,,-,A,-,N,,,,,,,,,,Y,2,0,1,2,A,-,03,22350,,N,G,B,D,A,H,-,A,D,0,Y,,,,Y,Y,A,01,1,0,0,0,1,0,0,0,0,"- ","- ",,,NEVADA,"GRASS VALLEY",-121.06415699999999,39.217486000000001
90456585,2017,2017-05-16,9230,2017-05-15,1700,020411,,1,2,9,2900,0,3,5,,2,060,"PURDON RD","B 4 RANCH RD",4224.00,N,N,A,-,N,,,,,,,,,,N,2,0,1,2,A,-,05,21650,,N,A,G,A,A,H,-,A,D,0,,Y,,,Y,,L,04,1,0,0,0,0,0,1,0,0,"- ","- ",39.316270000000003,-121.04485,NEVADA,UNINCORPORATED,-121.02983503999999,39.30820946
90591131,2017,2017-11-09,9230,2017-10-13,2350,017935,,5,3,9,2900,0,1,3,,1,051,SR-20,"SHAKE HILL RD",1056.00,E,N,A,-,Y,,,20,,,,,,,Y,2,0,1,1,A,-,08,22107,,N,E,I,A,A,H,-,D,D,0,,,,,Y,,D,22,1,0,0,0,0,0,0,0,0,"- ","- ",39.319330000000001,-120.7927,NEVADA,UNINCORPORATED,-120.79274837,39.31938693
94698825,2025,2025-05-23,9222,2025-05-17,"606 ",019781,,6,1,9,2900,0,1,1,,2,021,"I-80 W/B","KIINGVALE EXIT",2112.00,E,N,B,-,Y,PLA,,80," "," ",69.764,H,,L,Y,2,0,1,1,A,-,08,22107,,N,E,I,A,A,H,-,A,D,0,,,,,Y,,D,22,1,0,0,0,0,0,0,0,0,"- ","- ",39.316120147705078,-120.43734741210938,NEVADA,UNINCORPORATED,-120.43736267089844,39.316150665283203
9656556,2023,2024-03-01,2908,2023-12-01,2214,6594,13,5,5,3,2908,0,0,0,,0,,"RT 267","SOARING WY",758.00,E,N,B,-,Y,NEV,3,267,-,M,1.560,H,-,E,Y,2,0,3,2,A,-,01,23152,B,N,A,C,A,B,H,-,D,D,0,,,,,Y,Y,A,01,1,1,1,0,0,0,0,0,0,"- ","- ",,,NEVADA,TRUCKEE,-120.15573120117188,39.318439483642578
91553766,2021,2021-08-25,9230,2021-06-04,1650,020013,,5,2,9,2900,0,3,5,,2,030,"STATE ROUTE 49 S/B","MCKNIGHT WAY",2640.00,S,N,A,-,Y,,,49,,,,,,S,Y,1,1,1,2,A,-,09,21804,A,N,D,C,A,A,H,-,A,D,0,,,,,Y,,A,01,0,1,0,0,0,0,0,0,0,"- ","- ",39.193809509277344,-121.05416107177734,NEVADA,UNINCORPORATED,-121.05408477783203,39.193855285644531
91005682,2019,2019-06-07,9230,2019-06-05,1250,014289,,3,1,9,2900,0,1,3,,1,041,"STATE HIGHWAY 174","ORCHARD SPRINGS ROAD",0.00,,N,A,-,Y,,,174,,,,,,,N,2,0,1,2,A,-,03,22350,,N,C,C,A,A,H,-,A,D,0,,,Y,,Y,,C,02,1,0,0,0,0,0,0,0,1,"- ","- ",39.153438568115234,-120.96675872802734,NEVADA,UNINCORPORATED,-120.96666717529297,39.153438568115234
91810072,2022,2022-07-05,9230,2022-06-27,1915,020059,,1,2,9,2900,0,1,3,,1,031,"STATE ROUTE 49","LIME KILN ROAD",0.00,,Y,A,-,Y,NEV,,49,,,7.178,H,,R,Y,2,0,1,2,A,-,12,21453,A,N,A,C,A,A,H,-,A,A,0,,,,Y,Y,,F,55,1,0,0,0,0,0,0,0,0,"- ","- ",39.112968444824219,-121.08219146728516,NEVADA,UNINCORPORATED,-121.08226013183594,39.112987518310547
92108829,2023,2023-07-03,9222,2023-06-27,2030,019781,,2,2,9,2900,0,2,S,,2,904,"STAMPEDE MEADOWS RD","BOYINGTON MILL CAMPGROUND",1056.00,N,N,A,-,N,,,,,,,,,,Y,2,0,5,1,A,-,03,22350,,N,E,I,A,A,H,-,A,D,0,,,,,Y,Y,-,"- ",4,1,0,0,0,0,0,0,0,"- ","- ",39.438499450683594,-120.09181976318359,NEVADA,UNINCORPORATED,,
6589948,2014,2014-08-25,9230,2014-07-31,1730,16665,,4,2,9,2900,0,3,5,,2,060,"PLEASANT VALLEY RD","SWEETLAND RD",926.00,W,N,A,-,N,,,,,,,,,,Y,2,0,1,1,A,-,01,23152,A,N,E,I,A,A,H,-,A,D,0,,,Y,,Y,Y,C,02,1,0,0,0,0,0,0,0,1,"- ","- ",39.343089999999997,-121.12685,NEVADA,UNINCORPORATED,-121.12705317,39.342938410000002
90215293,2016,2016-07-04,9230,2016-06-18,0930,012882,,6,1,9,2900,0,1,3,,1,051,SR-20,"SCOTTS FLAT ROAD",275.00,E,N,B,-,Y,,,20,,,,,,,Y,1,1,0,3,A,-,04,21703,,N,C,C,A,A,H,-,A,D,0,,,Y,,Y,,C,02,0,0,0,0,0,0,0,1,0,"- ","- ",39.286740000000002,-120.94483,NEVADA,UNINCORPORATED,-120.94482501,39.286714510000003
91422419,2021,2021-03-08,9230,2021-03-05,1010,018107,,5,1,9,2900,0,3,5,,2,070,"PLEASANT VALLEY ROAD","BUTTERMILK BEND ROAD",219.00,S,N,A,-,N,,,,,,,,,,Y,2,0,1,1,A,-,08,22107,,N,F,A,A,A,H,-,A,D,0,,,Y,,Y,,C,02,1,0,0,0,0,0,0,0,1,"- ","- ",39.301681518554688,-121.17851257324219,NEVADA,UNINCORPORATED,-121.17871856689453,39.301700592041016
91820673,2022,2022-07-19,9230,2022-07-15,0747,018771,,5,1,9,2900,0,3,5,,2,070,"MOONEY FLAT RD","PLEASANT VALLEY RD",2112.00,W,N,A,-,N,,,,,,,,,,N,2,0,1,2,A,-,08,22107,,N,A,G,A,A,H,-,A,A,0,,Y,,,Y,,A,01,1,0,0,0,0,0,1,0,0,"- ","- ",39.233829498291016,-121.22477722167969,NEVADA,UNINCORPORATED,-121.22361755371094,39.234115600585938
92401258,2024,2024-05-29,9230,2024-05-01,1730,020107,,3,2,9,2900,0,1,3,,1,031,SR-49,"GAUTIER DR",690.00,N,N,A,-,Y,NEV,,49," "," ",0.875,H,,R,Y,2,0,3,3,A,-,08,22107,,N,E,8,A,A,H,-,A,D,0,,,,,Y,,D,22,1,2,0,0,0,0,0,0,0,"- ","- ",39.023910522460938,-121.09938812255859,NEVADA,UNINCORPORATED,-121.09920501708984,39.023895263671875
6871013,2015,2016-09-02,9230,2015-02-15,0230,016868,,7,3,9,2900,0,3,5,,2,030,"CHERRY CREEK RD","RT 49",239.00,E,N,A,-,Y,NEV,3,49,-,-,5.795,I,6,N,Y,2,0,2,1,A,-,01,23152,A,N,E,I,A,A,H,-,C,D,0,,,,,Y,Y,D,22,1,1,0,0,0,0,0,0,0,"- ","- ",39.093589999999999,-121.08476,NEVADA,UNINCORPORATED,-121.08566852,39.093609899999997
8639216,2018,2018-08-16,2908,2018-04-22,1702,6159,13,7,5,3,2908,0,0,0,,0,ARPRTT,"RT 267","AUTUMN WY",335.00,W,N,A,-,Y,NEV,3,267,-,M,1.690,H,-,W,Y,2,0,3,2,A,-,05,21460,A,N,A,C,A,A,H,-,A,D,0,,,,,Y,,A,01,2,0,1,0,0,0,0,0,0,"- ","- ",,,NEVADA,TRUCKEE,-120.15397644042969,39.317165374755859
90791819,2018,2018-08-16,9230,2018-07-03,1846,015911,,2,2,9,2900,0,1,3,,1,051,"STATE ROUTE 20","CHALK BLUFF ROAD",1174.00,W,N,A,-,Y,,,20,,,,,,,Y,1,1,2,2,A,-,05,21460,A,N,A,C,A,A,H,-,A,D,0,,,,,Y,,A,01,1,1,0,0,0,0,0,0,0,"- ","- ",39.309261322021484,-120.76629638671875,NEVADA,UNINCORPORATED,-120.76630401611328,39.309257507324219
91510086,2021,2021-06-30,9230,2021-06-20,1350,020107,,7,1,9,2900,0,1,3,,1,061,SR-49,"SWEETLAND ROAD",253.00,S,N,A,-,Y,,,49,,,,,,,Y,2,0,1,2,A,-,09,21801,A,N,D,C,A,A,H,-,A,D,0,,,Y,,Y,,A,01,1,0,0,0,0,0,0,0,1,"- ","- ",39.368461608886719,-121.10724639892578,NEVADA,UNINCORPORATED,-121.10727691650391,39.368484497070312
91634873,2021,2021-11-24,9230,2021-11-11,1030,018098,,4,1,9,2900,0,1,3,,1,041,SR-174,"MARK DR",108.00,N,N,A,-,Y,,,174,,,,,,,Y,2,0,4,1,A,-,08,22107,,N,E,I,A,A,H,-,A,D,0,,,,,Y,,D,22,3,1,0,0,0,0,0,0,0,"- ","- ",39.206920623779297,-121.04077911376953,NEVADA,UNINCORPORATED,-121.04078674316406,39.206893920898438
91886529,2022,2022-10-10,9230,2022-06-13,1950,020013,,1,2,9,2900,0,3,5,,2,030,"ALLISON RANCH ROAD (12000 BLOCK)","MOTE LANE",282.00,S,N,A,-,N,,,,,,,,,,N,1,1,0,1,A,-,01,23152,A,N,E,I,A,A,H,-,A,D,0,,,Y,,Y,Y,C,02,0,0,0,0,0,0,0,1,0,"- ","- ",39.188369750976562,-121.06561279296875,NEVADA,UNINCORPORATED,-121.06565093994141,39.188491821289062
8178032,2016,2016-12-07,2908,2016-11-20,1505,6538,13,7,5,3,2908,0,0,0,,0,DOWNTO,"WEST RIVER ST","MCIVER CROSSING",567.00,E,N,A,-,N,,,,,,,,,,Y,2,0,2,1,C,-,18,,,N,A,I,A,A,H,-,A,D,0,,,,Y,Y,,-,"- ",1,0,1,0,0,0,0,0,0,"- ","- ",,,NEVADA,TRUCKEE,-120.19102961,39.324793120000002
90958667,2019,2019-04-02,9230,2019-03-23,0250,020059,,6,3,2,2902,0,1,3,,1,051,"SR-20 E/B","SACRAMENTO ST",1586.00,W,N,C,-,Y,,,20,,,,,,E,Y,2,0,1,1,A,-,03,22350,,N,F,A,A,B,H,-,D,D,0,,,,,Y,,A,07,1,0,0,0,0,0,0,0,0,"- ","- ",39.255329132080078,-121.01953125,NEVADA,"NEVADA CITY",-121.01949310302734,39.255302429199219
90730163,2018,2018-05-21,9230,2018-05-13,0205,020059,,7,3,9,2900,0,3,5,,2,060,"OAK TREE RD","ROBINSON RD",44.00,E,N,A,-,N,,,,,,,,,,Y,2,0,1,1,A,-,08,22107,,N,E,I,A,A,H,-,D,D,0,,,,,Y,,A,07,1,0,0,0,0,0,0,0,0,"- ","- ",39.361400604248047,-121.07711791992188,NEVADA,UNINCORPORATED,-121.07722473144531,39.361461639404297
6651144,2014,2014-10-15,2908,2014-09-07,1514,6175,11,7,5,3,2908,0,0,0,,0,DONNER,"DONNER PASS RD","SOUTH SHORE DR",0.00,,Y,A,-,N,,,,,,,,,,Y,2,0,1,2,A,-,09,21801,A,N,D,G,A,A,H,-,A,D,0,,Y,,,Y,,A,01,1,0,0,0,0,0,1,0,0,"- ","- ",,,NEVADA,TRUCKEE,-120.29095993999999,39.323059890000003
91389434,2021,2021-01-18,9230,2021-01-09,1205,017889,,6,1,9,2900,0,3,5,,2,040,"LOWER COLFAX RD","LAWS RANCH CROSS RD",1056.00,S,N,A,-,N,,,,,,,,,,Y,2,0,1,2,A,-,05,21650,,F,A,C,A,A,H,-,A,D,0,,,Y,,Y,,A,01,1,0,0,0,0,0,0,0,1,"- ","- ",39.190288543701172,-121.01170349121094,NEVADA,UNINCORPORATED,-121.01134490966797,39.189865112304688
94573548,2024,2025-02-11,9230,2024-09-22,"150 ",020411,,7,3,9,2900,0,1,3,,1,061,"STATE ROUTE 49","HEESCHE AVE",795.00,S,N,A,-,Y,NEV,,49," "," ",28.860,H,,R,Y,1,1,0,1,A,-,01,23152,A,N,E,8,A,A,H,-,D,A,0,,,,,Y,Y,A,08,0,0,0,0,0,0,0,0,0,"- ","- ",39.361240386962891,-121.11869049072266,NEVADA,UNINCORPORATED,-121.11866760253906,39.361213684082031
7015877,2015,2015-08-25,2908,2015-07-26,1330,6179,13,7,5,3,2908,0,0,0,,0,GLENSH,"SOMERSET DR","COURTENAY LN",61.00,N,N,A,-,N,,,,,,,,,,N,2,0,1,1,A,-,03,22350,,N,F,I,A,A,H,-,A,D,0,,Y,,,Y,,L,04,1,0,0,0,0,0,1,0,0,"- ","- ",,,NEVADA,TRUCKEE,-120.09229693,39.349687029999998
90649565,2017,2018-01-26,9222,2017-12-06,1553,012704,,3,2,9,2900,0,1,1,,2,021,"I-80 E/B","SODA SPRINGS O/C",2112.00,E,N,A,-,Y,,,80,,,,,,E,Y,1,1,1,2,A,-,03,22350,,N,C,C,A,A,C,-,A,D,0,,,,,Y,,D,22,0,1,0,0,0,0,0,0,0,"- ","- ",39.32687,-120.38293,NEVADA,UNINCORPORATED,-120.38292724,39.326880799999998
91886639,2022,2022-10-10,9230,2022-08-07,2300,019940,,7,3,9,2900,0,1,3,,2,052,SR-20,"JEFFERSON CREEK RD",220.00,E,N,A,-,Y,NEV,,20,,,30.021,H,,R,Y,2,0,2,3,A,-,05,21460,A,F,D,2,A,A,H,-,D,D,0,,,Y,,Y,,A,01,2,0,0,0,0,0,0,0,2,"- ","- ",39.321971893310547,-120.83920288085938,NEVADA,UNINCORPORATED,-120.83918762207031,39.321945190429688
92325575,2024,2024-02-28,9222,2024-02-21,2031,017550,,3,2,9,2900,0,1,1,,2,021,"I-80 W/B","DONNER PASS ROAD OVERCROSSING",2400.00,W,N,A,-,Y,NEV,,80," "," ",2.028,H,,L,Y,2,0,1,3,A,-,03,22350,,N,D,C,A,A,H,-,D,D,0,,,,Y,Y,,G,25,1,0,0,0,0,0,0,0,0,"- ","- ",39.323638916015625,-120.40088653564453,NEVADA,UNINCORPORATED,-120.40089416503906,39.323646545410156
94648559,2025,2025-04-14,9230,2025-04-05,1635,020059,,6,2,9,2900,0,1,3,,1,041,"STATE ROUTE 174","ROCK N PINES ROAD",86.00,E,N,A,-,Y,NEV,,174," "," ",3.881,H,,R,N,2,0,1,2,A,-,03,22350,,N,B,C,A,A,H,-,A,D,0,,,Y,,Y,,C,02,1,0,0,0,0,0,0,0,1,"- ","- ",39.18157958984375,-120.97171783447266,NEVADA,UNINCORPORATED,-120.97172546386719,39.181583404541016
90315809,2016,2016-11-10,9230,2016-11-01,2330,016588,,2,3,9,2900,0,1,3,,1,051,SR-20,"SCOTTS FLAT ROAD",11088.00,E,N,A,-,Y,,,20,,,,,,,Y,2,0,4,1,A,-,03,22350,,N,H,H,A,A,H,-,D,D,0,,,,,Y,,A,01,1,0,3,0,0,0,0,0,0,"- ","- ",39.305639999999997,-120.91398,NEVADA,UNINCORPORATED,-120.91400160000001,39.305662210000001
91261586,2020,2020-07-01,9230,2020-06-30,0005,018771,,2,3,9,2900,0,1,3,,1,041,SR-174,"MARK DRIVE",110.00,N,N,A,-,Y,,,174,,,,,,,Y,2,0,1,1,A,-,01,23152,A,N,E,I,A,A,H,-,D,D,0,,,,,Y,Y,A,08,1,0,0,0,0,0,0,0,0,"- ","- ",39.206840515136719,-121.0408935546875,NEVADA,UNINCORPORATED,-121.04085540771484,39.206920623779297
91767320,2022,2022-11-03,9230,2022-03-11,0029,019940,,5,3,9,2900,0,1,3,,1,031,SR-49,"CORNETTE WAY",641.00,S,N,A,-,Y,NEV,,49,,,11.384,H,,R,Y,1,1,0,2,A,-,01,23152,A,N,E,8,A,A,H,-,C,D,0,,,,,Y,Y,A,01,0,0,0,0,0,0,0,0,0,"- ","- ",39.1693115234375,-121.055419921875,NEVADA,UNINCORPORATED,-121.05525207519531,39.169235229492188
92388323,2024,2024-05-13,9222,2024-04-27,"117 ",021958,,6,3,9,2900,0,1,1,,2,022,"I-80 E/B",SR-89,1584.00,W,N,A,-,Y,NEV,,80," "," ",13.785,H,,R,Y,2,0,1,1,A,-,08,22107,,N,E,J,A,B,H,-,C,D,0,,,,,Y,,A,07,1,0,0,0,0,0,0,0,0,"- ","- ",39.323001861572266,-120.21515655517578,NEVADA,UNINCORPORATED,-120.21515655517578,39.323005676269531
91806727,2022,2022-08-05,9230,2022-06-12,0835,018691,,7,1,9,2900,0,3,5,,2,030,"LIME KILN ROAD","STOCKTON HILL ROAD",1584.00,W,N,B,C,N,,,,,,,,,,Y,2,0,3,2,A,-,05,21460,A,F,A,C,A,B,H,-,A,A,0,,,,,Y,,D,22,1,1,1,0,0,0,0,0,0,"- ","- ",39.094131469726562,-121.09986877441406,NEVADA,UNINCORPORATED,,
91875521,2022,2022-09-28,9222,2022-09-19,2338,018515,,1,3,9,2900,0,1,1,,2,024,"I-80 EASTBOUND","FARAD RD",200.00,E,N,C,-,Y,NEV,,80,,,29.633,H,,R,Y,2,0,1,1,A,-,03,22350,,N,E,8,A,B,H,-,D,D,0,,,,Y,Y,,G,27,1,0,0,0,0,0,0,0,0,"- ","- ",39.424251556396484,-120.03569030761719,NEVADA,UNINCORPORATED,-120.03575134277344,39.42425537109375
92007852,2023,2023-03-02,9222,2023-02-22,1440,021167,,3,2,3,2908,0,1,1,,2,022,"SR-80 W/B","SR-89 SOUTH",770.00,E,N,D,-,Y,NEV,,80," "," ",14.331,H,,L,Y,2,0,1,2,A,-,08,22107,,N,D,E,A,C,H,-,A,D,0,,,,Y,Y,,A,07,1,0,0,0,0,0,0,0,0,"- ","- ",39.323188781738281,-120.20487213134766,NEVADA,TRUCKEE,-120.20487213134766,39.323146820068359
6835091,2015,2015-03-12,2901,2015-02-13,1506,LAF01,21,5,5,2,2901,0,0,0,,0,021,"S CHURCH ST","WALSH ST",0.00,,Y,A,-,N,,,,,,,,,,N,2,0,1,2,C,-,18,,,N,G,B,E,A,H,-,A,D,0,Y,,,,Y,,-,"- ",1,0,0,0,1,0,0,0,0,"- ","- ",,,NEVADA,"GRASS VALLEY",-121.06539993,39.216359969999999
91792176,2022,2022-06-09,9230,2022-06-08,1426,019940,,3,2,9,2900,0,1,3,,1,051,SR-20,"OLD BLUE ROAD",1445.00,W,N,C,D,Y,NEV,,20,,,26.427,H,,R,Y,2,0,2,2,A,-,05,21460,A,N,A,C,A,A,H,-,A,D,0,,,,,Y,,A,07,2,0,0,0,0,0,0,0,0,"- ","- ",39.313999176025391,-120.90101623535156,NEVADA,UNINCORPORATED,-120.90101623535156,39.313976287841797
91050425,2019,2019-08-12,9230,2019-08-03,1055,014289,,6,1,9,2900,0,2,4,,2,073,"ROUGH AND READY HIGHWAY","MATAS WECKS DR",682.00,N,N,A,-,N,,,,,,,,,,Y,2,0,2,2,A,-,05,21460,A,N,A,C,A,A,H,-,A,D,0,,,Y,,Y,,C,02,1,1,0,0,0,0,0,0,1,"- ","- ",39.219440460205078,-121.15473175048828,NEVADA,UNINCORPORATED,-121.15454864501953,39.219669342041016
91743164,2022,2022-04-07,9230,2022-04-03,1825,020059,,7,2,9,2900,0,3,5,,2,040,"GREENHORN RD","FRANCISCAN WAY",60.00,E,N,A,-,N,,,,,,,,,,N,2,0,1,1,A,-,08,22107,,N,E,I,A,A,H,-,A,D,0,,,,,Y,,A,07,1,0,0,0,0,0,0,0,0,"- ","- ",39.214900970458984,-120.99520111083984,NEVADA,UNINCORPORATED,-120.99565887451172,39.214942932128906
91904097,2022,2022-10-28,9230,2022-10-11,0905,016426,,2,1,9,2900,0,3,5,,2,060,"TYLER FOOTE ROAD","OAK TREE RD",2640.00,N,N,A,-,N,,,,,,,,,,Y,1,1,1,1,A,-,08,22107,,N,E,I,A,A,H,-,A,D,0,,,,,Y,,A,07,0,1,0,0,0,0,0,0,0,"- ","- ",39.358798980712891,-121.0567626953125,NEVADA,UNINCORPORATED,-121.06382751464844,39.3543701171875
92305691,2023,2024-02-05,9222,2023-10-18,"422 ",021167,,3,3,9,2900,0,1,1,,2,022,"I-80 E/B","BOREAL RIDGE RD.",10349.00,E,N,A,-,Y,NEV,,80," ",R,7.121,H,,R,Y,1,1,0,1,A,-,08,22107,,N,E,I,A,A,H,-,D,D,0,,,,,Y,,D,22,0,0,0,0,0,0,0,0,0,"- ","- ",39.341529846191406,-120.31295013427734,NEVADA,UNINCORPORATED,-120.31299591064453,39.341457366943359
90015784,2015,2015-10-19,9230,2015-08-17,1200,013002,,1,1,9,2900,0,3,5,,2,040,"RATTLESNAKE ROAD","LOWER COLFAX ROAD",148.00,N,N,A,-,N,,,,,,,,,,N,2,0,1,1,C,-,18,,,N,H,H,A,A,H,-,A,D,0,,Y,,,Y,,-,"- ",1,0,0,0,0,0,1,0,0,"- ","- ",39.196280000000002,-121.03381,NEVADA,UNINCORPORATED,-121.03367657,39.196027790000002
90427265,2017,2017-04-04,9230,2017-03-29,1710,017889,,3,2,9,2900,0,3,5,,2,030,"PERIMETER RD","AUSTIN RANCH RD",989.00,E,N,A,-,N,,,,,,,,,,Y,2,0,3,1,A,-,01,23152,E,N,E,I,A,A,B,-,A,D,0,,,,,Y,,D,22,1,2,0,0,0,0,0,0,0,"- ","- ",39.051090000000002,-121.24674,NEVADA,UNINCORPORATED,-121.24669910999999,39.051060139999997
90960501,2019,2019-04-03,9230,2019-03-23,1553,016426,,6,2,9,2900,0,1,3,,1,051,SR-20,"OMEGA RD",2640.00,W,N,B,F,Y,,,20,,,,,,,Y,2,0,2,2,A,-,03,22350,,N,A,C,A,C,H,-,A,D,0,,,,,Y,,A,01,1,1,0,0,0,0,0,0,0,"- ","- ",39.310150146484375,-120.77591705322266,NEVADA,UNINCORPORATED,-120.77587890625,39.310199737548828
6290148,2014,2014-03-17,9222,2014-02-06,1659,18056,,4,2,9,2900,0,1,1,,2,021,"RT 80","DONNER PASS RD",7392.00,W,N,D,-,Y,NEV,3,80,-,-,1.080,H,-,E,Y,1,1,1,3,A,-,03,22350,,N,G,B,E,C,H,-,A,D,1,Y,,,,Y,,A,01,0,0,1,1,0,0,0,0,0,"- ","- ",39.323860000000003,-120.41455999999999,NEVADA,UNINCORPORATED,-120.41791228,39.322790640000001
6290400,2014,2014-05-23,9230,2014-02-05,2021,16588,,3,2,9,2900,0,1,3,,1,051,"RT 20","NEVADA ST",49.00,E,N,B,-,Y,NEV,3,20,-,R,17.840,H,-,E,Y,1,1,0,2,A,-,01,23152,A,N,C,C,A,A,H,-,D,D,0,,,,,Y,Y,A,08,0,0,0,0,0,0,0,0,0,"- ","- ",39.273209999999999,-121.01066,NEVADA,UNINCORPORATED,-121.01025973,39.273394400000001
6291889,2014,2015-02-03,9230,2014-09-22,1612,13245,,1,2,9,2900,0,1,3,,1,071,"RT 20","ROUGH AND READY HWY",0.00,,Y,B,-,Y,NEV,3,20,-,R,6.600,I,5,W,Y,1,1,1,2,A,-,12,21453,A,N,D,C,A,A,H,-,A,A,5,,,,Y,Y,,F,27,1,0,0,0,0,0,0,0,0,"- ","- ",39.203299999999999,-121.1694,NEVADA,UNINCORPORATED,-121.16967799,39.203302800000003
6292312,2015,2015-06-30,9230,2015-02-07,1917,17125,,6,2,9,2900,0,1,3,,1,031,"RT 49","OAK DR",634.00,S,N,B,-,Y,NEV,3,49,-,-,6.450,H,-,S,Y,1,1,2,2,A,-,08,22107,,N,D,C,A,B,H,-,D,D,0,,,,,Y,,A,01,2,0,0,0,0,0,0,0,0,"- ","- ",39.103529999999999,-121.08537,NEVADA,UNINCORPORATED,-121.08539512,39.103089699999998
6292604,2015,2015-09-04,9222,2015-07-30,2345,18593,,4,3,9,2900,0,3,5,,2,020,"MEADOW LAKE RD","WEBBER LAKE RD",10560.00,W,N,A,-,N,,,,,,,,,,Y,1,1,0,1,A,-,08,22107,,N,F,A,A,A,H,-,D,D,0,,,,,Y,,D,22,0,0,0,0,0,0,0,0,0,"- ","- ",39.443280000000001,-120.44731,NEVADA,UNINCORPORATED,-120.45586824,39.419734609999999
6377772,2014,2015-11-02,2908,2014-01-17,1503,6187,13,5,5,3,2908,0,0,0,,0,GLENSH,"GLENSHIRE DR","RT 40",106.00,W,N,A,-,N,,,,,,,,,,Y,2,0,4,2,A,-,05,21460,A,N,A,C,A,A,H,-,A,D,0,,,,,Y,,A,01,2,1,1,0,0,0,0,0,0,"- ","- ",,,NEVADA,TRUCKEE,-120.11888335,39.357374890000003
6426085,2014,2016-02-22,9222,2014-03-22,2250,15908,,6,3,9,2900,0,1,3,,1,016,"RT 267","NORTHSTAR DR",10.00,S,N,A,-,Y,PLA,3,267,-,-,3.770,H,-,W,Y,2,0,2,2,A,-,03,22350,,N,C,C,A,A,H,-,C,A,0,,,,,Y,Y,A,01,1,0,1,0,0,0,0,0,0,"- ","- ",39.287390000000002,-120.10381,NEVADA,UNINCORPORATED,-120.10395714000001,39.286909199999997