CASE_ID,ACCIDENT_YEAR,PROC_DATE,JURIS,COLLISION_DATE,COLLISION_TIME,OFFICER_ID,REPORTING_DISTRICT,DAY_OF_WEEK,CHP_SHIFT,POPULATION,CNTY_CITY_LOC,SPECIAL_COND,BEAT_TYPE,CHP_BEAT_TYPE,CITY_DIVISION_LAPD,CHP_BEAT_CLASS,BEAT_NUMBER,PRIMARY_RD,SECONDARY_RD,DISTANCE,DIRECTION,INTERSECTION,WEATHER_1,WEATHER_2,STATE_HWY_IND,CALTRANS_COUNTY,CALTRANS_DISTRICT,STATE_ROUTE,ROUTE_SUFFIX,POSTMILE_PREFIX,POSTMILE,LOCATION_TYPE,RAMP_INTERSECTION,SIDE_OF_HWY,TOW_AWAY,COLLISION_SEVERITY,NUMBER_KILLED,NUMBER_INJURED,PARTY_COUNT,PRIMARY_COLL_FACTOR,PCF_CODE_OF_VIOL,PCF_VIOL_CATEGORY,PCF_VIOLATION,PCF_VIOL_SUBSECTION,HIT_AND_RUN,TYPE_OF_COLLISION,MVIW,PED_ACTION,ROAD_SURFACE,ROAD_COND_1,ROAD_COND_2,LIGHTING,CONTROL_DEVICE,CHP_ROAD_TYPE,PEDESTRIAN_ACCIDENT,BICYCLE_ACCIDENT,MOTORCYCLE_ACCIDENT,TRUCK_ACCIDENT,NOT_PRIVATE_PROPERTY,ALCOHOL_INVOLVED,STWD_VEHTYPE_AT_FAULT,CHP_VEHTYPE_AT_FAULT,COUNT_SEVERE_INJ,COUNT_VISIBLE_INJ,COUNT_COMPLAINT_PAIN,COUNT_PED_KILLED,COUNT_PED_INJURED,COUNT_BICYCLIST_KILLED,COUNT_BICYCLIST_INJURED,COUNT_MC_KILLED,COUNT_MC_INJURED,PRIMARY_RAMP,SECONDARY_RAMP,LATITUDE,LONGITUDE,COUNTY,CITY,POINT_X,POINT_Y
6426089,2014,2015-11-14,9222,2014-03-26,0743,18315,,3,1,3,2908,0,1,1,,2,023,"RT 80","RT 267",480.00,W,N,B,-,Y,NEV,3,80,-,-,16.520,H,-,W,Y,2,0,2,2,A,-,03,22350,,N,C,E,A,C,H,-,A,D,1,,,,,Y,,A,07,1,1,0,0,0,0,0,0,0,"- ","- ",39.337330000000001,-120.17142,NEVADA,TRUCKEE,-120.17043554,39.337461349999998
6475390,2014,2016-06-30,9230,2014-04-28,1210,14320,,1,1,9,2900,0,1,3,,1,061,"SOUTH YUBA RIVER","RT 49",36.00,E,N,A,-,Y,NEV,3,49,-,R,21.874,I,6,N,N,2,0,1,1,C,-,18,,,N,E,I,A,A,H,-,A,D,0,,Y,,,Y,,-,"- ",1,0,0,0,0,0,1,0,0,"- ","- ",39.296970000000002,-121.09013,NEVADA,UNINCORPORATED,-121.09034849,39.297067589999997
6479894,2014,2014-07-09,9230,2014-04-14,1105,013002,,1,1,9,2900,0,3,5,,2,050,"GREENHORN RD","LOST LAKE RD",162.00,E,N,A,-,N,,,,,,,,,,N,2,0,1,1,C,-,18,,,N,H,H,A,A,H,-,A,D,0,,,Y,,Y,,-,"- ",1,0,0,0,0,0,0,0,1,"- ","- ",39.214419999999997,-120.97647000000001,NEVADA,UNINCORPORATED,-120.97669848,39.214342190000004
6479895,2014,2014-07-09,9230,2014-04-07,1910,016843,,1,2,9,2900,0,3,5,,2,070,"BITNEY SPRINGS RD","NEWTOWN RD",2100.00,E,N,A,-,N,,,,,,,,,,Y,2,0,1,1,A,-,01,23152,A,N,E,I,A,A,H,-,A,D,0,,,,,Y,Y,A,01,1,0,0,0,0,0,0,0,0,"- ","- ",39.244340000000001,-121.10757,NEVADA,UNINCORPORATED,-121.10758233,39.243708689999998
6558012,2014,2016-03-24,9230,2014-04-10,1732,016258,,4,2,9,2900,0,1,3,,1,031,"RT 49","CHERRY CREEK RD",528.00,S,N,A,-,Y,NEV,3,49,-,-,6.020,H,-,S,Y,2,0,1,3,A,-,09,21801,A,N,D,C,A,A,H,-,A,D,0,,,Y,,Y,,C,02,1,0,0,0,0,0,0,0,1,"- ","- ",39.095179999999999,-121.08559,NEVADA,UNINCORPORATED,-121.08541590999999,39.096869030000001
6570477,2014,2016-05-06,9230,2014-07-06,0645,16868,,7,1,9,2900,0,1,3,,1,041,"RT 174","DURANGO LN",254.00,S,N,A,-,Y,NEV,3,174,-,-,0.770,H,-,N,Y,2,0,1,1,A,-,08,22107,,N,E,I,A,A,H,-,A,D,0,,,,,Y,,A,01,1,0,0,0,0,0,0,0,0,"- ","- ",39.140160000000002,-120.96661,NEVADA,UNINCORPORATED,-120.96655649,39.139997770000001
6579898,2014,2014-08-29,9222,2014-07-27,1047,017091,,7,1,9,2900,0,3,5,,2,020,"DONNER PASS RD","SODA SPRINGS RD",6336.00,E,N,A,-,N,,,,,,,,,,N,2,0,1,1,D,-,00,,,N,F,A,A,A,A,-,A,D,0,,Y,,,Y,,-,"- ",1,0,0,0,0,0,1,0,0,"- ","- ",39.318950000000001,-120.35886000000001,NEVADA,UNINCORPORATED,-120.35885852,39.318892480000002
6779534,2014,2016-07-05,9222,2014-12-31,2247,017288,,3,3,3,2908,0,1,1,,2,022,"RT 80","RT 89 S",3168.00,W,N,A,-,Y,NEV,3,80,-,-,18.990,H,-,W,Y,2,0,3,1,A,-,08,22107,,N,F,A,A,A,H,-,C,D,1,,,,,Y,,A,01,1,0,2,0,0,0,0,0,0,"- ","- ",39.323250000000002,-120.21635000000001,NEVADA,TRUCKEE,-120.1349141,39.360557380000003
6782648,2014,2016-07-05,9221,2014-12-19,1455,17669,,5,2,9,2900,0,1,1,,2,387,"RT 80","RT 20",2640.00,E,N,C,D,Y,NEV,3,80,-,R,59.980,H,-,E,Y,2,0,1,2,A,-,03,22350,,N,C,C,A,C,H,-,A,D,1,,,,Y,Y,,A,01,1,0,0,0,0,0,0,0,0,"- ","- ",39.325879999999998,-120.59617,NEVADA,UNINCORPORATED,-120.59731384,39.325987990000002
6808539,2015,2015-03-04,9230,2015-01-23,2105,016868,,5,2,9,2900,0,3,5,,2,070,"PENN VALLEY DR","HORTON ST",650.00,E,N,A,-,N,,,,,,,,,,Y,2,0,1,1,A,-,01,23152,A,N,E,I,A,A,H,-,D,D,0,,,,,Y,Y,D,22,1,0,0,0,0,0,0,0,0,"- ","- ",,,NEVADA,UNINCORPORATED,-121.18808088999999,39.20096839
6820990,2015,2016-09-02,9230,2015-01-12,1745,015030,,1,2,9,2900,0,1,3,,1,071,"RT 20","PLEASANT VALLEY RD",1337.00,E,N,-,-,Y,NEV,3,20,-,R,4.880,H,-,W,Y,2,0,3,3,A,-,08,22107,,N,H,H,A,A,H,-,D,D,5,,,,,Y,,D,23,1,0,2,0,0,0,0,0,0,"- ","- ",39.206229999999998,-121.20132,NEVADA,UNINCORPORATED,-121.20111092,39.20627683
6844656,2015,2015-03-16,2908,2015-02-28,1129,6159,11,6,5,3,2908,0,0,0,,0,TAHOED,"HERRINGBONE WY","SKISLOPE WY",528.00,W,N,D,-,N,,,,,,,,,,N,2,0,1,2,A,-,11,21959,,N,G,B,E,C,G,-,A,D,0,Y,,,,Y,,N,60,1,0,0,0,1,0,0,0,0,"- ","- ",,,NEVADA,TRUCKEE,-120.23571,39.337530000000001
6844660,2015,2015-03-17,2908,2015-02-06,1000,6113,11,5,5,3,2908,0,0,0,,0,,"MEADOW WY","FOREST LN",41.00,S,N,G,-,N,,,,,,,,,,Y,2,0,1,1,C,-,18,,,N,H,J,A,A,H,-,A,D,0,,,,,Y,,-,"- ",1,0,0,0,0,0,0,0,0,"- ","- ",,,NEVADA,TRUCKEE,-120.21057,39.326817470000002
6854133,2014,2015-03-27,9222,2014-11-28,2500,13160,,5,4,9,2900,0,1,1,,2,024,"RT 80","HINTON BR",1355.00,E,N,A,-,Y,NEV,3,80,-,-,23.850,H,-,E,Y,1,1,0,1,A,-,08,22107,,N,E,I,A,A,H,-,A,D,1,,,,,Y,Y,A,01,0,0,0,0,0,0,0,0,0,"- ","- ",39.372750000000003,-120.06161,NEVADA,UNINCORPORATED,-120.06256892,39.373024340000001
6858290,2015,2016-09-02,9230,2015-02-09,1350,14289,,1,1,9,2900,0,1,3,,1,051,"RT 20","HARMONY RD",2112.00,W,N,B,-,Y,NEV,3,20,-,-,21.840,H,-,W,Y,2,0,1,1,A,-,01,23152,A,N,E,I,A,B,H,-,A,D,0,,,,,Y,Y,A,01,1,0,0,0,0,0,0,0,0,"- ","- ",39.283090000000001,-120.97109,NEVADA,UNINCORPORATED,-120.97126711,39.283275770000003
6865776,2015,2015-04-08,2908,2015-03-21,1720,6191,11,6,5,3,2908,0,0,0,,0,TAHOED,"NORTHWOODS BL","NORTHWOODS BL 11290",0.00,,N,A,-,N,,,,,,,,,,Y,2,0,1,1,A,-,01,23153,B,F,A,I,A,A,H,-,A,D,0,,,,,Y,Y,A,07,1,0,0,0,0,0,0,0,0,"- ","- ",,,NEVADA,TRUCKEE,-120.21210546,39.341214919999999
6939845,2015,2016-10-31,2908,2015-05-01,1833,6186,13,5,5,3,2908,0,0,0,,0,PROSSR,"RT 89","ALDER CREEK RD",178.00,N,N,A,-,Y,NEV,3,89,-,-,2.870,H,-,N,Y,2,0,1,1,A,-,05,21650,,N,E,I,A,A,H,-,A,D,0,,,,,Y,,-,,1,0,0,0,0,0,0,0,0,"- ","- ",,,NEVADA,TRUCKEE,-120.1823816,39.367734300000002
6952084,2015,2015-07-10,2908,2015-06-03,0939,6113,13,3,5,3,2908,0,0,0,,0,DOWNTO,"DONNER PASS RD","SPRING ST",235.00,E,N,A,-,N,,,,,,,,,,N,2,0,1,2,A,-,09,21804,A,N,A,G,A,A,H,-,A,D,0,,Y,,,Y,,-,,1,0,0,0,0,0,1,0,0,"- ","- ",,,NEVADA,TRUCKEE,-120.18601414,39.327678540000001
6953246,2015,2016-12-17,9230,2015-05-01,0225,016868,,5,3,2,2902,0,1,3,,1,051,"RT 20","SACRAMENTO AV",179.00,E,N,A,-,Y,NEV,3,20,-,-,16.770,H,-,W,Y,2,0,2,1,A,-,01,23152,A,N,E,I,A,A,H,-,C,D,1,,,,,Y,Y,D,22,1,0,1,0,0,0,0,0,0,"- ","- ",39.259390000000003,-121.01867,NEVADA,"NEVADA CITY",-121.0305627,39.243353880000001
7006115,2015,2017-05-09,2908,2015-07-21,2331,6159,13,2,5,3,2908,0,0,0,,0,SIERRA,"JEFFERY PINE RD","ALPINE FIR RD",348.00,E,N,E,-,N,,,,,,,,,,Y,1,1,0,1,A,-,03,22350,,N,E,I,A,B,H,-,D,D,0,,,,,Y,,A,01,0,0,0,0,0,0,0,0,0,"- ","- ",,,NEVADA,TRUCKEE,-120.17274479,39.321840590000001
7015881,2015,2017-01-13,2908,2015-07-04,2258,6175,13,6,5,3,2908,0,0,0,,0,ARPRTT,"RT 267","BROCKWAY RD",0.00,,Y,B,-,Y,NEV,3,267,-,M,1.410,H,-,W,Y,2,0,5,3,A,-,01,23152,B,N,C,C,A,A,H,-,C,A,0,,,,,Y,,A,01,1,1,3,0,0,0,0,0,0,"- ","- ",,,NEVADA,TRUCKEE,-120.15727735999999,39.320384349999998
7044458,2015,2015-09-09,2908,2015-08-11,1715,6114,13,2,5,3,2908,0,0,0,,0,PROSPI,"PROSSER PITS OHV PARK","OFF TABLE TOP",0.00,,-,A,-,N,,,,,,,,,,N,2,0,1,1,B,-,22,,,N,F,J,A,A,H,-,A,D,0,,,,,Y,,-,,1,0,0,0,0,0,0,0,0,"- ","- ",39.222189999999998,-120.08208999999999,NEVADA,TRUCKEE,,
7148566,2016,2016-01-20,2901,2016-01-06,1513,HER01,23,3,5,2,2901,0,0,0,,0,023,"DORSEY DR","CATHERINE LN",0.00,,Y,C,-,N,,,,,,,,,,Y,2,0,1,2,A,-,09,21804,A,N,D,C,A,B,H,-,A,A,0,,,,,Y,,A,01,1,0,0,0,0,0,0,0,0,"- ","- ",,,NEVADA,"GRASS VALLEY",-121.04622992,39.23074999
7172016,2015,2016-02-02,2908,2015-12-29,1028,6159,11,2,5,3,2908,0,0,0,,0,TAHOED,"SNOWPEAK WY","SKISLOPE WY",50.00,E,N,A,-,N,,,,,,,,,,N,2,0,1,3,A,-,03,22350,,M,G,B,E,C,H,-,A,D,0,Y,,,,Y,,A,01,1,0,0,0,1,0,0,0,0,"- ","- ",,,NEVADA,TRUCKEE,-120.25877014,39.357196889999997
7190272,2016,2018-09-27,2908,2016-05-08,1920,6189,13,7,5,3,2908,0,0,0,,0,GLENSH,"GLENSHIRE DR","OLD HWY 40",31.00,W,N,A,-,N,,,,,,,,,,Y,1,1,1,2,A,-,01,23152,A,N,B,C,A,A,H,-,A,D,0,,,,,Y,Y,A,01,1,0,0,0,0,0,0,0,0,"- ","- ",,,NEVADA,TRUCKEE,-120.11861919,39.357357280000002
7196752,2016,2016-03-03,2901,2016-01-27,1554,HER01,22,3,5,2,2901,0,0,0,,0,022,"IDAHO MARYLAND RD","IDAHO MARYLAND RD 625",0.00,,Y,A,-,N,,,,,,,,,,N,2,0,1,2,A,-,09,21804,A,N,D,C,A,A,H,-,A,A,0,,,Y,,Y,Y,A,01,1,0,0,0,0,0,0,0,1,"- ","- ",,,NEVADA,"GRASS VALLEY",-121.04349554,39.223252359999996
8016283,2016,2017-02-11,2901,2016-02-27,1231,PER01,22,6,5,2,2901,0,0,0,,0,022,"COLFAX AV","OPHIR ST",0.00,,Y,B,-,Y,NEV,3,174,-,-,9.810,I,5,N,N,2,0,1,2,C,-,18,,,N,H,A,A,A,H,-,A,A,0,,,,,Y,Y,-,"- ",1,0,0,0,0,0,0,0,0,"- ","- ",,,NEVADA,"GRASS VALLEY",-121.05479061,39.215749330000001
8068819,2016,2016-06-27,2908,2016-06-04,1008,6179,11,6,5,3,2908,0,0,0,,0,TAHOED,"NORTHWOODS BL","HANSEL AV",220.00,E,N,A,-,N,,,,,,,,,,N,2,0,1,1,B,-,22,,,N,F,I,A,A,H,-,A,D,0,,Y,,,Y,,-,"- ",1,0,0,0,0,0,1,0,0,"- ","- ",,,NEVADA,TRUCKEE,-120.23690080999999,39.356556509999997
8125891,2016,2016-09-27,2908,2016-09-08,2025,6170,11,4,5,3,2908,0,0,0,,0,TAHOED,"SKI SLOPE WY","DAVOS DR",7392.00,E,N,A,-,N,,,,,,,,,,N,2,0,1,1,A,-,03,22350,,N,H,J,A,A,H,-,D,D,0,,,Y,,Y,,C,02,1,0,0,0,0,0,0,0,1,"- ","- ",,,NEVADA,TRUCKEE,-120.23367501,39.337592309999998
8178331,2016,2017-03-06,2908,2016-11-17,1451,6141,13,4,5,3,2908,0,0,0,,0,PROSSE,"RT 89","HENNESS RD",0.00,,Y,B,-,Y,NEV,3,89,-,R,0.826,I,6,N,Y,2,0,1,1,A,-,05,21650,,N,E,I,A,A,H,-,A,A,0,,,,,Y,,A,07,1,0,0,0,0,0,0,0,0,"- ","- ",,,NEVADA,TRUCKEE,-120.17210127,39.340871059999998
8191734,2016,2016-12-22,2908,2016-12-08,1439,6158,11,4,5,3,2908,0,0,0,,0,TAHOED,"NORTHWOODS BL","HANSEL AV",223.00,E,N,B,-,N,,,,,,,,,,N,2,0,1,2,A,-,05,21650,,N,G,B,E,B,H,-,A,D,0,Y,,,,Y,,I,12,1,0,0,0,1,0,0,0,0,"- ","- ",,,NEVADA,TRUCKEE,-120.23689523,39.356549510000001
8281078,2016,2017-01-23,2901,2016-01-07,1222,JOH10,3,4,5,2,2901,0,0,0,,0,,"EAST MAIN ST","PRESLEY WY",0.00,,Y,C,-,N,,,,,,,,,,N,2,0,2,3,A,-,11,21954,A,N,G,B,D,B,H,-,A,A,0,Y,,,,Y,,N,60,2,0,0,0,2,0,0,0,0,"- ","- ",,,NEVADA,"GRASS VALLEY",-121.05057992,39.229309919999999
8449387,2017,2017-09-26,2902,2017-08-25,1129,SCR01,2,5,5,2,2902,0,0,0,,0,008,"BOULDER ST","BROAD ST",13.00,W,N,A,-,N,,,,,,,,,,Y,2,0,1,2,A,-,12,22450,,N,A,G,A,A,H,-,A,D,0,,Y,,,Y,,L,04,1,0,0,0,0,0,1,0,0,"- ","- ",,,NEVADA,"NEVADA CITY",-121.01609999999999,39.262039999999999
8450745,2017,2017-10-13,2908,2017-08-27,1630,6186,13,7,5,3,2908,0,0,0,,0,,"ESTATES DR","ESTATES DR 10100",0.00,,N,A,-,N,,,,,,,,,,Y,2,0,1,1,A,-,03,22350,,N,H,I,A,A,H,-,A,D,0,,,,,Y,Y,-,,1,0,0,0,0,0,0,0,0,"- ","- ",,,NEVADA,TRUCKEE,-120.16781777,39.326612750000002
8474898,2017,2017-11-15,2908,2017-10-20,1241,6538,11,5,5,3,2908,0,0,0,,0,GATEWA,"DONNER PASS RD","DONNER TRAIL RD",220.00,W,N,A,-,N,,,,,,,,,,N,2,0,1,2,A,-,03,22350,,N,C,C,A,A,H,-,A,D,0,,,,,Y,,A,01,1,0,0,0,0,0,0,0,0,"- ","- ",,,NEVADA,TRUCKEE,-120.21450512,39.326073890000004
8536700,2017,2018-01-29,2908,2017-12-31,0005,6170,11,7,5,3,2908,0,0,0,,0,TAHOED,"DONNER PASS RD","NORTHWOODS BL",35.00,W,N,A,-,N,,,,,,,,,,Y,2,0,4,2,A,-,01,23153,A,N,A,C,A,A,H,-,C,D,0,,,,,Y,Y,A,01,2,2,0,0,0,0,0,0,0,"- ","- ",,,NEVADA,TRUCKEE,-120.21851269,39.32578788
8652014,2018,2018-10-01,2908,2018-08-25,1106,6523,11,6,5,3,2908,0,0,0,,0,,"DONNER PASS RD","SOUTH SHORE DR",12.00,E,N,A,-,N,,,,,,,,,,N,2,0,2,2,A,-,09,21801,A,N,D,G,A,A,H,-,A,D,0,,Y,,,Y,,A,01,1,0,1,0,0,0,1,0,0,"- ","- ",,,NEVADA,TRUCKEE,-120.29092407226562,39.323078155517578
8726236,2018,2018-11-15,2908,2018-10-15,1901,6538,13,1,5,3,2908,0,0,0,,0,GLENSH,"GLENSHIRE DR","HIGHLAND AV",90.00,W,N,A,-,N,,,,,,,,,,Y,2,0,1,2,A,-,05,21460,A,N,A,C,A,A,H,-,D,D,0,,,,,Y,,A,01,1,0,0,0,0,0,0,0,0,"- ","- ",,,NEVADA,TRUCKEE,-120.14440155029297,39.33697509765625
8836998,2019,2019-04-15,2901,2019-03-08,1316,HAD01,23,5,5,2,2901,0,0,0,,0,,"VENTANA SIERRA DR","VENTANA SIERRA DR 184",0.00,,N,A,-,N,,,,,,,,,,Y,2,0,1,1,A,-,01,23152,A,N,E,I,A,A,H,-,A,D,0,,,,,Y,Y,A,01,1,0,0,0,0,0,0,0,0,"- ","- ",,,NEVADA,"GRASS VALLEY",-121.058656,39.242624999999997
90008896,2015,2015-10-19,9230,2015-07-11,1400,017889,,6,2,9,2900,0,3,5,,2,040,"EAST BENNETT RD","BRUNSWICK DR",1584.00,W,N,A,-,N,,,,,,,,,,Y,2,0,1,1,A,-,03,22350,,N,F,A,A,A,H,-,A,A,0,,,,,Y,,D,22,1,0,0,0,0,0,0,0,0,"- ","- ",39.212200000000003,-121.02343,NEVADA,UNINCORPORATED,-121.02215114000001,39.212324369999997
90009197,2015,2015-10-19,9230,2015-08-15,1240,014789,,6,1,9,2900,0,3,5,,2,070,"BITNEY SPRINGS RD","ROUGH AND READY HWY",663.00,E,N,A,-,N,,,,,,,,,,Y,2,0,1,1,A,-,08,22107,,N,E,I,A,A,H,-,A,D,0,,,Y,,Y,,C,02,1,0,0,0,0,0,0,0,1,"- ","- ",39.233499999999999,-121.10988999999999,NEVADA,UNINCORPORATED,-121.10948,39.231740000000002
90011069,2015,2015-10-19,9221,2015-08-14,1225,019020,,5,1,9,2900,0,1,1,,2,387,"I-80 W/B","EAGLE LAKES RD",3390.00,E,N,A,-,Y,,,80,,,,,,W,Y,2,0,2,1,C,-,18,,,N,E,I,A,A,H,-,A,D,0,,,Y,,Y,,-,"- ",1,1,0,0,0,0,0,0,2,"- ","- ",39.327759999999998,-120.57176,NEVADA,UNINCORPORATED,-120.57173568,39.327802290000001
90011985,2015,2015-10-19,9230,2015-08-01,1140,014289,,6,1,9,2900,0,1,3,,1,031,"STATE HIGHWAY 49","COMBIE RD.",342.00,N,N,A,-,Y,,,49,,,,,,,N,2,0,2,2,A,-,07,21658,,F,F,A,A,A,D,-,A,D,0,,,Y,,Y,,A,01,1,1,0,0,0,0,0,0,2,"- ","- ",39.043579999999999,-121.09448,NEVADA,UNINCORPORATED,-121.09452204,39.043584899999999
90017845,2015,2015-10-19,9222,2015-09-01,2254,015908,,2,3,3,2908,0,2,S,,2,901,"HENNESS RD.","SR-89 NORTH",2640.00,E,N,A,-,N,,,,,,,,,,Y,2,0,1,1,A,-,08,22107,,N,E,I,A,A,H,-,D,D,0,,,,,Y,Y,A,07,1,0,0,0,0,0,0,0,0,"- ","- ",39.205289999999998,-120.94538,NEVADA,TRUCKEE,-120.16442834999999,39.34508374
90026294,2015,2015-10-19,9222,2015-09-30,1306,014397,,3,1,9,2900,0,1,1,,2,022,"I-80 E/B","DONNER LAKE INTERCHANGE",11616.00,W,N,B,C,Y,,,80,,,,,,E,Y,2,0,1,1,A,-,03,22350,,N,E,I,A,B,H,-,A,D,0,,,,Y,Y,,G,25,1,0,0,0,0,0,0,0,0,"- ","- ",39.341059999999999,-120.31923999999999,NEVADA,UNINCORPORATED,-120.31923122000001,39.340994389999999
90026821,2015,2017-08-30,9230,2015-04-09,1425,016569,,4,2,9,2900,0,1,3,,1,031,"SR-49 N/B","WOLF RD",135.00,S,N,A,-,Y,,,49,,,,,,N,Y,1,1,2,3,A,-,06,21750,,N,B,C,A,A,H,-,A,A,0,,,,,Y,Y,A,01,1,1,0,0,0,0,0,0,0,"- ","- ",39.042470000000002,-121.09465,NEVADA,UNINCORPORATED,-121.09465358,39.042470469999998
90044666,2015,2015-11-04,9230,2015-08-24,0646,013245,,1,1,9,2900,0,3,5,,2,070,"BITNEY SPRINGS ROAD","NEWTOWN ROAD",389.00,N,N,A,-,N,,,,,,,,,,Y,1,1,0,1,A,-,08,22107,,N,E,I,A,A,H,-,A,D,0,,,,,Y,,A,01,0,0,0,0,0,0,0,0,0,"- ","- ",39.248379999999997,-121.11365000000001,NEVADA,UNINCORPORATED,-121.11287374,39.247756549999998
90044875,2015,2015-11-04,9230,2015-11-03,1923,014289,,2,2,9,2900,0,3,5,,2,030,"MCCOURTNEY RD.","LUCKY NUGGET LN",127.00,N,N,A,-,N,,,,,,,,,,Y,2,0,1,1,A,-,01,23152,A,N,E,I,A,A,H,-,D,D,0,,,Y,,Y,Y,C,02,1,0,0,0,0,0,0,0,1,"- ","- ",39.153680000000001,-121.13379,NEVADA,UNINCORPORATED,-121.13394257,39.159475950000001
90087316,2015,2016-01-04,9230,2015-12-20,1725,018057,,7,2,9,2900,0,1,3,,1,031,SR-49,"WOLF CREEK",184.00,S,N,B,-,Y,,,49,,,,,,,Y,2,0,5,3,A,-,01,23152,,N,B,C,A,B,H,-,D,D,0,,,,,Y,Y,A,01,1,0,4,0,0,0,0,0,0,"- ","- ",39.061709999999998,-121.08887,NEVADA,UNINCORPORATED,-121.08889536,39.061719949999997
90092041,2015,2016-01-11,9230,2015-12-26,1515,018057,,6,2,9,2900,0,1,3,,2,032,"SR-49 N/B","MCKNIGHT WAY",740.00,N,N,A,-,Y,,,,,,,,,,Y,2,0,1,1,A,-,08,22107,,N,E,I,A,A,H,-,A,D,0,,,,,Y,,A,01,1,0,0,0,0,0,0,0,0,"- ","- ",39.201929999999997,-121.06138,NEVADA,UNINCORPORATED,-121.06120951,39.201889600000001
90093436,2016,2016-01-12,9222,2016-01-06,0730,018593,,3,1,3,2908,0,1,1,,2,023,"INTERSTATE 80 EASTBOUND","HIRSCHDALE RD.",150.00,E,N,B,-,Y,,,,,,,,,,Y,2,0,1,1,A,-,03,22350,,N,E,I,A,C,H,-,A,D,0,,,,,Y,,D,22,1,0,0,0,0,0,0,0,0,"- ","- ",39.383839999999999,-120.08176,NEVADA,TRUCKEE,-120.08240336999999,39.38388063
90096145,2016,2016-01-15,9230,2016-01-08,0635,012882,,5,1,9,2900,0,1,3,,2,042,"SR-20 (EASTBOUND)","DORSEY DR. O/C",1825.00,W,N,A,-,Y,,,,,,,,,,Y,2,0,1,1,A,-,03,22350,,N,F,A,A,B,H,-,C,D,0,,,,,Y,,A,07,1,0,0,0,0,0,0,0,0,"- ","- ",39.225659999999998,-121.04756999999999,NEVADA,UNINCORPORATED,-121.04764187000001,39.22588348
90099383,2015,2016-01-21,9230,2015-12-10,1800,016665,,4,2,9,2900,0,3,5,,2,050,"BACK BONE ROAD","SNOW TENT ROAD",235.00,W,N,C,E,N,,,,,,,,,,Y,1,1,0,1,A,-,03,22350,,N,F,I,A,C,H,-,D,D,0,,,,,Y,,A,07,0,0,0,0,0,0,0,0,0,"- ","- ",39.392139999999998,-120.90101,NEVADA,UNINCORPORATED,-120.90100836000001,39.392151089999999
90101793,2015,2016-01-25,9230,2015-12-09,2225,016868,,3,3,9,2900,0,3,5,,2,050,"GRACIE ROAD","DORCELLINE COURT",220.00,S,N,C,-,N,,,,,,,,,,Y,1,1,0,1,A,-,01,23152,A,N,E,I,A,B,H,-,D,D,0,,,,,Y,Y,A,01,0,0,0,0,0,0,0,0,0,"- ","- ",39.240560000000002,-120.99946,NEVADA,UNINCORPORATED,-121,39.240470000000002
90140239,2016,2016-03-21,9222,2016-03-05,2225,018593,,6,3,9,2900,0,1,1,,2,021,"INTERSTATE 80 WESTBOUND","SODA SPRINGS RD.",5280.00,E,N,D,-,Y,,,80,,,,,,W,Y,2,0,1,2,A,-,03,22350,,N,C,C,A,C,H,-,D,A,0,,,,Y,Y,,A,01,1,0,0,0,0,0,0,0,0,"- ","- ",39.327570000000001,-120.37197,NEVADA,UNINCORPORATED,-120.37196316000001,39.327546220000002
90154962,2016,2016-04-11,9230,2016-04-03,1305,017889,,7,1,9,2900,0,1,3,,1,031,SR-49,"LITTLE VALLEY RD",0.00,,Y,A,-,Y,,,49,,,,,,,Y,2,0,2,2,A,-,01,23152,A,F,D,C,A,A,H,-,A,D,0,,,Y,,Y,Y,D,22,1,0,1,0,0,0,0,0,1,"- ","- ",39.147939999999998,-121.06876,NEVADA,UNINCORPORATED,-121.06882421,39.147963189999999
90177622,2016,2016-05-11,9230,2016-05-09,0750,013002,,1,1,9,2900,0,1,3,,1,041,"STATE ROUTE 174 (COLFAX HWY)","BASS TRAIL",163.00,S,N,A,-,Y,,,174,,,,,,,Y,2,0,1,1,A,-,05,21650,,N,E,I,A,A,H,-,A,D,0,,,,,Y,,D,22,1,0,0,0,0,0,0,0,0,"- ","- ",39.193150000000003,-121.00865,NEVADA,UNINCORPORATED,-121.00875136000001,39.193073300000002
90179769,2016,2016-05-16,9230,2016-05-01,0400,016665,,7,3,9,2900,0,1,3,,1,041,"SR-174 S/B","GREENHORN ACCESS RD",456.00,N,N,B,-,Y,,,174,,,,,,S,Y,2,0,1,1,A,-,08,22107,,N,F,I,A,A,H,-,D,D,0,,,,,Y,,A,08,1,0,0,0,0,0,0,0,0,"- ","- ",39.177280000000003,-120.97562000000001,NEVADA,UNINCORPORATED,-120.97564038,39.177282200000001