CASE_ID,ACCIDENT_YEAR,PROC_DATE,JURIS,COLLISION_DATE,COLLISION_TIME,OFFICER_ID,REPORTING_DISTRICT,DAY_OF_WEEK,CHP_SHIFT,POPULATION,CNTY_CITY_LOC,SPECIAL_COND,BEAT_TYPE,CHP_BEAT_TYPE,CITY_DIVISION_LAPD,CHP_BEAT_CLASS,BEAT_NUMBER,PRIMARY_RD,SECONDARY_RD,DISTANCE,DIRECTION,INTERSECTION,WEATHER_1,WEATHER_2,STATE_HWY_IND,CALTRANS_COUNTY,CALTRANS_DISTRICT,STATE_ROUTE,ROUTE_SUFFIX,POSTMILE_PREFIX,POSTMILE,LOCATION_TYPE,RAMP_INTERSECTION,SIDE_OF_HWY,TOW_AWAY,COLLISION_SEVERITY,NUMBER_KILLED,NUMBER_INJURED,PARTY_COUNT,PRIMARY_COLL_FACTOR,PCF_CODE_OF_VIOL,PCF_VIOL_CATEGORY,PCF_VIOLATION,PCF_VIOL_SUBSECTION,HIT_AND_RUN,TYPE_OF_COLLISION,MVIW,PED_ACTION,ROAD_SURFACE,ROAD_COND_1,ROAD_COND_2,LIGHTING,CONTROL_DEVICE,CHP_ROAD_TYPE,PEDESTRIAN_ACCIDENT,BICYCLE_ACCIDENT,MOTORCYCLE_ACCIDENT,TRUCK_ACCIDENT,NOT_PRIVATE_PROPERTY,ALCOHOL_INVOLVED,STWD_VEHTYPE_AT_FAULT,CHP_VEHTYPE_AT_FAULT,COUNT_SEVERE_INJ,COUNT_VISIBLE_INJ,COUNT_COMPLAINT_PAIN,COUNT_PED_KILLED,COUNT_PED_INJURED,COUNT_BICYCLIST_KILLED,COUNT_BICYCLIST_INJURED,COUNT_MC_KILLED,COUNT_MC_INJURED,PRIMARY_RAMP,SECONDARY_RAMP,LATITUDE,LONGITUDE,COUNTY,CITY,POINT_X,POINT_Y
90198000,2016,2016-06-09,9230,2016-05-27,1530,016258,,5,2,9,2900,0,3,5,,2,030,"WOLF RD.","BRIAN LN",528.00,W,N,A,-,N,,,,,,,,,,Y,2,0,2,2,A,-,05,21460,A,N,A,C,A,A,H,-,A,A,0,,,,,Y,,D,22,1,1,0,0,0,0,0,0,0,"- ","- ",39.042960000000001,-121.1001,NEVADA,UNINCORPORATED,-121.09975013,39.042750060000003
90200227,2016,2016-06-13,9230,2016-06-03,0645,012882,,5,1,9,2900,0,1,3,,1,031,SR-49,"CRESTVIEW DR.",910.00,N,N,A,-,Y,,,49,,,,,,,Y,2,0,1,2,A,-,06,21750,,N,B,C,A,A,H,-,A,A,0,,,,,Y,,A,07,1,0,0,0,0,0,0,0,0,"- ","- ",39.192790000000002,-121.0535,NEVADA,UNINCORPORATED,-121.05344328,39.192825300000003
90205375,2016,2016-06-20,9230,2016-06-15,1700,013002,,3,2,2,2902,0,1,3,,1,061,"STATE ROUE 49","LIMA COURT",5808.00,S,N,B,-,Y,,,,,,,,,,Y,2,0,1,1,A,-,08,22107,,N,F,A,A,A,H,-,A,D,0,,,Y,,Y,,C,02,1,0,0,0,0,0,0,0,1,"- ","- ",39.295549999999999,-121.0984,NEVADA,"NEVADA CITY",,
90219520,2016,2016-07-11,9230,2016-06-26,1310,012882,,7,1,9,2900,0,1,3,,1,051,SR-20,"PINE FLAT WAY",300.00,E,N,A,-,Y,,,20,,,,,,,Y,1,1,0,1,A,-,08,22107,,N,E,I,A,A,H,-,A,D,0,,,Y,,Y,,C,02,0,0,0,0,0,0,0,1,0,"- ","- ",39.291629999999998,-120.93449,NEVADA,UNINCORPORATED,-120.93449885,39.29164617
90224400,2016,2016-07-18,9230,2016-07-17,1235,016258,,7,1,9,2900,0,3,5,,2,070,"INDIAN SPRINGS RD","PILOT PEAK LANE",8.00,W,N,A,-,N,,,,,,,,,,Y,2,0,2,2,A,-,05,21460,A,N,A,C,A,A,H,-,A,A,0,,,,,Y,,A,01,2,0,0,0,0,0,0,0,0,"- ","- ",39.176670000000001,-121.18434999999999,NEVADA,UNINCORPORATED,-121.18402472,39.176460589999998
90247517,2016,2016-08-18,9222,2016-08-08,0947,015908,,1,1,9,2900,0,1,1,,2,022,"I-80 E/B","CASTLE PEAK RD.",5544.00,E,N,A,-,Y,,,80,,,,,,E,Y,2,0,1,1,A,-,08,22107,,N,F,A,A,A,H,-,A,D,0,,,Y,,Y,,C,02,1,0,0,0,0,0,0,0,1,"- ","- ",39.342820000000003,-120.33123000000001,NEVADA,UNINCORPORATED,-120.33123186,39.34277625
90251922,2016,2016-08-24,9230,2016-08-21,0150,020411,,7,3,9,2900,0,3,5,,2,030,"MCCOURTNEY RD","WILLOW TREE LANE",120.00,W,N,A,-,N,,,,,,,,,,Y,2,0,1,1,A,-,08,22107,,N,E,I,A,A,H,-,C,D,0,,,,,Y,,A,07,1,0,0,0,0,0,0,0,0,"- ","- ",39.143979999999999,-121.14381,NEVADA,UNINCORPORATED,-121.14389122,39.144362200000003
90256150,2016,2016-08-29,9230,2016-02-18,1810,013903,,4,2,9,2900,0,1,3,,1,061,SR-49,"NISHINAM GULCH RD",1056.00,N,N,B,-,Y,,,49,,,,,,,Y,1,1,0,3,A,-,03,22350,,N,B,C,A,A,H,-,D,D,0,,,,,Y,,E,22,0,0,0,0,0,0,0,0,0,"- ","- ",39.2836,-121.10218,NEVADA,UNINCORPORATED,-121.10223324,39.283674580000003
90260297,2016,2016-09-05,9230,2016-08-15,1652,016569,,1,2,9,2900,0,3,5,,2,050,"RED DOG RD","CRYSTAL WELLS RD",160.00,E,N,A,-,N,,,,,,,,,,N,2,0,1,2,A,-,05,21650,,N,G,B,E,A,H,-,A,D,0,Y,,,,Y,,D,22,1,0,0,0,1,0,0,0,0,"- ","- ",39.255220000000001,-120.95466999999999,NEVADA,UNINCORPORATED,-120.95471105999999,39.255266980000002
90265479,2016,2016-09-12,9230,2016-09-06,1740,013002,,2,2,9,2900,0,1,3,,1,051,"STATE ROUTE 20","OMEGA ROAD",230.00,E,N,A,-,Y,,,20,,,,,,,Y,2,0,2,2,A,-,06,21751,,F,E,I,A,A,H,-,A,D,0,,,,,Y,,-,99,2,0,0,0,0,0,0,0,0,"- ","- ",39.319740000000003,-120.78679,NEVADA,UNINCORPORATED,-120.78679184000001,39.319587310000003
90267943,2016,2016-09-14,9230,2016-07-25,2500,012748,,1,4,9,2900,0,3,5,,2,060,"PURDON RD","B 4 RANCH RD",6864.00,N,N,A,-,N,,,,,,,,,,Y,1,1,0,1,A,-,05,21650,,N,E,I,A,A,E,H,A,D,0,,,,,Y,,A,01,0,0,0,0,0,0,0,0,0,"- ","- ",39.320349999999998,-121.04595999999999,NEVADA,UNINCORPORATED,-121.02854000000001,39.305759999999999
90278258,2016,2016-12-13,9230,2016-07-29,0415,016588,,5,3,9,2900,0,3,5,,2,060,"11460 CEMENT HILL ROAD","GOLDEN OAKS COURT",206.00,E,N,A,-,N,,,,,,,,,,Y,1,1,0,1,A,-,08,22107,,N,E,J,A,A,H,-,D,D,0,,,,,Y,,D,22,0,0,0,0,0,0,0,0,0,"- ","- ",39.281030000000001,-121.04477,NEVADA,UNINCORPORATED,-121.04491462999999,39.281148090000002
90317215,2016,2016-11-11,9222,2016-04-13,0940,017091,,3,1,3,2908,0,1,1,,2,022,"INTERSTATE 80 EASTBOUND","DONNER PASS ROAD (EXIT 184)",7392.00,W,N,A,B,Y,,,80,,,,,,E,Y,2,0,2,2,A,-,03,22350,,N,C,C,A,A,H,-,A,D,0,,,,Y,Y,,F,26,1,0,1,0,0,0,0,0,0,"- ","- ",39.331040000000002,-120.25036,NEVADA,TRUCKEE,-120.25035668,39.331088430000001
90330789,2016,2016-11-28,9230,2016-11-17,0851,019235,,4,1,9,2900,0,1,3,,1,061,SR-49,"READER RANCH RD",4752.00,S,N,A,-,Y,,,49,,,,,,,Y,2,0,1,1,A,-,03,22350,,N,F,A,A,A,H,-,A,A,0,,,Y,,Y,,C,02,1,0,0,0,0,0,0,0,1,"- ","- ",39.296750000000003,-121.10522,NEVADA,UNINCORPORATED,-121.10525481000001,39.29671982
90352811,2016,2017-01-09,9230,2016-12-02,1447,016569,,5,2,9,2900,0,3,5,,2,030,"MCCOURTNEY RD","AUBURN RD",1056.00,W,N,A,-,N,,,,,,,,,,Y,2,0,2,2,A,-,01,23152,A,N,A,C,A,A,H,-,A,D,0,,,Y,,Y,Y,C,02,1,0,1,0,0,0,0,0,1,"- ","- ",39.202480000000001,-121.08067,NEVADA,UNINCORPORATED,-121.08062459999999,39.202641659999998
90359994,2016,2017-01-03,9230,2016-12-17,2335,018057,,6,3,9,2900,0,3,5,,2,040,"LOWER COLFAX RD","POWER LINE RD",1584.00,N,N,A,-,N,,,,,,,,,,Y,2,0,2,1,A,-,01,23152,A,N,E,I,A,A,H,-,D,D,0,,,,,Y,Y,A,01,1,1,0,0,0,0,0,0,0,"- ","- ",39.158700000000003,-120.9787,NEVADA,UNINCORPORATED,-120.97891281,39.159191239999998
90383496,2017,2017-02-01,9230,2017-01-29,1200,019235,,7,1,9,2900,0,1,3,,1,061,SR-49,"HESSCHE AVE",1056.00,N,N,B,-,Y,,,49,,,,,,,N,2,0,1,1,A,-,05,21650,,N,E,I,A,A,H,-,A,A,0,,,,,Y,Y,A,07,1,0,0,0,0,0,0,0,0,"- ","- ",39.366520000000001,-121.11118,NEVADA,UNINCORPORATED,-121.111104,39.366306309999999
90406049,2017,2017-03-06,9230,2017-02-22,0040,016868,,3,3,9,2900,0,3,5,,2,030,"MAGNOLIA RD","ADAMSON DR",1550.00,E,N,B,-,N,,,,,,,,,,Y,2,0,1,1,A,-,08,22107,,M,E,I,A,B,H,-,D,D,0,,,,,Y,,A,01,1,0,0,0,0,0,0,0,0,"- ","- ",39.057810000000003,-121.02656,NEVADA,UNINCORPORATED,-121.02674931999999,39.057733489999997
90444863,2017,2017-04-28,9230,2017-04-13,1738,016657,,4,2,9,2900,0,2,4,,2,073,"ROUGH AND READY HWY","RIDGE RD",709.00,W,N,B,C,N,,,,,,,,,,Y,2,0,1,1,A,-,08,22107,,N,E,I,A,B,H,-,A,D,0,,,,,Y,,D,22,1,0,0,0,0,0,0,0,0,"- ","- ",39.228900000000003,-121.08759999999999,NEVADA,UNINCORPORATED,-121.08762929,39.228930679999998
90448900,2017,2017-05-04,9222,2017-04-26,1400,017515,,3,2,9,2900,0,3,5,,2,020,"GLENSHIRE DRIVE","WHITEHORSE RD.",69.00,N,N,A,-,N,,,,,,,,,,N,2,0,1,1,A,-,03,22350,,N,F,A,A,A,H,-,A,D,0,,,Y,,Y,,C,02,1,0,0,0,0,0,0,0,1,"- ","- ",39.366929999999996,-120.08589000000001,NEVADA,UNINCORPORATED,-120.08590122,39.367115390000002
90465657,2017,2017-05-26,9222,2017-05-24,0937,017091,,3,1,9,2900,0,1,1,,2,024,"INTERSTATE 80 WESTBOUND","FLORISTON WAY",4224.00,E,N,A,-,Y,,,80,,,,,,W,N,2,0,1,1,A,-,03,22350,,N,F,A,A,A,H,-,A,A,0,,,Y,,Y,,C,02,1,0,0,0,0,0,0,0,1,"- ","- ",39.403790000000001,-120.02513999999999,NEVADA,UNINCORPORATED,-120.02518705,39.403707949999998
90469392,2017,2017-06-01,9230,2017-05-25,1951,016657,,4,2,9,2900,0,1,3,,1,051,SR-20,"LOWELL HILL RD",2640.00,E,N,A,-,Y,,,20,,,,,,,Y,2,0,1,2,A,-,03,22350,,N,A,C,A,A,H,-,B,D,0,,,Y,,Y,,C,02,1,0,0,0,0,0,0,0,1,"- ","- ",39.304000000000002,-120.71810000000001,NEVADA,UNINCORPORATED,-120.7181314,39.303996509999997
90480412,2017,2017-06-19,9222,2017-06-10,1445,015913,,6,2,9,2900,0,1,1,,2,024,"I-80 WESTBOUND","FARAD RD.",1584.00,W,N,G,-,Y,,,,,,,,,,Y,2,0,4,1,A,-,08,22107,,N,E,I,A,A,H,-,A,D,0,,,,,Y,,A,01,2,2,0,0,0,0,0,0,0,"- ","- ",39.032049999999998,-120.03205,NEVADA,UNINCORPORATED,,
90488954,2017,2017-09-08,9230,2017-03-27,1555,017889,,1,2,9,2900,0,2,4,,2,073,"ROUGH AND READY HWY","VALLEY DR",0.00,,Y,A,-,N,,,,,,,,,,Y,1,1,0,1,A,-,08,22107,,N,E,I,A,A,H,-,A,A,0,,,Y,,Y,Y,C,02,0,0,0,0,0,0,0,1,0,"- ","- ",39.21114,-121.15165,NEVADA,UNINCORPORATED,-121.16165989,39.211109989999997
90491130,2017,2017-06-29,9230,2017-05-07,1605,014789,,7,2,9,2900,0,1,3,,1,071,"STATE HIGHWAY 20","WILD TURKEY LANE",729.00,W,N,A,-,Y,,,20,,,,,,,Y,1,1,1,2,A,-,03,22350,,N,A,C,A,A,H,-,A,D,0,,,Y,,Y,,C,02,0,1,0,0,0,0,0,1,0,"- ","- ",39.206449999999997,-121.27200999999999,NEVADA,UNINCORPORATED,-121.27197528000001,39.206518819999999
90501761,2017,2017-07-17,9222,2017-02-21,1200,017288,,2,1,3,2908,0,1,1,,2,023,"I-80 E/B","HIRSCHDALE ROAD",4752.00,W,N,B,D,Y,,,80,,,,,,E,Y,1,1,1,2,A,-,08,22107,,N,C,E,A,C,H,-,A,A,0,,,,Y,Y,,A,01,0,1,0,0,0,0,0,0,0,"- ","- ",39.37961,-120.09918,NEVADA,TRUCKEE,-120.09923585999999,39.379702690000002
90519008,2017,2017-08-08,9230,2017-07-23,1830,016258,,7,2,9,2900,0,3,5,,2,030,"MCCOURTNEY RD","LIME KILN RD",528.00,N,N,A,-,N,,,,,,,,,,Y,2,0,1,1,C,-,18,,,N,F,A,A,A,B,-,A,A,0,,,Y,,Y,,-,"- ",1,0,0,0,0,0,0,0,1,"- ","- ",39.098520000000001,-121.15205,NEVADA,UNINCORPORATED,-121.15056,39.098350000000003
90520693,2017,2017-08-10,9230,2017-05-20,1815,014789,,6,2,9,2900,0,1,3,,1,051,SR-20,"HARMONY RIDGE RD",528.00,W,N,A,-,Y,,,20,,,,,,,N,2,0,1,1,C,-,18,,,N,H,A,A,A,H,-,A,D,0,,,,,Y,Y,-,"- ",1,0,0,0,0,0,0,0,0,"- ","- ",39.284680000000002,-120.96563999999999,NEVADA,UNINCORPORATED,-120.96567030999999,39.284777300000002
90524974,2017,2017-08-16,9230,2017-08-01,1320,019235,,2,1,9,2900,0,3,5,,2,060,"PURDON RD","WHITTLESEY LN",2112.00,S,N,A,-,N,,,,,,,,,,Y,2,0,1,1,A,-,05,21650,,N,E,I,A,A,H,-,A,D,0,,,,,Y,,A,01,1,0,0,0,0,0,0,0,0,"- ","- ",39.348759999999999,-121.05798,NEVADA,UNINCORPORATED,-121.05828963,39.349063370000003
90534946,2017,2017-08-28,9230,2017-08-11,1340,016258,,5,1,9,2900,0,1,3,,1,031,SR-49,"LA BARR MEADOWS RD",0.00,,Y,A,-,Y,,,49,,,,,,,Y,2,0,2,2,A,-,03,22350,,N,C,C,A,A,H,-,A,A,0,,,,,Y,,A,01,1,0,1,0,0,0,0,0,0,"- ","- ",39.15813,-121.06076,NEVADA,UNINCORPORATED,-121.06087862,39.158257630000001
90554852,2017,2017-09-25,9230,2017-09-10,1530,016258,,7,2,9,2900,0,1,3,,1,061,SR-49,"INDEPENDENCE TAIL",264.00,S,N,A,-,Y,,,49,,,,,,,Y,2,0,1,1,A,-,03,22350,,N,F,A,A,A,H,-,A,A,0,,,Y,,Y,,C,02,1,0,0,0,0,0,0,0,1,"- ","- ",39.287199999999999,-121.1015,NEVADA,UNINCORPORATED,-121.10141831999999,39.287220679999997
90556400,2017,2017-09-26,9230,2017-09-25,1100,020059,,1,1,9,2900,0,3,5,,2,030,"ALEXANDRA WAY","JOSEPH DR",1000.00,E,N,A,-,N,,,,,,,,,,N,2,0,1,1,D,-,00,,,N,E,I,A,A,H,-,A,D,0,,Y,,,Y,,-,"- ",1,0,0,0,0,0,1,0,0,"- ","- ",39.115000000000002,-121.05962,NEVADA,UNINCORPORATED,-121.06306089,39.113747830000001
90587083,2017,2017-11-03,9221,2017-09-21,1107,014763,,4,1,9,2900,0,1,1,,2,387,"I-80 WESTBOUND","INDIAN SPRINGS U/C",1584.00,W,N,C,F,Y,,,80,,,,,,W,Y,1,1,0,2,A,-,03,22350,,N,C,C,A,C,H,-,A,D,0,,,,Y,Y,,D,22,0,0,0,0,0,0,0,0,0,"- ","- ",39.325870000000002,-120.56716,NEVADA,UNINCORPORATED,-120.56714135999999,39.32592099
90600111,2017,2017-11-22,9230,2017-11-07,1710,016258,,2,2,2,2901,0,1,3,,1,031,"SR-49 S/B","MCKNIGHT WAY",1584.00,S,N,A,-,Y,,,49,,,,,,S,Y,2,0,3,3,A,-,03,22350,,N,C,C,A,A,H,-,C,D,0,,,,,Y,,A,07,1,1,1,0,0,0,0,0,0,"- ","- ",39.197920000000003,-121.05686,NEVADA,"GRASS VALLEY",-121.05681039,39.197959930000003
90606192,2017,2017-11-30,9230,2017-11-28,1820,020059,,2,2,9,2900,0,2,4,,2,073,"ROUGH AND READY HWY","NIES CLIFF LN",1050.00,N,N,A,-,N,,,,,,,,,,Y,2,0,1,2,A,-,01,23152,A,N,A,C,A,A,H,-,D,D,0,,,,,Y,Y,A,01,1,0,0,0,0,0,0,0,0,"- ","- ",39.208419999999997,-121.16504999999999,NEVADA,UNINCORPORATED,-121.16527677000001,39.208820729999999
90614164,2017,2017-12-11,9230,2017-12-08,1900,020059,,5,2,9,2900,0,1,3,,2,042,"SR-20 E/B","GOLD FLAT RD",1050.00,W,N,A,-,Y,,,20,,,,,,E,Y,2,0,3,2,A,-,03,22350,,N,C,C,A,A,H,-,C,D,0,,,,,Y,,A,01,1,2,0,0,0,0,0,0,0,"- ","- ",39.245669999999997,-121.02694,NEVADA,UNINCORPORATED,-121.02691849999999,39.24564573
90619123,2017,2017-12-18,9230,2017-12-05,1835,016258,,2,2,9,2900,0,1,3,,1,051,"SR-20 W/B","SCOTTS FLAT RD",4224.00,E,N,A,-,Y,,,20,,,,,,W,Y,2,0,1,1,A,-,08,22107,,N,F,A,A,A,H,-,C,A,0,,,,,Y,,A,01,1,0,0,0,0,0,0,0,0,"- ","- ",39.288919999999997,-120.93949000000001,NEVADA,UNINCORPORATED,-120.93951002999999,39.288956599999999
90626164,2017,2017-12-26,9222,2017-09-10,1030,019233,,7,1,3,2908,0,1,1,,2,022,"I-80 E/B","DONNER LAKE ROAD",1100.00,E,N,A,-,Y,,,80,,,,,,E,Y,1,2,0,1,A,-,08,22107,,N,E,I,A,A,H,-,A,D,0,,,,,Y,,B,07,0,0,0,0,0,0,0,0,0,"- ","- ",39.330080000000002,-120.28496,NEVADA,TRUCKEE,-120.28493971,39.330140649999997
90652275,2017,2018-01-31,9230,2017-12-20,2118,020059,,3,2,2,2902,0,1,3,,1,061,"SR-49 N/B","MAIDU AVE",0.00,,Y,B,-,Y,,,,,,,,,,N,1,1,0,2,A,-,11,21954,A,N,G,B,D,A,H,-,D,D,0,Y,,,,Y,Y,N,60,0,0,0,1,0,0,0,0,0,"- ","- ",39.268470000000001,-121.07491,NEVADA,"NEVADA CITY",-121.02482993,39.268489879999997
90666970,2018,2018-02-22,9230,2018-02-14,1350,016258,,3,1,9,2900,0,1,3,,1,041,SR-174,"MOSSWOOD LN",120.00,S,N,A,-,Y,,,174,,,,,,,Y,2,0,1,1,A,-,08,22107,,N,E,I,A,A,H,-,A,A,0,,,,,Y,,A,01,1,0,0,0,0,0,0,0,0,"- ","- ",39.171768188476562,-120.97267150878906,NEVADA,UNINCORPORATED,-120.97261047363281,39.171772003173828
90671051,2018,2018-02-27,9222,2018-02-24,0418,018315,,6,3,9,2900,0,1,1,,2,022,"I-80 (E/B)","DONNER LAKE RD.",7392.00,W,N,A,-,Y,,,80,,,,,,,Y,2,0,1,1,A,-,01,23152,A,N,E,I,A,A,H,-,D,D,0,,,,,Y,Y,A,07,1,0,0,0,0,0,0,0,0,"- ","- ",39.337188720703125,-120.3072509765625,NEVADA,UNINCORPORATED,-120.30730438232422,39.337146759033203
90681012,2018,2018-03-13,9230,2018-03-02,1350,017889,,5,1,9,2900,0,3,5,,2,060,"TYLER FOOTE RD","MURPHY RD",218.00,E,N,A,-,N,,,,,,,,,,Y,2,0,1,1,A,-,01,23152,A,N,E,I,A,A,H,-,A,D,0,,,,,Y,Y,A,01,1,0,0,0,0,0,0,0,0,"- ","- ",39.339580535888672,-121.08026123046875,NEVADA,UNINCORPORATED,-121.08079528808594,39.339939117431641
90697080,2018,2018-04-02,9230,2018-02-05,1615,020059,,1,2,9,2900,0,1,3,,1,051,"STATE ROUTE 20","PINE NEEDLE LANE",2640.00,E,N,A,-,Y,,,20,,,,,,,Y,1,2,0,1,A,-,08,22107,,N,E,I,A,A,H,-,A,D,0,,,,,Y,,A,01,0,0,0,0,0,0,0,0,0,"- ","- ",39.313640594482422,-120.904296875,NEVADA,UNINCORPORATED,-120.904296875,39.313629150390625
90698224,2018,2018-04-04,9222,2018-03-02,1515,012704,,5,2,3,2908,0,1,1,,2,023,"I-80 W/B","SR-89 S U/C",620.00,E,N,D,-,Y,,,80,,,,,,W,Y,2,0,2,7,A,-,03,22350,,N,C,C,E,C,H,-,A,A,0,Y,,,,Y,,A,01,2,0,0,0,2,0,0,0,0,"- ","- ",39.323101043701172,-120.20187377929688,NEVADA,TRUCKEE,-120.20187377929688,39.323177337646484
90701177,2018,2018-04-09,9230,2018-03-30,0945,018771,,5,1,9,2900,0,1,3,,1,071,SR-20,"REX RESERVOIR RD",345.00,E,N,A,-,Y,,,20,,,,,,,Y,2,0,3,3,A,-,07,21658,A,N,H,A,A,A,H,-,A,D,0,,,,,Y,,A,01,2,1,0,0,0,0,0,0,0,"- ","- ",39.209098815917969,-121.13498687744141,NEVADA,UNINCORPORATED,-121.13498687744141,39.209053039550781
90725608,2018,2018-05-14,9230,2018-02-02,1152,013903,,5,1,2,2901,0,1,3,,2,042,"W/B SR-20 OFFRAMP TO E. MAIN ST","E. MAIN ST.",286.00,S,N,A,-,Y,,,20,,,,R,,,Y,1,1,1,1,A,-,03,22350,,N,E,I,A,A,H,-,A,A,0,,,,,Y,,D,22,0,1,0,0,0,0,0,0,0,"- ","- ",39.221111297607422,-121.05320739746094,NEVADA,"GRASS VALLEY",-121.05320739746094,39.221111297607422
90725872,2018,2018-05-14,9230,2018-05-01,1845,017889,,2,2,9,2900,0,1,3,,1,061,SR-49,"READER RANCH RD",1056.00,N,N,A,-,Y,,,49,,,,,,,Y,2,0,1,1,C,-,18,,,N,H,H,A,A,H,-,A,D,0,,,Y,,Y,,-,"- ",1,0,0,0,0,0,0,0,1,"- ","- ",39.303390502929688,-121.10915374755859,NEVADA,UNINCORPORATED,-121.10932922363281,39.3033447265625
90730055,2018,2018-05-21,9230,2018-03-23,1430,018459,,5,2,9,2900,0,1,3,,1,061,"STATE ROUTE 49","RUSH CREEK WAY",864.00,N,N,B,-,Y,,,49,,,,,,,Y,1,1,2,3,A,-,05,21460,A,N,A,C,A,A,H,-,A,D,0,,,,,Y,,E,22,1,1,0,0,0,0,0,0,0,"- ","- ",39.275981903076172,-121.08187866210938,NEVADA,UNINCORPORATED,-121.08187103271484,39.275997161865234
90736048,2018,2018-05-29,9222,2018-05-25,0230,016334,,5,3,9,2900,0,1,1,,2,022,"I-80 E/B","DONNER LAKE ROAD",7392.00,W,N,B,-,Y,,,80,,,,,,E,Y,2,0,2,1,A,-,08,22107,,N,E,J,A,A,H,-,D,D,0,,,,,Y,,A,01,1,0,1,0,0,0,0,0,0,"- ","- ",39.336601257324219,-120.30699920654297,NEVADA,UNINCORPORATED,-120.30697631835938,39.336612701416016
90739190,2018,2018-06-01,9230,2018-01-27,2240,020411,,6,3,9,2900,0,1,3,,1,051,"STATE ROUTE 20","WILLOW VALLEY ROAD",563.00,E,N,A,-,Y,,,20,,,,,,,Y,1,2,0,1,A,-,01,23152,G,N,E,I,A,A,H,-,D,D,0,,,,,Y,Y,A,01,0,0,0,0,0,0,0,0,0,"- ","- ",39.285820007324219,-120.95378112792969,NEVADA,UNINCORPORATED,-120.95378112792969,39.285804748535156
90749769,2018,2018-06-18,9230,2018-06-15,1955,020059,,5,2,9,2900,0,1,3,,1,041,"SR-174 (SOUTHBOUND)","ORCHARD SPRINGS RD",20.00,N,N,A,-,Y,,,,,,,,,,Y,2,0,2,1,C,-,18,,,N,H,H,A,A,H,-,A,D,0,,,Y,,Y,,-,"- ",2,0,0,0,0,0,0,0,2,"- ","- ",39.15142822265625,-120.96074676513672,NEVADA,UNINCORPORATED,,
90750618,2018,2018-06-19,9230,2018-06-17,2115,020059,,7,2,2,2902,0,1,3,,2,052,"EASTBOUND SR-20 TO BROAD STREET","BROAD STREET",0.00,,Y,A,-,Y,,,20,,,,R,,,Y,2,0,1,2,A,-,01,23152,A,N,G,B,B,A,H,-,E,A,0,Y,,,,Y,Y,A,07,1,0,0,0,1,0,0,0,0,"- ","- ",39.260841369628906,-121.01663970947266,NEVADA,"NEVADA CITY",-121.01663970947266,39.260841369628906
90765088,2018,2018-07-09,9230,2018-07-02,1530,020059,,1,2,9,2900,0,1,3,,1,061,SR-49,"READER RANCH RD",1900.00,N,N,A,-,Y,,,49,,,,,,,Y,2,0,2,1,A,-,08,22107,,N,F,A,A,A,H,-,A,D,0,,,,,Y,,D,22,2,0,0,0,0,0,0,0,0,"- ","- ",39.31201171875,-121.111328125,NEVADA,UNINCORPORATED,-121.11135864257812,39.312026977539062
90784113,2018,2018-08-03,9222,2018-07-26,0750,015908,,4,1,9,2900,0,1,1,,2,022,"I-80 E/B","CASTLE PEAK RD.",4224.00,E,N,A,-,Y,,,80,,,,,,E,Y,2,0,1,1,A,-,08,22107,,N,E,I,A,A,H,-,A,D,0,,,,,Y,,A,01,1,0,0,0,0,0,0,0,0,"- ","- ",39.342769622802734,-120.33525848388672,NEVADA,UNINCORPORATED,-120.33525085449219,39.342700958251953
90801714,2018,2018-08-30,9230,2018-08-28,2118,018771,,2,2,9,2900,0,3,5,,2,040,"GREENHORN ROAD","DOGWOOD RD",376.00,W,N,A,-,N,,,,,,,,,,Y,2,0,1,1,A,-,01,23152,A,N,F,A,A,A,H,-,D,A,0,,,Y,,Y,Y,C,02,1,0,0,0,0,0,0,0,1,"- ","- ",39.212100982666016,-120.98915100097656,NEVADA,UNINCORPORATED,-120.98918151855469,39.212165832519531
90813148,2018,2018-09-14,9230,2018-08-20,1720,018698,,1,2,9,2900,0,3,5,,2,060,"OAK TREE RD","NEW SCHOOL RD",284.00,E,N,A,-,N,,,,,,,,,,N,2,0,1,2,A,-,03,22350,,N,C,C,A,A,H,-,A,A,0,,,Y,,Y,Y,C,02,1,0,0,0,0,0,0,0,1,"- ","- ",39.3631591796875,-121.08571624755859,NEVADA,UNINCORPORATED,-121.08571624755859,39.3631591796875