CASE_ID,ACCIDENT_YEAR,PROC_DATE,JURIS,COLLISION_DATE,COLLISION_TIME,OFFICER_ID,REPORTING_DISTRICT,DAY_OF_WEEK,CHP_SHIFT,POPULATION,CNTY_CITY_LOC,SPECIAL_COND,BEAT_TYPE,CHP_BEAT_TYPE,CITY_DIVISION_LAPD,CHP_BEAT_CLASS,BEAT_NUMBER,PRIMARY_RD,SECONDARY_RD,DISTANCE,DIRECTION,INTERSECTION,WEATHER_1,WEATHER_2,STATE_HWY_IND,CALTRANS_COUNTY,CALTRANS_DISTRICT,STATE_ROUTE,ROUTE_SUFFIX,POSTMILE_PREFIX,POSTMILE,LOCATION_TYPE,RAMP_INTERSECTION,SIDE_OF_HWY,TOW_AWAY,COLLISION_SEVERITY,NUMBER_KILLED,NUMBER_INJURED,PARTY_COUNT,PRIMARY_COLL_FACTOR,PCF_CODE_OF_VIOL,PCF_VIOL_CATEGORY,PCF_VIOLATION,PCF_VIOL_SUBSECTION,HIT_AND_RUN,TYPE_OF_COLLISION,MVIW,PED_ACTION,ROAD_SURFACE,ROAD_COND_1,ROAD_COND_2,LIGHTING,CONTROL_DEVICE,CHP_ROAD_TYPE,PEDESTRIAN_ACCIDENT,BICYCLE_ACCIDENT,MOTORCYCLE_ACCIDENT,TRUCK_ACCIDENT,NOT_PRIVATE_PROPERTY,ALCOHOL_INVOLVED,STWD_VEHTYPE_AT_FAULT,CHP_VEHTYPE_AT_FAULT,COUNT_SEVERE_INJ,COUNT_VISIBLE_INJ,COUNT_COMPLAINT_PAIN,COUNT_PED_KILLED,COUNT_PED_INJURED,COUNT_BICYCLIST_KILLED,COUNT_BICYCLIST_INJURED,COUNT_MC_KILLED,COUNT_MC_INJURED,PRIMARY_RAMP,SECONDARY_RAMP,LATITUDE,LONGITUDE,COUNTY,CITY,POINT_X,POINT_Y
90840353,2018,2018-11-28,9222,2018-09-14,0020,015590,,5,3,9,2900,0,1,1,,2,021,"I-80  W/B","CASTLE PEAK",2109.00,W,N,A,-,Y,,,80,,,,,,W,Y,1,1,0,1,A,-,08,22107,,N,E,I,A,A,H,-,D,D,0,,,,,Y,,A,01,0,0,0,0,0,0,0,0,0,"- ","- ",39.334831237792969,-120.35572814941406,NEVADA,UNINCORPORATED,-120.35595703125,39.335189819335938
90842177,2018,2018-10-23,9230,2018-09-06,1650,016258,,4,2,9,2900,0,1,3,,1,041,SR-174,"EMPIRE MINE CROSS RD",25.00,S,N,A,-,Y,,,174,,,,,,,Y,2,0,2,2,A,-,01,23152,A,N,A,C,A,A,H,-,A,A,0,,,,,Y,Y,A,01,1,1,0,0,0,0,0,0,0,"- ","- ",39.209980010986328,-121.04769134521484,NEVADA,UNINCORPORATED,-121.04769897460938,39.209972381591797
90842184,2018,2018-10-23,9230,2018-09-06,1651,016258,,4,2,9,2900,0,3,5,,2,040,"SILVER WAY",SR-174,505.00,E,N,A,-,N,,,,,,,,,,Y,2,0,1,1,A,-,01,23152,A,N,E,I,A,A,H,-,A,D,0,,,,,Y,Y,A,01,1,0,0,0,0,0,0,0,0,"- ","- ",39.209850311279297,-121.04682159423828,NEVADA,UNINCORPORATED,-121.04617309570312,39.210739135742188
90850330,2018,2018-10-31,9230,2018-10-25,2010,016258,,4,2,9,2900,0,1,3,,1,041,SR-174,"MEADOW DR",282.00,S,N,A,-,Y,,,174,,,,,,,Y,2,0,1,1,A,-,08,22107,,N,E,I,A,A,H,-,D,D,0,,,,,Y,,A,07,1,0,0,0,0,0,0,0,0,"- ","- ",39.19110107421875,-120.99867248535156,NEVADA,UNINCORPORATED,-120.99867248535156,39.191154479980469
90857427,2018,2018-11-09,9230,2018-11-07,1340,014289,,3,1,9,2900,0,1,3,,1,061,"STATE HIGHWAY 49","NISHINAM GULCH RD",3168.00,N,N,A,-,Y,,,49,,,,,,,Y,2,0,1,1,A,-,08,22107,,N,E,I,A,A,H,-,A,D,0,,,Y,,Y,,C,02,1,0,0,0,0,0,0,0,1,"- ","- ",39.286388397216797,-121.10050964355469,NEVADA,UNINCORPORATED,-121.10066986083984,39.286342620849609
90866266,2018,2018-11-26,9230,2018-11-18,1843,016843,,7,2,9,2900,0,1,3,,1,031,"STATE ROUTE 49 NORTHBOUND","LA BARR MEADOWS ROAD",3168.00,N,N,A,-,Y,,,49,,,,,,N,N,2,0,1,2,A,-,11,21954,A,N,G,B,E,A,H,-,D,D,0,Y,,,,Y,Y,N,60,1,0,0,0,1,0,0,0,0,"- ","- ",39.165271759033203,-121.05695343017578,NEVADA,UNINCORPORATED,-121.05691528320312,39.165264129638672
90869595,2018,2018-11-28,9230,2018-11-24,1220,018098,,6,1,9,2900,0,1,3,,1,051,"STATE ROUTE 20 EASTBOUND","HARMONY RIDGE RD",4224.00,W,N,B,-,Y,,,20,,,,,,E,Y,1,1,2,1,A,-,03,22350,,N,E,I,A,B,H,-,A,D,0,,,,,Y,,A,01,0,2,0,0,0,0,0,0,0,"- ","- ",39.282390594482422,-120.97811126708984,NEVADA,UNINCORPORATED,-120.97809600830078,39.282405853271484
90898700,2018,2019-01-07,9230,2018-12-29,1030,016665,,6,1,9,2900,0,1,3,,1,061,"SR-49 S/B","JOHN BARLEYCORN RD",100.00,N,N,A,-,Y,,,49,,,,,,S,Y,2,0,2,1,A,-,08,22107,,N,E,I,A,B,H,-,A,D,0,,,,,Y,,D,22,1,1,0,0,0,0,0,0,0,"- ","- ",39.272289276123047,-121.06352233886719,NEVADA,UNINCORPORATED,-121.06352996826172,39.272239685058594
90905383,2018,2019-01-16,9230,2018-12-13,1445,017935,,4,2,9,2900,0,3,5,,2,050,"BANNER QUAKER HILL RD","PASQUALE RD E.",740.00,W,N,B,-,N,,,,,,,,,,N,2,0,1,1,A,-,08,22107,,N,F,A,A,A,H,-,A,D,0,,,Y,,Y,,C,02,1,0,0,0,0,0,0,0,1,"- ","- ",39.261360168457031,-120.91787719726562,NEVADA,UNINCORPORATED,-120.91776275634766,39.26141357421875
90915538,2019,2019-01-30,9230,2019-01-30,0100,020059,,3,3,9,2900,0,3,5,,2,050,"WASHINGTON RD","PHELPS HILL RD",4700.00,N,N,B,-,N,,,,,,,,,,Y,2,0,1,1,A,-,08,22107,,N,E,I,A,A,H,-,D,D,0,,,,,Y,,A,01,1,0,0,0,0,0,0,0,0,"- ","- ",39.342861175537109,-120.80696105957031,NEVADA,UNINCORPORATED,-120.80702972412109,39.342750549316406
90918163,2019,2019-02-04,9230,2019-01-25,1704,014289,,5,2,9,2900,0,1,3,,1,061,"STATE HIGHWAY 49","READER RANCH RD",2640.00,S,N,A,-,Y,,,49,,,,,,,Y,2,0,1,2,A,-,07,21658,A,N,B,C,A,A,H,-,A,D,0,,,,,Y,,D,22,1,0,0,0,0,0,0,0,0,"- ","- ",39.301769256591797,-121.10881805419922,NEVADA,UNINCORPORATED,-121.10888671875,39.301746368408203
90918516,2019,2019-02-04,9230,2019-02-03,1730,018771,,7,2,9,2900,0,3,5,,2,040,"IDAHO MARYLAND RD","MADRONE FOREST DR",62.00,W,N,B,C,N,,,,,,,,,,Y,2,0,2,1,A,-,01,23152,A,N,E,I,A,B,H,-,D,D,0,,,,,Y,Y,A,01,1,1,0,0,0,0,0,0,0,"- ","- ",39.229000091552734,-121.00244140625,NEVADA,UNINCORPORATED,-121.00234222412109,39.229038238525391
90932057,2019,2019-02-22,9230,2019-01-27,1320,017935,,7,1,9,2900,0,2,4,,2,073,"ROUGH AND READY HWY","ROUGH AND READY RD",30.00,S,N,A,-,N,,,,,,,,,,Y,2,0,1,2,A,-,08,22107,,N,F,A,A,A,H,-,A,D,0,,,Y,,Y,,C,02,1,0,0,0,0,0,0,0,1,"- ","- ",39.226768493652344,-121.14231109619141,NEVADA,UNINCORPORATED,-121.14241027832031,39.226699829101562
90933936,2019,2019-02-26,9230,2019-02-22,1220,014289,,5,1,9,2900,0,3,5,,2,050,"WILLOW VALLEY RD.","MOSQUITO CREEK LN",35.00,S,N,A,-,N,,,,,,,,,,Y,2,0,1,1,A,-,03,22350,,N,E,I,A,C,H,-,A,D,0,,,,,Y,,A,01,1,0,0,0,0,0,0,0,0,"- ","- ",39.269271850585938,-120.99661254882812,NEVADA,UNINCORPORATED,-120.99649810791016,39.269184112548828
90940152,2019,2019-03-05,9230,2019-02-20,0825,014289,,3,1,9,2900,0,3,5,,2,060,"TYLER FOOTE RD","ANANDA WAY",528.00,E,N,B,D,N,,,,,,,,,,Y,2,0,2,2,A,-,03,22350,,N,A,C,A,B,H,-,A,D,0,,,,,Y,,A,01,1,1,0,0,0,0,0,0,0,"- ","- ",39.369148254394531,-121.04493713378906,NEVADA,UNINCORPORATED,-121.04479217529297,39.369186401367188
90944581,2019,2019-03-12,9222,2019-02-09,1140,015239,,6,1,3,2908,0,1,1,,2,022,"I-80 EASTBOUND TO DONNER PASS ROAD","DONNER PARK OVER-CROSSING",220.00,W,N,B,D,Y,,,80,,,,R,,E,Y,2,0,3,2,A,-,03,22350,,N,C,C,A,C,H,-,A,A,0,,,,,Y,,A,08,1,1,1,0,0,0,0,0,0,"- ","- ",39.324249267578125,-120.22756195068359,NEVADA,TRUCKEE,-120.22756195068359,39.324249267578125
90945929,2019,2019-03-14,9230,2019-03-08,2335,020059,,5,3,9,2900,0,3,5,,2,050,"SCOTTS FLAT RD","SCOTTS VALLEY RD",82.00,E,N,B,-,N,,,,,,,,,,Y,2,0,1,1,A,-,01,23152,A,N,E,I,A,B,H,-,D,D,0,,,,,Y,Y,A,01,1,0,0,0,0,0,0,0,0,"- ","- ",39.273929595947266,-120.96086883544922,NEVADA,UNINCORPORATED,-120.96075439453125,39.273910522460938
90946515,2019,2019-06-17,9230,2019-02-09,2500,020411,,6,4,9,2900,0,3,5,,2,030,"MCCOURTNEY ROAD","INDIAN SPRINGS ROAD",412.00,N,N,B,C,N,,,,,,,,,,Y,1,1,0,1,A,-,08,22107,,N,E,J,A,B,H,-,D,D,0,,,,,Y,,D,22,0,0,0,0,0,0,0,0,0,"- ","- ",39.165019989013672,-121.13063812255859,NEVADA,UNINCORPORATED,-121.13065338134766,39.165042877197266
90977061,2019,2019-04-26,9230,2019-04-12,1100,017889,,5,1,9,2900,0,3,5,,2,030,"MCCOURTNEY RD","INDIAN SPRINGS RD",64.00,S,N,A,-,N,,,,,,,,,,Y,2,0,1,2,A,-,12,22450,A,N,E,I,A,A,H,-,A,A,0,,,,Y,Y,,F,26,1,0,0,0,0,0,0,0,0,"- ","- ",39.164390563964844,-121.13227081298828,NEVADA,UNINCORPORATED,-121.13223266601562,39.164695739746094
91005549,2019,2019-06-07,9230,2019-06-02,1935,018459,,7,2,9,2900,0,3,5,,2,030,"SKY PINES RD","HACKETT CT",152.00,N,N,B,-,N,,,,,,,,,,Y,2,0,1,1,A,-,01,23152,A,N,E,I,A,A,H,-,A,D,0,,,,,Y,Y,A,07,1,0,0,0,0,0,0,0,0,"- ","- ",39.151630401611328,-121.05203247070312,NEVADA,UNINCORPORATED,-121.05209350585938,39.151592254638672
91012365,2019,2019-06-18,9230,2019-06-15,0605,016665,,6,1,9,2900,0,1,3,,1,031,"SR-49 N/B","CLIVUS DR",708.00,S,N,A,-,Y,,,49,,,,,,N,Y,2,0,1,1,A,-,01,23152,A,N,E,I,A,A,H,-,A,D,0,,,,,Y,Y,A,01,1,0,0,0,0,0,0,0,0,"- ","- ",39.064628601074219,-121.08795928955078,NEVADA,UNINCORPORATED,-121.0880126953125,39.06463623046875
91014806,2019,2019-07-19,9230,2019-06-14,2035,018459,,5,2,9,2900,0,3,5,,2,030,"LIME KILN ROAD","MCCOURTNEY RD",550.00,E,N,A,-,N,,,,,,,,,,Y,2,0,2,2,A,-,11,21956,,F,G,B,E,A,H,-,D,D,0,Y,,Y,,Y,,N,60,1,0,1,0,1,0,0,0,1,"- ","- ",39.097900390625,-121.14823150634766,NEVADA,UNINCORPORATED,-121.14867401123047,39.098102569580078
91027190,2019,2019-07-09,9230,2019-07-05,1525,018459,,5,2,2,2902,0,1,3,,1,061,SR-49,"SR-20 (UREN STREET)",0.00,,Y,A,-,Y,,,49,,,,,,,Y,2,0,1,2,A,-,09,21802,A,N,D,C,A,A,H,-,A,A,0,,,,,Y,,A,01,1,0,0,0,0,0,0,0,0,"- ","- ",39.267818450927734,-121.01502990722656,NEVADA,"NEVADA CITY",-121.01502227783203,39.267852783203125
91030538,2019,2019-07-15,9230,2019-06-30,2350,020411,,7,3,9,2900,0,3,5,,2,060,"OAK TREE RD","WAMPUM WAY",340.00,S,N,A,-,N,,,,,,,,,,Y,2,0,1,1,A,-,08,22107,,N,F,A,A,A,H,-,D,D,0,,,,,Y,,A,01,1,0,0,0,0,0,0,0,0,"- ","- ",39.361980438232422,-121.07965850830078,NEVADA,UNINCORPORATED,-121.07976531982422,39.361949920654297
91059604,2019,2019-08-26,9221,2019-08-17,1920,018530,,6,2,9,2900,0,3,5,,2,060,"MEADOW LAKE RD","JACKSON MEADOWS RD",52800.00,S,N,A,-,N,,,,,,,,,,N,2,0,1,1,B,-,22,,,N,F,I,A,A,H,-,A,D,0,,,Y,,Y,,C,06,1,0,0,0,0,0,0,0,1,"- ","- ",39.41619873046875,-120.49669647216797,NEVADA,UNINCORPORATED,-120.49671173095703,39.416210174560547
91065508,2019,2019-09-03,9230,2019-08-25,0315,019940,,7,3,9,2900,0,3,5,,2,030,"MCCOURTNEY RD","CAROLINE WAY",153.00,S,N,A,-,N,,,,,,,,,,Y,2,0,1,1,C,-,18,,,M,H,H,A,A,H,-,D,D,0,,,Y,,Y,,-,"- ",1,0,0,0,0,0,0,0,1,"- ","- ",39.178260803222656,-121.10903930664062,NEVADA,UNINCORPORATED,-121.10903167724609,39.178241729736328
91068066,2019,2019-09-05,9230,2019-08-17,0235,018698,,6,3,9,2900,0,3,5,,2,030,"WOLF RD","WOLF RIDGE CT",93.00,N,N,A,-,N,,,,,,,,,,Y,2,0,2,1,A,-,01,23152,A,N,E,I,A,A,H,-,D,A,0,,,,,Y,Y,A,01,2,0,0,0,0,0,0,0,0,"- ","- ",39.080860137939453,-121.12319946289062,NEVADA,UNINCORPORATED,-121.12419128417969,39.080650329589844
91074267,2019,2019-09-13,9230,2019-09-09,1020,014289,,1,1,9,2900,0,3,5,,2,060,"TYLER FOOTE RD","OAK TREE ROAD",212.00,E,N,A,-,N,,,,,,,,,,Y,2,0,2,1,A,-,08,22107,,N,E,I,A,A,H,-,A,D,0,,,,,Y,,D,22,2,0,0,0,0,0,0,0,0,"- ","- ",39.354049682617188,-121.06240844726562,NEVADA,UNINCORPORATED,-121.06327056884766,39.354747772216797
91076098,2019,2019-09-17,9230,2019-09-11,0836,016665,,3,1,9,2900,0,1,3,,1,031,SR-49,"CHERRY CREEK RD",67.00,S,N,A,-,Y,,,49,,,,,,,Y,2,0,2,2,A,-,09,21801,A,N,D,C,A,A,H,-,A,D,0,,,,,Y,,A,01,1,1,0,0,0,0,0,0,0,"- ","- ",39.098060607910156,-121.08512115478516,NEVADA,UNINCORPORATED,-121.08514404296875,39.098064422607422
91083101,2019,2019-09-25,9230,2019-09-18,1110,016665,,3,1,9,2900,0,1,3,,1,031,SR-49,"CHERRY CREEK RD (NORTH)",0.00,,Y,B,C,Y,,,49,,,,,,,Y,2,0,2,2,A,-,03,22350,,N,D,C,A,B,H,-,A,A,0,,,,,Y,,A,01,1,0,1,0,0,0,0,0,0,"- ","- ",39.098258972167969,-121.08513641357422,NEVADA,UNINCORPORATED,-121.08511352539062,39.098255157470703
91087217,2019,2019-09-30,9230,2019-09-28,1450,020411,,6,2,9,2900,0,3,5,,2,060,"RELIEF HILL RD","BUCK RD",5280.00,S,N,B,C,N,,,,,,,,,,N,2,0,1,1,A,-,03,22350,,N,F,A,A,D,A,-,A,D,0,,,Y,,Y,,C,02,1,0,0,0,0,0,0,0,1,"- ","- ",39.359291076660156,-120.88237762451172,NEVADA,UNINCORPORATED,-120.88228607177734,39.359329223632812
91099980,2019,2019-10-17,9230,2019-06-25,1649,018107,,2,2,9,2900,0,3,5,,2,030,"MCCOURTNEY ROAD","BONNIE VIEW WAY",295.00,E,N,A,-,N,,,,,,,,,,Y,1,1,1,2,A,-,03,22350,,N,A,C,A,A,H,-,A,A,0,,,Y,,Y,Y,C,02,0,0,1,0,0,0,0,1,0,"- ","- ",39.202751159667969,-121.08181762695312,NEVADA,UNINCORPORATED,-121.08203887939453,39.202751159667969
91112872,2019,2019-11-04,9222,2019-09-28,1555,015913,,6,2,9,2900,0,1,1,,2,024,"I-80 W/B","HIRSCHDALE RD.",1584.00,E,N,C,-,Y,,,80,,,,,,W,Y,2,0,12,11,A,-,03,22350,,N,C,C,A,B,H,-,A,D,0,,,,Y,Y,,G,25,5,3,4,0,0,0,0,0,0,"- ","- ",39.376380920410156,-120.0703125,NEVADA,UNINCORPORATED,-120.07033538818359,39.376346588134766
91122316,2019,2019-11-18,9230,2019-11-09,0345,019940,,6,3,9,2900,0,3,5,,2,030,"CARRIE DR","LORIE DR",1510.00,S,N,A,-,N,,,,,,,,,,Y,2,0,2,1,A,-,08,22107,,F,E,J,A,A,H,-,D,D,0,,,,,Y,,A,01,1,1,0,0,0,0,0,0,0,"- ","- ",39.141971588134766,-121.03997039794922,NEVADA,UNINCORPORATED,-121.03990173339844,39.1419677734375
91161663,2019,2020-03-04,9230,2019-11-10,1740,015911,,7,2,9,2900,0,1,3,,1,061,"STATE ROUTE 49","NEWTOWN ROAD",8.00,S,N,A,-,Y,,,49,,,,,,,Y,1,1,0,2,A,-,10,21950,A,N,G,B,D,A,H,-,C,D,0,Y,,,,Y,,D,22,0,0,0,1,0,0,0,0,0,"- ","- ",39.268680572509766,-121.05670166015625,NEVADA,UNINCORPORATED,-121.05670166015625,39.2686767578125
91165509,2019,2020-01-14,9230,2019-12-25,2010,018691,,3,2,9,2900,0,3,5,,2,060,"TYLER FOOTE RD","KAMENA RD",1068.00,E,N,B,-,N,,,,,,,,,,Y,2,0,2,3,A,-,03,22350,,F,G,B,E,A,H,-,D,D,0,Y,,,,Y,,A,07,1,1,0,0,1,0,0,0,0,"- ","- ",39.366039276123047,-121.0338134765625,NEVADA,UNINCORPORATED,-121.030029296875,39.36669921875
91206458,2020,2020-03-11,9222,2020-02-24,0125,015913,,1,3,9,2900,0,1,1,,2,021,"I-80 WESTBOUND","CASTLE PEAK RD.",3168.00,W,N,A,-,Y,,,80,,,,,,W,Y,2,0,3,1,A,-,01,23152,A,N,E,I,A,A,H,-,D,D,0,,,,,Y,Y,A,01,1,1,1,0,0,0,0,0,0,"- ","- ",39.334659576416016,-120.35691833496094,NEVADA,UNINCORPORATED,-120.35691070556641,39.334632873535156
91215370,2020,2020-03-25,9221,2020-03-11,1720,018213,,3,2,9,2900,0,1,1,,2,387,"I-80 W/B",SR-20,2000.00,E,N,A,-,Y,,,80,,,,,,W,Y,2,0,2,1,A,-,08,22107,,N,E,I,A,A,H,-,A,D,0,,,,,Y,,A,01,1,0,1,0,0,0,0,0,0,"- ","- ",39.326171875,-120.5986328125,NEVADA,UNINCORPORATED,-120.5986328125,39.326328277587891
91218786,2020,2020-03-30,9222,2020-03-26,0910,016892,,4,1,9,2900,0,1,1,,2,023,"I-80 WB","HIRSCHDALE RD",1104.00,E,N,B,-,Y,,,80,,,,,,W,Y,2,0,4,2,A,-,03,22350,,N,D,C,A,C,H,-,A,D,0,,,,,Y,,A,01,1,0,3,0,0,0,0,0,0,"- ","- ",39.383338928222656,-120.07923889160156,NEVADA,UNINCORPORATED,-120.07925415039062,39.38330078125
91233146,2020,2020-05-04,9230,2020-04-30,0140,019940,,4,3,9,2900,0,1,3,,1,051,"SR-20 W/B","LAST CHANCE MINE RD",5280.00,W,N,A,-,Y,,,,,,,,,,Y,2,0,2,1,A,-,08,22107,,N,E,I,A,A,H,-,D,D,0,,,,,Y,,A,07,1,1,0,0,0,0,0,0,0,"- ","- ",39.191440582275391,-120.44326782226562,NEVADA,UNINCORPORATED,-120.74253082275391,39.320598602294922
91249592,2020,2020-06-09,9230,2020-05-30,1530,017889,,6,2,9,2900,0,3,5,,2,040,"GREENHORN RD","GLENN PINES RD",30.00,W,N,B,-,N,,,,,,,,,,Y,2,0,1,1,A,-,01,23152,A,N,F,A,A,A,H,-,A,A,0,,,Y,,Y,Y,C,02,1,0,0,0,0,0,0,0,1,"- ","- ",39.214271545410156,-121.00544738769531,NEVADA,UNINCORPORATED,-121.0054931640625,39.214332580566406
91269578,2020,2020-07-16,9230,2020-07-10,1230,018459,,5,1,9,2900,0,3,5,,2,040,"RATTLESNAKE RD",SR-174,110.00,S,N,A,-,N,,,,,,,,,,Y,2,0,1,2,A,-,09,21804,A,N,D,C,A,A,H,-,A,D,0,,,Y,,Y,,I,09,1,0,0,0,0,0,0,0,1,"- ","- ",39.199611663818359,-121.03504180908203,NEVADA,UNINCORPORATED,-121.03504943847656,39.199649810791016
91271037,2020,2020-07-20,9230,2020-07-19,0055,020059,,7,3,2,2901,0,1,3,,2,042,"STATE ROUTE 20 (WESTBOUND)","IDAHO MARYLAND RD",318.00,W,N,A,-,Y,,,20,,,,,,,Y,2,0,1,1,A,-,01,23152,A,N,E,I,A,A,H,-,C,D,0,,,,,Y,Y,A,01,1,0,0,0,0,0,0,0,0,"- ","- ",39.221729278564453,-121.05220031738281,NEVADA,"GRASS VALLEY",-121.05207061767578,39.221584320068359
91273451,2020,2020-07-23,9230,2020-07-21,2100,016426,,2,2,9,2900,0,3,5,,2,070,"ALTA ST","DOLORES DR",70.00,N,N,A,-,N,,,,,,,,,,N,2,0,1,1,A,-,01,23152,A,N,E,I,A,A,H,-,C,D,0,,,Y,,Y,Y,C,03,1,0,0,0,0,0,0,0,1,"- ","- ",39.229499816894531,-121.07160949707031,NEVADA,UNINCORPORATED,-121.07155609130859,39.229583740234375
91281937,2020,2020-08-06,9230,2020-08-06,0005,020411,,4,3,9,2900,0,1,3,,1,061,SR-49,"BREM LN",4488.00,N,N,A,-,Y,,,49,,,,,,,Y,2,0,1,1,A,-,08,22107,,N,E,I,A,A,H,-,D,D,0,,,Y,,Y,,C,02,1,0,0,0,0,0,0,0,1,"- ","- ",39.383430480957031,-121.09385681152344,NEVADA,UNINCORPORATED,-121.09385681152344,39.383491516113281
91289251,2020,2020-08-19,9222,2020-08-07,1500,017270,,5,2,9,2900,0,1,1,,2,023,"I-80 W/B","FLORISTON WAY",1600.00,E,N,A,-,Y,,,80,,,,,,W,N,2,0,1,1,A,-,08,22107,,N,E,I,A,A,H,-,A,D,0,,,Y,,Y,,C,02,1,0,0,0,0,0,0,0,1,"- ","- ",39.400100708007812,-120.02220153808594,NEVADA,UNINCORPORATED,-120.02223205566406,39.400093078613281
91295165,2020,2020-08-28,9230,2020-08-09,0622,017889,,7,1,9,2900,0,1,3,,1,031,SR-49,"RUNNING M DR",725.00,S,N,A,-,Y,,,49,,,,,,,Y,2,0,2,2,A,-,01,23152,A,N,B,C,A,A,H,-,A,D,0,,,,,Y,Y,A,01,1,1,0,0,0,0,0,0,0,"- ","- ",39.064838409423828,-121.08808135986328,NEVADA,UNINCORPORATED,-121.08798217773438,39.064823150634766
91295174,2020,2020-08-28,9230,2020-08-13,1045,017889,,4,1,9,2900,0,3,5,,2,030,"DUGGANS RD","MATHIS WAY",528.00,S,N,A,-,N,,,,,,,,,,Y,2,0,1,1,A,-,03,22350,,N,F,A,A,A,H,-,A,A,0,,,Y,,Y,,C,02,1,0,0,0,0,0,0,0,1,"- ","- ",39.071628570556641,-121.11367797851562,NEVADA,UNINCORPORATED,-121.11370849609375,39.071479797363281
91298815,2020,2020-09-04,9230,2020-08-31,1720,015911,,1,2,9,2900,0,1,3,,1,071,"STATE ROUTE 20","MOONEY FLAT RD",1518.00,E,N,A,-,Y,,,20,,,,,,,Y,2,0,1,1,A,-,08,22107,,N,F,A,A,A,H,-,A,D,0,,,Y,,Y,,C,02,1,0,0,0,0,0,0,0,1,"- ","- ",39.20751953125,-121.27523040771484,NEVADA,UNINCORPORATED,-121.27522277832031,39.20745849609375
91310469,2020,2020-09-24,9222,2020-09-03,2322,015913,,4,3,9,2900,0,1,1,,2,022,"I-80 EASTBOUND","DONNER PASS RD. EXIT #184",10560.00,W,N,A,-,Y,,,80,,,,,,E,Y,2,0,2,1,A,-,03,22350,,N,E,I,A,A,H,-,D,D,0,,,,,Y,,A,07,2,0,0,0,0,0,0,0,0,"- ","- ",39.330169677734375,-120.26148223876953,NEVADA,UNINCORPORATED,-120.26150512695312,39.330226898193359
91312928,2020,2020-09-28,9222,2020-09-20,1840,017550,,7,2,9,2900,0,3,5,,2,020,"STAMPEDE MEADOWS RD.","SIERRA COUNTY LINE",750.00,S,N,A,-,N,,,,,,,,,,Y,2,0,1,1,A,-,01,23152,A,N,F,A,A,A,H,-,A,D,0,,,,,Y,Y,D,22,1,0,0,0,0,0,0,0,0,"- ","- ",39.443759918212891,-120.0948486328125,NEVADA,UNINCORPORATED,,
91327658,2020,2020-10-20,9230,2020-10-08,1330,013903,,4,1,9,2900,0,1,3,,1,061,SR-49,"NISHINAM GULCH RD",8448.00,N,N,A,-,Y,,,49,,,,,,,Y,2,0,2,2,A,-,05,21460,A,N,B,C,A,A,H,-,A,D,0,,,,Y,Y,,A,01,1,1,0,0,0,0,0,0,0,"- ","- ",39.296100616455078,-121.09200286865234,NEVADA,UNINCORPORATED,-121.09208679199219,39.296234130859375
91336174,2020,2020-11-02,9230,2020-10-25,0128,020411,,7,3,9,2900,0,1,3,,1,031,SR-49,"OAK DR",175.00,N,N,A,-,Y,,,49,,,,,,,Y,2,0,1,1,A,-,01,23152,A,N,E,I,A,A,H,-,D,D,0,,,,,Y,Y,A,01,1,0,0,0,0,0,0,0,0,"- ","- ",39.105018615722656,-121.08529663085938,NEVADA,UNINCORPORATED,-121.08538818359375,39.105030059814453