CASE_ID,ACCIDENT_YEAR,PROC_DATE,JURIS,COLLISION_DATE,COLLISION_TIME,OFFICER_ID,REPORTING_DISTRICT,DAY_OF_WEEK,CHP_SHIFT,POPULATION,CNTY_CITY_LOC,SPECIAL_COND,BEAT_TYPE,CHP_BEAT_TYPE,CITY_DIVISION_LAPD,CHP_BEAT_CLASS,BEAT_NUMBER,PRIMARY_RD,SECONDARY_RD,DISTANCE,DIRECTION,INTERSECTION,WEATHER_1,WEATHER_2,STATE_HWY_IND,CALTRANS_COUNTY,CALTRANS_DISTRICT,STATE_ROUTE,ROUTE_SUFFIX,POSTMILE_PREFIX,POSTMILE,LOCATION_TYPE,RAMP_INTERSECTION,SIDE_OF_HWY,TOW_AWAY,COLLISION_SEVERITY,NUMBER_KILLED,NUMBER_INJURED,PARTY_COUNT,PRIMARY_COLL_FACTOR,PCF_CODE_OF_VIOL,PCF_VIOL_CATEGORY,PCF_VIOLATION,PCF_VIOL_SUBSECTION,HIT_AND_RUN,TYPE_OF_COLLISION,MVIW,PED_ACTION,ROAD_SURFACE,ROAD_COND_1,ROAD_COND_2,LIGHTING,CONTROL_DEVICE,CHP_ROAD_TYPE,PEDESTRIAN_ACCIDENT,BICYCLE_ACCIDENT,MOTORCYCLE_ACCIDENT,TRUCK_ACCIDENT,NOT_PRIVATE_PROPERTY,ALCOHOL_INVOLVED,STWD_VEHTYPE_AT_FAULT,CHP_VEHTYPE_AT_FAULT,COUNT_SEVERE_INJ,COUNT_VISIBLE_INJ,COUNT_COMPLAINT_PAIN,COUNT_PED_KILLED,COUNT_PED_INJURED,COUNT_BICYCLIST_KILLED,COUNT_BICYCLIST_INJURED,COUNT_MC_KILLED,COUNT_MC_INJURED,PRIMARY_RAMP,SECONDARY_RAMP,LATITUDE,LONGITUDE,COUNTY,CITY,POINT_X,POINT_Y
91346128,2020,2020-11-16,9222,2020-10-11,1805,017550,,7,2,9,2900,0,1,1,,2,024,"I-80 W/B","FLORISTON U/C",12672.00,W,N,A,-,Y,,,80,,,,,,W,Y,1,1,4,4,A,-,03,22350,,N,C,C,A,A,H,-,A,D,0,,,Y,,Y,,C,02,2,0,2,0,0,0,0,1,2,"- ","- ",39.370021820068359,-120.04380798339844,NEVADA,UNINCORPORATED,-120.04381561279297,39.37005615234375
91347089,2020,2020-11-17,9222,2020-11-09,0740,016576,,1,1,9,2900,0,1,1,,2,024,"INTERSTATE 80 EASTBOUND","FLORISTON ROAD",2640.00,E,N,B,-,Y,,,80,,,,,,E,Y,2,0,1,1,A,-,03,22350,,N,E,I,A,A,H,-,A,D,0,,,,Y,Y,,G,25,1,0,0,0,0,0,0,0,0,"- ","- ",39.403430938720703,-120.0242919921875,NEVADA,UNINCORPORATED,-120.02432250976562,39.403369903564453
91351827,2020,2020-11-23,9230,2020-08-21,0520,020411,,5,3,9,2900,0,1,3,,1,061,"STATE ROUTE 49","FLUME STREET",86.00,S,N,B,-,Y,,,49,,,,,,,N,1,1,0,2,D,-,00,,,F,G,B,D,A,H,-,C,D,0,Y,,,,Y,Y,-,"- ",0,0,0,1,0,0,0,0,0,"- ","- ",39.369869232177734,-121.10475921630859,NEVADA,UNINCORPORATED,-121.10475921630859,39.369869232177734
91352948,2020,2020-11-24,9230,2020-11-18,2030,018771,,3,2,9,2900,0,3,5,,2,060,"BACK BONE RD","SNOW TENT RD",125.00,W,N,E,-,N,,,,,,,,,,Y,2,0,1,1,A,-,08,22107,,N,F,A,A,B,H,-,D,D,0,,,,,Y,,A,07,1,0,0,0,0,0,0,0,0,"- ","- ",39.391208648681641,-120.90141296386719,NEVADA,UNINCORPORATED,-120.90066528320312,39.39227294921875
91364152,2020,2020-12-11,9222,2020-12-02,0016,019233,,3,3,9,2900,0,1,1,,2,022,"I-80 E/B","I-80 E/B VISTA POINT",280.00,W,N,A,-,Y,,,80,,,,,,E,Y,2,0,2,1,A,-,08,22107,,N,E,I,A,A,H,-,D,D,0,,,,,Y,,A,01,1,1,0,0,0,0,0,0,0,"- ","- ",39.32843017578125,-120.30191802978516,NEVADA,UNINCORPORATED,-120.30190277099609,39.328456878662109
91364203,2020,2020-12-11,9230,2020-09-26,2320,020059,,6,3,2,2901,0,1,3,,2,042,"SR-20 W/B (GOLDEN CENTER FREEWAY)","IDAHO MARYLAND RD",792.00,W,N,A,-,Y,,,20,,,,,,W,Y,1,1,2,2,A,-,01,23152,A,N,A,C,A,A,H,-,C,A,0,,,,,Y,Y,A,01,2,0,0,0,0,0,0,0,0,"- ","- ",39.220771789550781,-121.05357360839844,NEVADA,"GRASS VALLEY",-121.05356597900391,39.220752716064453
91366497,2020,2020-12-14,9222,2020-11-12,0500,019452,,4,3,9,2900,0,1,1,,2,021,"I-80 W/B","DONNER PASS RD (SODA SPRINGS)",6864.00,E,N,A,-,Y,,,80,,,,,,W,Y,1,1,0,1,A,-,08,22107,,N,E,I,A,A,H,-,D,D,0,,,,,Y,,A,01,0,0,0,0,0,0,0,0,0,"- ","- ",39.327560424804688,-120.37126159667969,NEVADA,UNINCORPORATED,-120.37132263183594,39.327751159667969
91369520,2020,2020-12-17,9230,2020-09-24,0002,020013,,4,3,9,2900,0,1,3,,1,061,"STATE ROUTE 49 SOUTHBOUND","READER RANCH ROAD",3696.00,S,N,A,-,Y,,,49,,,,,,S,Y,1,1,0,1,A,-,01,23152,G,N,E,I,A,A,H,-,D,D,0,,,Y,,Y,Y,C,02,0,0,0,0,0,0,0,1,0,"- ","- ",39.297901153564453,-121.10769653320312,NEVADA,UNINCORPORATED,-121.10765838623047,39.297924041748047
91381264,2020,2021-01-05,9222,2020-12-26,0125,019294,,6,3,9,2900,0,1,1,,2,024,"WB INTERSTATE 80","HIRSCHDALE ROAD",4752.00,E,N,D,-,Y,,,80,,,,,,,Y,2,0,1,1,A,-,03,22350,,N,E,I,A,C,H,-,D,D,0,,,,,Y,,D,22,1,0,0,0,0,0,0,0,0,"- ","- ",39.376701354980469,-120.07063293457031,NEVADA,UNINCORPORATED,-120.07068634033203,39.376625061035156
91389354,2021,2021-01-18,9230,2021-01-05,0720,018098,,2,1,9,2900,0,1,3,,1,051,"SR-20 E/B","OVERLOOK ROAD",400.00,W,N,A,-,Y,,,20,,,,,,E,Y,2,0,1,1,A,-,08,22107,,N,E,I,A,C,H,-,B,D,0,,,,,Y,,A,07,1,0,0,0,0,0,0,0,0,"- ","- ",39.314109802246094,-120.75353240966797,NEVADA,UNINCORPORATED,-120.75348663330078,39.314060211181641
91398584,2021,2021-01-29,9230,2021-01-22,1810,016426,,5,2,2,2901,0,1,3,,2,042,"SR-20 W/B","IDAHO MARYLAND ROAD",102.00,E,N,B,-,Y,,,20,,,,,,W,Y,2,0,1,1,A,-,01,23152,A,N,E,I,A,B,H,-,C,D,0,,,,,Y,Y,A,07,1,0,0,0,0,0,0,0,0,"- ","- ",39.222831726074219,-121.0511474609375,NEVADA,"GRASS VALLEY",-121.05104827880859,39.222751617431641
91401826,2021,2022-10-18,9222,2021-01-30,1800,019294,,6,2,9,2900,0,1,1,,2,021,"INTERSTATE 80 E/B","CASTLE PEAK ROAD",88.00,W,N,A,-,Y,,,80,,,,,,E,Y,1,1,1,1,A,-,08,22107,,N,E,I,A,A,H,-,C,D,0,,,,,Y,,A,07,0,1,0,0,0,0,0,0,0,"- ","- ",39.338661193847656,-120.34999847412109,NEVADA,UNINCORPORATED,-120.34996032714844,39.33856201171875
91413432,2021,2021-02-23,9222,2021-02-12,0745,018123,,5,1,3,2908,0,1,1,,2,022,"I-80 WESTBOUND","DONNER PASS RD (DONNER GATE)",1500.00,E,N,B,-,Y,,,80,,,,,,W,Y,2,0,1,6,A,-,09,21804,A,N,B,C,E,C,H,-,A,D,0,Y,,,Y,Y,,G,25,1,0,0,0,1,0,0,0,0,"- ","- ",39.323829650878906,-120.22045135498047,NEVADA,TRUCKEE,-120.22044372558594,39.323909759521484
91430169,2021,2021-03-18,9230,2021-03-15,0605,018691,,1,1,2,2901,0,1,3,,2,042,"SR-20 W/B","EMPIRE ST",175.00,E,N,B,C,Y,,,20,,,,,,W,Y,2,0,1,1,A,-,01,23152,F,N,E,I,A,B,H,-,C,D,0,,,,,Y,,A,01,1,0,0,0,0,0,0,0,0,"- ","- ",39.209129333496094,-121.06864166259766,NEVADA,"GRASS VALLEY",-121.06855010986328,39.209716796875
91431078,2021,2021-03-19,9230,2021-03-17,1730,016426,,3,2,9,2900,0,3,5,,2,050,"RED DOG RD","BOULDER ST",350.00,E,N,B,-,N,,,,,,,,,,Y,2,0,1,2,A,-,01,23152,A,N,D,C,A,A,H,-,A,D,0,,,,,Y,Y,A,01,1,0,0,0,0,0,0,0,0,"- ","- ",39.262561798095703,-121.00550079345703,NEVADA,UNINCORPORATED,-121.00557708740234,39.262645721435547
91449577,2021,2021-04-13,9230,2021-04-11,2135,020059,,7,2,9,2900,0,3,5,,2,030,"LIME KILN RD.","AMBERLEY LN",75.00,E,N,A,-,N,,,,,,,,,,Y,2,0,1,1,A,-,01,23152,A,N,E,I,A,A,H,-,D,D,0,,,,,Y,Y,D,22,1,0,0,0,0,0,0,0,0,"- ","- ",39.096931457519531,-121.14436340332031,NEVADA,UNINCORPORATED,-121.14438629150391,39.096900939941406
91458601,2021,2021-05-27,9230,2021-04-19,1945,018098,,1,2,9,2900,0,1,3,,2,052,"SR-20 W/B","GOLD FLAT RD",1056.00,W,N,A,-,Y,,,20,,,,,,W,Y,2,0,2,1,C,-,18,,,N,E,8,A,A,H,-,D,D,0,,,,,Y,,-,"- ",2,0,0,0,0,0,0,0,0,"- ","- ",39.245338439941406,-121.02754211425781,NEVADA,UNINCORPORATED,-121.02751922607422,39.245311737060547
91458606,2021,2021-04-26,9222,2021-04-14,0742,016576,,3,1,9,2900,0,1,1,,2,021,"INTERSTATE 80 WESTBOUND","SODA SPRINGS OVERCROSSING",6072.00,E,N,A,-,Y,,,80,,,,,,W,Y,1,1,0,1,A,-,08,22107,,N,E,I,A,A,H,-,A,D,0,,,,,Y,,A,07,0,0,0,0,0,0,0,0,0,"- ","- ",39.327751159667969,-120.37107849121094,NEVADA,UNINCORPORATED,-120.37110900878906,39.327827453613281
91466450,2021,2021-05-27,9230,2021-04-30,1450,018098,,5,2,9,2900,0,3,5,,2,040,"LOMA RICA DR","EVENING STAR DR",375.00,W,N,A,-,N,,,,,,,,,,Y,2,0,1,2,A,-,09,21804,A,N,D,C,A,A,H,-,A,D,0,,,,,Y,,A,07,1,0,0,0,0,0,0,0,0,"- ","- ",39.220798492431641,-121.01560974121094,NEVADA,UNINCORPORATED,-121.01559448242188,39.220733642578125
91467089,2021,2021-05-27,9230,2021-04-21,1100,017889,,3,1,9,2900,0,3,5,,2,030,"DOG BAR RD","GEORGIA RD",1584.00,S,N,A,-,N,,,,,,,,,,N,2,0,1,1,C,-,18,,,N,F,A,A,A,H,-,A,A,0,,Y,,,Y,,-,"- ",1,0,0,0,0,0,1,0,0,"- ","- ",39.144168853759766,-121.02604675292969,NEVADA,UNINCORPORATED,-121.02629089355469,39.143547058105469
91476369,2021,2021-05-27,9222,2021-05-12,0800,016576,,3,1,3,2908,0,1,1,,2,022,"INTERSTATE 80 WESTBOUND","VISTA POINT",1056.00,E,N,A,-,Y,,,80,,,,,,W,Y,2,0,2,1,A,-,08,22107,,N,E,I,A,A,H,-,A,D,0,,,,,Y,,A,01,1,1,0,0,0,0,0,0,0,"- ","- ",39.327911376953125,-120.27234649658203,NEVADA,TRUCKEE,-120.27232360839844,39.327793121337891
91488524,2021,2021-06-03,9222,2021-05-18,0230,018315,,2,3,9,2900,0,1,1,,2,024,"I-80 (E/B)","HIRSHDALE RD.",10560.00,E,N,A,-,Y,,,80,,,,,,,Y,2,0,1,1,A,-,08,22107,,N,E,I,A,A,D,-,D,D,0,,,,,Y,,A,08,1,0,0,0,0,0,0,0,0,"- ","- ",39.371471405029297,-120.05172729492188,NEVADA,UNINCORPORATED,-120.05174255371094,39.371444702148438
91494826,2021,2021-06-11,9230,2021-06-02,1854,020013,,3,2,9,2900,0,3,5,,2,050,"GASTON ROAD","ANCHO MINE ROAD",15840.00,S,N,A,-,N,,,,,,,,,,N,2,0,1,1,A,-,01,23152,A,N,F,A,A,A,H,-,A,D,0,,,,,Y,Y,A,07,1,0,0,0,0,0,0,0,0,"- ","- ",39.380321502685547,-120.75347137451172,NEVADA,UNINCORPORATED,-120.75609588623047,39.378746032714844
91502631,2021,2021-06-22,9230,2021-06-11,1555,020013,,5,2,9,2900,0,3,5,,2,060,"OAK TREE ROAD","ROBINSON ROAD",40.00,W,N,A,-,N,,,,,,,,,,N,2,0,1,1,A,-,03,22350,,N,F,A,A,A,H,-,A,D,0,,,Y,,Y,,C,02,1,0,0,0,0,0,0,0,1,"- ","- ",39.361438751220703,-121.07772827148438,NEVADA,UNINCORPORATED,-121.07752227783203,39.361454010009766
91514569,2021,2021-07-07,9230,2021-07-04,1625,020059,,7,2,9,2900,0,1,3,,2,052,"STATE ROUTE 20","CASCI ROAD",443.00,E,N,A,-,Y,,,20,,,,,,,Y,2,0,1,1,A,-,08,22107,,N,E,I,A,A,H,-,A,D,0,,,,,Y,,A,07,1,0,0,0,0,0,0,0,0,"- ","- ",39.319068908691406,-120.88819122314453,NEVADA,UNINCORPORATED,-120.88821411132812,39.319114685058594
91525840,2021,2021-07-21,9230,2021-07-06,2145,020059,,2,2,9,2900,0,1,3,,2,052,"STATE ROUTE 20","WHITE CLOUD ROAD",1569.00,E,N,A,-,Y,,,20,,,,,,,Y,1,1,0,1,A,-,08,22107,,N,E,I,A,A,H,-,D,D,0,,,,,Y,,D,22,0,0,0,0,0,0,0,0,0,"- ","- ",39.320949554443359,-120.84091949462891,NEVADA,UNINCORPORATED,-120.84095001220703,39.320995330810547
91527190,2021,2021-07-23,9222,2021-07-15,2325,018315,,4,3,3,2908,0,1,1,,2,023,"I-80 (E/B)","OVERLAND TRAIL",528.00,W,N,A,-,Y,,,80,,,,,,,N,2,0,1,1,A,-,07,21658,A,N,E,I,A,A,H,-,C,D,0,,,,,Y,,A,01,1,0,0,0,0,0,0,0,0,"- ","- ",39.352909088134766,-120.14897918701172,NEVADA,TRUCKEE,-120.14899444580078,39.352928161621094
91528552,2021,2021-07-26,9230,2021-05-08,1550,020013,,6,2,9,2900,0,3,5,,2,030,"DOG BAR ROAD (15000 BLOCK)","LORIE DRIVE",1056.00,S,N,A,B,N,,,,,,,,,,Y,1,2,0,1,A,-,08,22107,,N,E,I,A,A,H,-,A,D,0,,,Y,,Y,,C,02,0,0,0,0,0,0,0,2,0,"- ","- ",39.144500732421875,-121.02989959716797,NEVADA,UNINCORPORATED,-121.02922821044922,39.145133972167969
91552796,2021,2021-08-24,9230,2021-08-02,0945,017889,,1,1,9,2900,0,3,5,,2,040,"LOWER COLFAX RD","GALILEE CT",1320.00,N,N,A,-,N,,,,,,,,,,Y,2,0,1,3,A,-,04,21703,,N,C,G,A,A,H,-,A,D,0,,Y,,,Y,,L,04,1,0,0,0,0,0,1,0,0,"- ","- ",39.179931640625,-121.00222015380859,NEVADA,UNINCORPORATED,-121.00237274169922,39.180927276611328
91563857,2021,2021-09-07,9230,2021-08-25,1800,018691,,3,2,9,2900,0,1,3,,1,071,SR-20,"WILD TURKEY LANE",1572.00,E,N,A,-,Y,,,,,,,,,,Y,2,0,3,2,A,-,01,23152,A,N,A,C,A,A,H,-,A,D,0,,,,,Y,Y,A,07,2,1,0,0,0,0,0,0,0,"- ","- ",39.205360412597656,-121.69766998291016,NEVADA,UNINCORPORATED,-121.26470947265625,39.20416259765625
91568977,2021,2021-09-13,9230,2021-09-01,1710,017539,,3,2,9,2900,0,3,5,,2,030,"LA BARR MEADOWS RD","HOWE AVE",1056.00,N,N,A,-,N,,,,,,,,,,N,2,0,1,1,A,-,01,23152,F,N,F,A,A,A,H,-,A,D,0,,,Y,,Y,,C,02,1,0,0,0,0,0,0,0,1,"- ","- ",39.163490295410156,-121.05609893798828,NEVADA,UNINCORPORATED,-121.05628967285156,39.163368225097656
91581973,2021,2021-09-28,9230,2021-09-23,1530,017539,,4,2,9,2900,0,1,3,,1,031,SR-49,"CRESTVIEW DRIVE",720.00,S,N,A,-,Y,,,49,,,,,,,Y,2,0,2,2,A,-,09,21804,A,N,D,C,A,A,H,-,A,D,0,,,,,Y,,A,01,1,1,0,0,0,0,0,0,0,"- ","- ",39.188838958740234,-121.05182647705078,NEVADA,UNINCORPORATED,-121.05184936523438,39.188838958740234
91582432,2021,2021-09-29,9222,2021-09-18,0052,017270,,6,3,3,2908,0,1,1,,2,023,"I-80 E/B",FARAD,5280.00,E,N,A,-,Y,,,,,,,,,,Y,2,0,1,2,A,-,16,29004,B,N,C,C,A,A,H,-,D,D,0,,,,,Y,,E,22,1,0,0,0,0,0,0,0,0,"- ","- ",39.44219970703125,-120.01329803466797,NEVADA,TRUCKEE,,
91588329,2021,2021-10-06,9222,2021-09-11,0038,017550,,6,3,3,2908,0,1,1,,2,023,"I-80 E/B","DONNER PASS RD. UNDER CROSSING",1575.00,E,N,A,-,Y,,,80,,,,,,E,Y,1,1,1,2,A,-,01,23152,A,N,A,C,A,A,H,-,D,D,0,,,,,Y,Y,A,07,1,0,0,0,0,0,0,0,0,"- ","- ",39.323760986328125,-120.19817352294922,NEVADA,TRUCKEE,-120.19815063476562,39.323680877685547
91589824,2021,2021-10-06,9230,2021-10-02,1455,020107,,6,2,9,2900,0,3,5,,2,060,"CRUZON GRADE ROAD","BEAR TRAP SPRINGS RD",1549.00,W,N,A,-,N,,,,,,,,,,Y,2,0,1,1,A,-,08,22107,,N,E,I,A,A,H,-,A,D,0,,,,,Y,,A,01,1,0,0,0,0,0,0,0,0,"- ","- ",39.393150329589844,-121.93813323974609,NEVADA,UNINCORPORATED,-120.93931579589844,39.392902374267578
91614868,2021,2021-11-03,9230,2021-10-29,1403,020411,,5,2,9,2900,0,3,5,,2,060,"OAK TREE ROAD","BLUE SAGE WAY",497.00,W,N,A,-,N,,,,,,,,,,Y,2,0,2,2,A,-,01,23152,A,N,A,C,A,A,H,-,A,D,0,,,,,Y,Y,A,01,1,1,0,0,0,0,0,0,0,"- ","- ",39.666221618652344,-121.09668731689453,NEVADA,UNINCORPORATED,-121.09660339355469,39.366199493408203
91618445,2021,2021-11-08,9230,2021-11-02,2050,017539,,2,2,9,2900,0,1,3,,1,031,SR-49,"LITTLE VALLEY ROAD",524.00,S,N,B,-,Y,,,49,,,,,,,Y,2,0,1,1,C,-,18,,,N,H,H,A,A,H,-,D,D,0,,,,,Y,,-,"- ",1,0,0,0,0,0,0,0,0,"- ","- ",39.146530151367188,-121.06929779052734,NEVADA,UNINCORPORATED,-121.06935119628906,39.146549224853516
91618464,2021,2021-11-08,9230,2021-11-05,1730,018014,,5,2,9,2900,0,1,3,,1,041,"SR-174 S/B","FOREST PARK LANE",0.00,,Y,A,-,Y,,,174,,,,,,S,Y,2,0,1,2,A,-,05,21460,A,N,D,C,A,A,H,-,A,D,0,,,,,Y,,D,22,1,0,0,0,0,0,0,0,0,"- ","- ",39.191818237304688,-121.00666809082031,NEVADA,UNINCORPORATED,-121.00666809082031,39.191825866699219
91628215,2021,2021-11-18,9222,2021-11-07,0600,016852,,7,1,9,2900,0,1,1,,2,021,"INTERSTATE 80 [ALAN S. HART FREEWAY] WESTBOUND","I-80 WESTBOUND TO SODA SPRINGS OFFRAMP",3505.00,E,N,A,-,Y,,,80,,,,,,W,Y,2,0,1,1,A,-,08,22107,,N,E,I,A,C,H,-,D,D,0,,,,,Y,,A,01,1,0,0,0,0,0,0,0,0,"- ","- ",39.326740264892578,-120.37763977050781,NEVADA,UNINCORPORATED,-120.37763214111328,39.326644897460938
9163172,2020,2020-11-25,2908,2020-09-19,2140,6523,13,6,5,3,2908,0,0,0,,0,,"BROCKWAY RD","ESTATES DR",427.00,W,N,A,-,N,,,,,,,,,,N,2,0,1,2,A,-,11,21950,B,N,G,B,D,A,H,-,D,D,0,Y,,,,Y,Y,N,60,1,0,0,0,1,0,0,0,0,"- ","- ",,,NEVADA,TRUCKEE,-120.17395782470703,39.326244354248047
91655405,2021,2021-12-17,9230,2021-10-30,0424,020059,,6,3,9,2900,0,3,5,,2,070,"ALTA STREET","DOLORES DRIVE",182.00,S,N,B,-,N,,,,,,,,,,N,1,1,0,2,A,-,03,22350,,F,G,B,E,A,H,-,D,D,0,Y,,,,Y,,A,01,0,0,0,1,0,0,0,0,0,"- ","- ",39.228958129882812,-121.07115173339844,NEVADA,UNINCORPORATED,-121.07112121582031,39.228981018066406
91665733,2021,2021-12-29,9230,2021-12-12,1544,017539,,7,2,9,2900,0,1,3,,1,031,SR-49,"LITTLE DEER DRIVE",1480.00,N,N,B,C,Y,,,49,,,,,,,Y,2,0,3,2,A,-,21,22106,,N,D,C,A,B,H,-,A,D,0,,,Y,,Y,,C,02,2,0,1,0,0,0,0,0,2,"- ","- ",39.117118835449219,-121.08058929443359,NEVADA,UNINCORPORATED,-121.08057403564453,39.117115020751953
91694788,2021,2022-02-07,9230,2021-12-11,1405,020107,,6,2,9,2900,0,1,3,,1,031,"STATE ROUTE 49 (GOLDEN CHAIN HIGHWAY)","LITTLE DEER DR",10.00,N,N,A,-,Y,,,49,,,,,,,Y,1,1,1,2,A,-,03,22350,,N,B,2,A,A,H,-,A,D,0,,,Y,,Y,,C,02,1,0,0,0,0,0,0,1,1,"- ","- ",39.1209716796875,-121.07901000976562,NEVADA,UNINCORPORATED,-121.07900238037109,39.120967864990234
91703093,2022,2022-02-17,9222,2022-02-12,1730,017270,,6,2,9,2900,0,1,1,,2,025,"I -80 E/B","CASTLE PEAK",11616.00,E,N,A,-,Y,,,,,,,,,,Y,2,0,1,1,A,-,08,22107,,N,E,8,A,A,H,-,A,D,0,,,Y,,Y,,C,02,1,0,0,0,0,0,0,0,1,"- ","- ",,,NEVADA,UNINCORPORATED,,
91717472,2022,2022-03-08,9230,2022-03-02,2115,020013,,3,2,9,2900,0,3,5,,2,030,"BREWER ROAD (17000 BLOCK)","GAMBLE LN",350.00,N,N,A,-,N,,,,,,,,,,N,2,0,1,1,A,-,08,22107,,N,F,A,A,A,H,-,D,D,0,,,,,Y,,D,22,1,0,0,0,0,0,0,0,0,"- ","- ",39.109951019287109,-121.04129791259766,NEVADA,UNINCORPORATED,-121.04129028320312,39.109928131103516
91728268,2022,2022-03-21,9230,2022-03-08,0625,016426,,2,1,9,2900,0,1,3,,1,031,SR-49,"PINGREE ROAD",460.00,S,N,A,-,Y,NEV,,49,,,9.539,H,,R,Y,1,1,1,2,C,-,18,,,N,H,H,A,A,H,-,B,D,0,,,,Y,Y,,-,"- ",0,0,1,0,0,0,0,0,0,"- ","- ",39.145618438720703,-121.06974792480469,NEVADA,UNINCORPORATED,-121.06969451904297,39.145606994628906
91742037,2022,2022-04-06,9230,2022-04-04,2037,020411,,1,2,9,2900,0,1,3,,1,041,SR-174,"HARVEST HILL ROAD",17.00,S,N,A,-,Y,NEV,,174,,,6.552,H,,R,Y,2,0,1,1,A,-,08,22107,,N,E,8,A,A,H,-,D,A,0,,,,,Y,,A,01,1,0,0,0,0,0,0,0,0,"- ","- ",39.194110870361328,-121.00993347167969,NEVADA,UNINCORPORATED,-121.00992584228516,39.194114685058594
91750630,2022,2022-04-18,9230,2022-04-17,1714,020059,,7,2,9,2900,0,3,5,,2,050,"NORTH BLOOMFIELD ROAD","ROCK CREEK RD",400.00,S,N,A,-,N,,,,,,,,,,N,2,0,1,2,A,-,05,21460,A,N,B,C,A,A,H,-,A,D,0,,,Y,,Y,,C,02,1,0,0,0,0,0,0,0,1,"- ","- ",39.321670532226562,-120.98986053466797,NEVADA,UNINCORPORATED,-120.98970031738281,39.321502685546875
91761285,2022,2022-04-29,9230,2022-04-05,1700,020425,,2,2,2,2901,0,3,5,,2,040,"COPPER DRIVE","SILVER WAY",65.00,E,N,A,-,N,,,,,,,,,,N,2,0,1,2,A,-,01,23152,A,N,G,B,F,A,H,-,A,D,0,Y,,,,Y,Y,A,07,1,0,0,0,1,0,0,0,0,"- ","- ",39.211418151855469,-121.04534149169922,NEVADA,"GRASS VALLEY",-121.04547882080078,39.211296081542969
91767443,2022,2022-05-09,9230,2022-05-07,0628,018691,,6,1,9,2900,0,1,3,,2,042,"SR-20 W/B","BANNER LAVA CAP ROAD",739.00,W,N,A,-,Y,NEV,,20,,R,14.774,H,,L,Y,2,0,1,1,A,-,08,22107,,N,E,I,A,A,H,-,B,D,0,,,,,Y,,A,07,1,0,0,0,0,0,0,0,0,"- ","- ",39.235099792480469,-121.03691101074219,NEVADA,UNINCORPORATED,-121.03692626953125,39.235111236572266
91784788,2022,2022-05-31,9230,2022-05-21,1845,020425,,6,2,9,2900,0,2,4,,2,073,"ROUGH AND READY HWY","COOK ROAD",620.00,W,N,A,-,N,,,,,,,,,,Y,2,0,1,2,A,-,08,22107,,N,A,C,A,A,H,-,A,D,0,,,,,Y,,A,01,1,0,0,0,0,0,0,0,0,"- ","- ",39.220218658447266,-121.15305328369141,NEVADA,UNINCORPORATED,-121.15325164794922,39.220188140869141
91784797,2022,2022-05-31,9230,2022-05-22,1940,020425,,7,2,9,2900,0,3,5,,2,070,"PLEASANT VALLEY ROAD","BECKER RD",1896.00,N,N,A,-,N,,,,,,,,,,Y,2,0,1,1,D,-,00,,,N,F,A,A,A,H,-,A,D,0,,,Y,,Y,,-,"- ",1,0,0,0,0,0,0,0,1,"- ","- ",39.273841857910156,-121.19551086425781,NEVADA,UNINCORPORATED,-121.19629669189453,39.271186828613281
91796142,2022,2022-06-15,9230,2022-04-26,0330,020013,,2,3,9,2900,0,3,5,,2,060,"CRUZON GRADE RD","FOXFIRE WAY",2640.00,W,N,A,-,N,,,,,,,,,,N,1,1,0,1,A,-,01,23152,A,N,E,I,A,A,H,-,D,D,0,,,,,Y,Y,D,22,0,0,0,0,0,0,0,0,0,"- ","- ",39.388420104980469,-120.96723937988281,NEVADA,UNINCORPORATED,-120.96820831298828,39.388511657714844
91814158,2022,2022-07-11,9230,2022-07-01,1630,018691,,5,2,9,2900,0,1,3,,1,031,SR-49,"LIME KILN ROAD",1320.00,N,N,A,-,Y,NEV,,49,,,7.175,H,,R,Y,2,0,2,2,A,-,05,21460,A,N,D,C,A,A,H,-,A,D,0,,,,,Y,,E,22,1,1,0,0,0,0,0,0,0,"- ","- ",39.112918853759766,-121.08220672607422,NEVADA,UNINCORPORATED,-121.082275390625,39.112937927246094