CASE_ID,ACCIDENT_YEAR,PROC_DATE,JURIS,COLLISION_DATE,COLLISION_TIME,OFFICER_ID,REPORTING_DISTRICT,DAY_OF_WEEK,CHP_SHIFT,POPULATION,CNTY_CITY_LOC,SPECIAL_COND,BEAT_TYPE,CHP_BEAT_TYPE,CITY_DIVISION_LAPD,CHP_BEAT_CLASS,BEAT_NUMBER,PRIMARY_RD,SECONDARY_RD,DISTANCE,DIRECTION,INTERSECTION,WEATHER_1,WEATHER_2,STATE_HWY_IND,CALTRANS_COUNTY,CALTRANS_DISTRICT,STATE_ROUTE,ROUTE_SUFFIX,POSTMILE_PREFIX,POSTMILE,LOCATION_TYPE,RAMP_INTERSECTION,SIDE_OF_HWY,TOW_AWAY,COLLISION_SEVERITY,NUMBER_KILLED,NUMBER_INJURED,PARTY_COUNT,PRIMARY_COLL_FACTOR,PCF_CODE_OF_VIOL,PCF_VIOL_CATEGORY,PCF_VIOLATION,PCF_VIOL_SUBSECTION,HIT_AND_RUN,TYPE_OF_COLLISION,MVIW,PED_ACTION,ROAD_SURFACE,ROAD_COND_1,ROAD_COND_2,LIGHTING,CONTROL_DEVICE,CHP_ROAD_TYPE,PEDESTRIAN_ACCIDENT,BICYCLE_ACCIDENT,MOTORCYCLE_ACCIDENT,TRUCK_ACCIDENT,NOT_PRIVATE_PROPERTY,ALCOHOL_INVOLVED,STWD_VEHTYPE_AT_FAULT,CHP_VEHTYPE_AT_FAULT,COUNT_SEVERE_INJ,COUNT_VISIBLE_INJ,COUNT_COMPLAINT_PAIN,COUNT_PED_KILLED,COUNT_PED_INJURED,COUNT_BICYCLIST_KILLED,COUNT_BICYCLIST_INJURED,COUNT_MC_KILLED,COUNT_MC_INJURED,PRIMARY_RAMP,SECONDARY_RAMP,LATITUDE,LONGITUDE,COUNTY,CITY,POINT_X,POINT_Y
91836594,2022,2022-08-09,9230,2022-08-07,2108,017539,,7,2,9,2900,0,3,5,,2,060,"SWEETLAND ROAD",SR-49,2112.00,W,N,A,-,N,,,,,,,,,,N,2,0,1,2,A,-,03,22350,,N,E,J,A,A,H,-,D,D,0,,Y,,,Y,,L,04,1,0,0,0,0,0,1,0,0,"- ","- ",39.355751037597656,-121.12348937988281,NEVADA,UNINCORPORATED,-121.12344360351562,39.354728698730469
91844560,2022,2022-08-19,9230,2022-07-27,1145,017889,,3,1,9,2900,0,3,5,,2,030,"NORLENE WAY","AIRPORT AVE",2112.00,N,N,A,-,N,,,,,,,,,,N,2,0,1,1,C,-,18,,,N,H,H,A,A,H,-,A,D,0,,Y,,,Y,,-,"- ",1,0,0,0,0,0,1,0,0,"- ","- ",39.115139007568359,-121.055908203125,NEVADA,UNINCORPORATED,-121.05352783203125,39.117660522460938
91862576,2022,2022-09-12,9230,2022-09-10,1035,018459,,6,1,9,2900,0,3,5,,2,030,"LIME KILN ROAD","BALD HILL RD",80.00,E,N,A,-,N,,,,,,,,,,Y,2,0,1,1,A,-,03,22350,,N,F,A,A,A,H,-,A,D,0,,,Y,,Y,,C,02,1,0,0,0,0,0,0,0,1,"- ","- ",39.097091674804688,-121.13066101074219,NEVADA,UNINCORPORATED,-121.13069152832031,39.097091674804688
91880900,2022,2022-10-03,9230,2022-09-23,2325,020013,,5,3,9,2900,0,3,5,,2,030,"AUBURN ROAD (13000 BLOCK)","BIXLER PLACE",300.00,S,N,A,-,N,,,,,,,,,,N,2,0,1,1,A,-,08,22107,,N,F,A,A,A,H,-,D,D,0,,,Y,,Y,,C,02,1,0,0,0,0,0,0,0,1,"- ","- ",39.173271179199219,-121.08413696289062,NEVADA,UNINCORPORATED,-121.08420562744141,39.17340087890625
91891528,2022,2022-10-17,9230,2022-10-10,2105,018691,,1,2,9,2900,0,3,5,,2,070,"ALTA ST","ALTA HILL MINE RD",0.00,,Y,A,-,N,,,,,,,,,,N,2,0,1,2,A,-,09,21801,A,F,D,C,A,A,H,-,D,D,0,,,,,Y,,-,99,1,0,0,0,0,0,0,0,0,"- ","- ",39.230068206787109,-121.07195281982422,NEVADA,UNINCORPORATED,-121.07195281982422,39.230098724365234
91897501,2022,2022-10-24,9230,2022-10-13,1630,020411,,4,2,9,2900,0,3,5,,2,050,"RED DOG ROAD","QUAKER HILL CROSS RD",0.00,,Y,A,-,N,,,,,,,,,,Y,2,0,1,2,A,-,09,21801,A,N,D,G,A,A,H,-,A,D,0,,Y,,,Y,,A,01,1,0,0,0,0,0,1,0,0,"- ","- ",39.256431579589844,-120.96965026855469,NEVADA,UNINCORPORATED,-120.96961212158203,39.256210327148438
91908548,2022,2023-05-30,9230,2022-10-25,1830,020425,,2,2,9,2900,0,3,5,,2,040,"BROOKS ROAD","W. BROOKVIEW DRIVE",189.00,N,N,A,-,N,,,,,,,,,,Y,1,1,0,1,D,-,00,,,N,F,A,A,A,H,-,D,D,0,,,Y,,Y,,-,"- ",0,0,0,0,0,0,0,1,0,"- ","- ",39.190990447998047,-121.02382659912109,NEVADA,UNINCORPORATED,-121.02383422851562,39.190803527832031
91917019,2022,2023-04-11,9222,2022-11-04,0945,014397,,5,1,3,2908,0,1,1,,2,023,"I-80 E/B","TRUCKEE WAY O/C",232.00,E,N,B,-,Y,NEV,,80,,,16.322,H,,R,Y,2,0,3,2,A,-,01,23152,A,M,C,2,A,A,H,-,A,D,0,,,,,Y,Y,A,07,1,0,2,0,0,0,0,0,0,"- ","- ",39.336669921875,-120.17346954345703,NEVADA,TRUCKEE,-120.17344665527344,39.33660888671875
91918432,2022,2022-11-15,9230,2022-10-17,1545,017889,,1,2,2,2901,1,1,3,,2,042,"SR-20 E/B","IDAHO MARYLAND RD",500.00,W,N,A,-,Y,NEV,,20,,R,13.427,H,,R,Y,2,0,2,2,A,-,07,21658,A,N,B,2,A,A,H,-,A,D,0,,,,,Y,,-,"- ",1,1,0,0,0,0,0,0,0,"- ","- ",39.220611572265625,-121.05349731445312,NEVADA,"GRASS VALLEY",-121.05351257324219,39.220638275146484
91921672,2022,2022-11-18,9230,2022-11-09,0805,015944,,3,1,9,2900,0,1,3,,1,031,SR-49,"LIME KILN RD",290.00,S,N,B,-,Y,NEV,,49,,,7.094,H,,R,Y,2,0,3,3,A,-,05,21460,A,N,A,C,A,B,H,-,A,A,0,,,,,Y,,D,22,2,1,0,0,0,0,0,0,0,"- ","- ",39.111839294433594,-121.08271026611328,NEVADA,UNINCORPORATED,-121.08273315429688,39.111846923828125
91927484,2022,2022-12-12,9230,2022-11-20,0209,020107,,7,3,9,2900,0,3,5,,2,030,"MCCOURTNEY RD","LUCKY NUGGET LN",18.00,N,N,A,-,N,,,,,,,,,,Y,2,0,1,1,A,-,08,22107,,N,E,I,A,A,H,-,D,D,0,,,,,Y,,A,01,1,0,0,0,0,0,0,0,0,"- ","- ",39.159309387207031,-121.13416290283203,NEVADA,UNINCORPORATED,-121.13421630859375,39.159263610839844
91947180,2022,2022-12-20,9230,2022-12-18,0920,018107,,7,1,9,2900,0,2,4,,2,073,"ROUGH AND READY HWY","RANCH RD",775.00,E,N,A,-,N,,,,,,,,,,Y,2,0,2,2,A,-,03,22350,,N,A,C,A,C,H,-,A,D,0,,,,,Y,,A,07,1,1,0,0,0,0,0,0,0,"- ","- ",39.232269287109375,-121.1295166015625,NEVADA,UNINCORPORATED,-121.12972259521484,39.232250213623047
91960877,2022,2023-01-05,9230,2022-12-28,1110,016426,,3,1,9,2900,0,3,5,,2,040,"ORCHARD SPRINGS ROAD",SR-174,50.00,E,N,A,-,Y,NEV,,174,,,0.988,H,,R,N,2,0,1,1,A,-,03,22350,,N,F,A,A,A,H,-,A,D,0,,,Y,,Y,,C,02,1,0,0,0,0,0,0,0,1,"- ","- ",39.14324951171875,-120.96685791015625,NEVADA,UNINCORPORATED,-120.96702575683594,39.143260955810547
91963461,2022,2023-01-09,9230,2022-12-28,0945,015944,,3,1,9,2900,0,3,5,,2,030,"LAWRENCE WAY","NORLENE WAY",300.00,S,N,A,-,N,,,,,,,,,,N,2,0,1,1,A,-,03,22350,,N,E,I,A,B,H,-,A,D,0,,,,,Y,,A,01,1,0,0,0,0,0,0,0,0,"- ","- ",39.127300262451172,-121.054443359375,NEVADA,UNINCORPORATED,-121.05685424804688,39.126762390136719
91973120,2022,2023-01-20,9230,2022-10-02,2220,018771,,7,3,9,2900,0,1,3,,1,071,SR-20,"SLACKS RAVINE BRIDGE",315.00,E,N,A,-,Y,NEV,,20,,R,1.057,H,,R,Y,1,1,2,2,A,-,01,23152,G,N,A,C,A,A,H,-,D,D,0,,,,,Y,Y,A,01,2,0,0,0,0,0,0,0,0,"- ","- ",39.204639434814453,-121.26368713378906,NEVADA,UNINCORPORATED,-121.26368713378906,39.204639434814453
91981941,2023,2023-04-04,9230,2023-01-17,1748,020425,,2,2,9,2900,0,1,3,,1,031,SR-49,"LA BARR MEADOWS ROAD",411.00,N,N,A,-,Y,NEV,,49," ",R,10.647,H,,R,Y,1,1,1,2,A,-,05,21460,A,N,A,C,A,B,H,-,D,D,0,,,,,Y,,A,07,0,0,1,0,0,0,0,0,0,"- ","- ",39.159370422363281,-121.05973052978516,NEVADA,UNINCORPORATED,-121.05968475341797,39.159347534179688
91987304,2023,2023-02-06,9230,2023-01-11,1446,020411,,3,2,9,2900,0,3,5,,2,030,"WOLF RD","STILL RD",1788.00,W,N,B,C,N,,,,,,,,,,Y,2,0,1,1,A,-,08,22107,,N,E,I,A,B,H,-,A,D,0,,,,,Y,,A,01,1,0,0,0,0,0,0,0,0,"- ","- ",39.058368682861328,-121.11287689208984,NEVADA,UNINCORPORATED,-121.11277008056641,39.058361053466797
92022681,2023,2023-03-20,9222,2023-02-21,1900,016340,,2,2,3,2908,0,1,1,,2,022,"INTERSTATE 80 E/B","DONNER PASS ROAD",1260.00,E,N,B,D,Y,NEV,,80," "," ",13.459,H,,R,Y,2,0,1,3,A,-,03,22350,,N,G,B,E,C,H,-,D,D,0,Y,,,Y,Y,,A,01,1,0,0,0,1,0,0,0,0,"- ","- ",39.323570251464844,-120.2213134765625,NEVADA,TRUCKEE,-120.22129821777344,39.323631286621094
92050358,2023,2023-04-21,9230,2023-04-13,"810 ",015944,,4,1,9,2900,0,1,3,,1,031,SR-49,"LA BARR MEADOWS RD",3696.00,N,N,A,-,Y,NEV,,49," ",R,11.047,H,,R,Y,2,0,1,1,A,-,08,22107,,N,E,I,A,A,H,-,A,D,0,,,,,Y,,A,01,1,0,0,0,0,0,0,0,0,"- ","- ",39.164710998535156,-121.05697631835938,NEVADA,UNINCORPORATED,-121.05699920654297,39.164710998535156
92050390,2023,2023-05-15,9230,2023-04-16,1055,018107,,7,1,9,2900,0,1,3,,1,061,SR-49,"DELPHINE LN",30.00,S,N,A,-,Y,NEV,,49," "," ",18.859,H,,R,N,2,0,1,2,A,-,03,22350,,N,C,C,A,A,H,-,A,D,0,,,Y,,Y,,C,02,1,0,0,0,0,0,0,0,1,"- ","- ",39.274101257324219,-121.07904052734375,NEVADA,UNINCORPORATED,-121.07904815673828,39.274093627929688
92083512,2023,2023-06-01,9230,2023-05-27,"410 ",020013,,6,3,9,2900,0,1,3,,1,031,"SR 49 N/B","LA BARR MEADOWS RD",100.00,N,N,A,-,Y,NEV,,49," ",R,10.606,H,,R,N,2,0,1,2,A,-,08,22107,,N,C,C,E,A,H,-,C,A,0,Y,,,,Y,Y,A,01,1,0,0,0,1,0,0,0,0,"- ","- ",39.158821105957031,-121.06005859375,NEVADA,UNINCORPORATED,-121.06011199951172,39.158851623535156
92091207,2023,2023-06-12,9230,2023-06-04,1530,020059,,7,2,9,2900,0,3,5,,2,040,"EAST BENNETT ROAD","EMERALD CT",15.00,E,N,A,-,N,,,,,,,,,,Y,2,0,1,1,A,-,01,23152,G,N,E,8,A,A,H,-,A,D,0,,,,,Y,Y,A,01,1,0,0,0,0,0,0,0,0,"- ","- ",39.215011596679688,-121.02763366699219,NEVADA,UNINCORPORATED,-121.02765655517578,39.214988708496094
92091239,2023,2023-06-12,9230,2023-06-03,1805,020059,,6,2,9,2900,0,3,5,,2,050,"COOPER RD","JONQUIL RD",250.00,E,N,A,-,N,,,,,,,,,,N,2,0,1,2,A,-,05,21650,,N,A,C,A,A,H,-,A,D,0,,,Y,,Y,,C,02,1,0,0,0,0,0,0,0,1,"- ","- ",39.296001434326172,-120.9615478515625,NEVADA,UNINCORPORATED,,
92101980,2023,2023-06-26,9230,2023-06-19,1200,015944,,1,1,9,2900,0,1,3,,1,031,SR-49,"MACK RD",225.00,S,N,A,-,Y,NEV,,49," "," ",12.100,H,,R,Y,2,0,3,3,A,-,05,21460,A,N,A,C,A,A,H,-,A,D,0,,,,,Y,,A,01,2,1,0,0,0,0,0,0,0,"- ","- ",39.179279327392578,-121.05326843261719,NEVADA,UNINCORPORATED,-121.05329895019531,39.179283142089844
92102242,2023,2023-06-26,9230,2023-06-23,1605,020447,,5,2,9,2900,0,3,5,,2,040,"RATTLESNAKE RD","GOLDEN LILY CT",666.00,N,N,A,-,N,,,,,,,,,,Y,2,0,1,1,A,-,01,23152,A,N,E,I,A,A,H,-,A,D,0,,,,,Y,Y,D,22,1,0,0,0,0,0,0,0,0,"- ","- ",39.18817138671875,-121.0318603515625,NEVADA,UNINCORPORATED,-121.03188323974609,39.188056945800781
92116303,2023,2023-07-13,9222,2023-07-03,1700,019294,,1,2,9,2900,0,1,1,,2,021,"INTERSTATE 80 E/B","SODA SPRINGS ROAD",7920.00,W,N,A,-,Y,NEV,,80," "," ",0.998,H,,R,Y,2,0,3,2,A,-,07,21658,A,N,C,C,A,A,H,-,A,D,0,,,,Y,Y,,D,22,3,0,0,0,0,0,0,0,0,"- ","- ",39.322479248046875,-120.41874694824219,NEVADA,UNINCORPORATED,-120.41873931884766,39.322460174560547
92116842,2023,2023-07-14,9230,2023-04-16,"530 ",020013,,7,3,9,2900,0,1,3,,1,031,"STATE ROUTE 49",PINGREE,220.00,N,N,A,-,Y,NEV,,49," "," ",9.607,H,,R,N,1,1,0,2,A,-,11,21954,A,N,G,B,E,A,H,-,B,D,0,Y,,,,Y,,N,60,0,0,0,1,0,0,0,0,0,"- ","- ",39.146591186523438,-121.06942749023438,NEVADA,UNINCORPORATED,-121.06931304931641,39.146564483642578
92122162,2023,2023-07-20,9230,2023-07-05,1340,016426,,3,1,9,2900,0,1,3,,1,061,SR-49,"NEWTOWN ROAD",618.00,N,N,A,-,Y,NEV,,49," "," ",17.635,H,,R,N,1,1,0,2,A,-,03,22350,,N,H,0,A,A,H,-,A,D,0,,,Y,,Y,,C,02,0,0,0,0,0,0,0,1,0,"- ","- ",39.270278930664062,-121.05876922607422,NEVADA,UNINCORPORATED,-121.05878448486328,39.270263671875
92123373,2023,2023-07-21,9230,2023-07-13,1945,020425,,4,2,9,2900,0,3,5,,2,060,"TYLER FOOTE ROAD","SHADY CREEK DRIVE",675.00,E,N,A,-,N,,,,,,,,,,Y,2,0,1,1,C,-,18,,,N,H,7,A,A,H,-,B,D,0,,,Y,,Y,,-,"- ",1,0,0,0,0,0,0,0,1,"- ","- ",39.346721649169922,-121.07530975341797,NEVADA,UNINCORPORATED,-121.07539367675781,39.346622467041016
92142867,2023,2023-08-14,9230,2023-07-28,1505,020447,,5,2,9,2900,0,3,5,,2,050,"NORTH BLOOMFIELD ROAD","PEBBLE PLACE",440.00,S,N,A,-,N,,,,,,,,,,Y,2,0,1,1,A,-,03,22350,,N,F,0,A,A,H,-,A,D,0,,,Y,,Y,,C,02,1,0,0,0,0,0,0,0,1,"- ","- ",39.303340911865234,-120.97707366943359,NEVADA,UNINCORPORATED,-120.97686004638672,39.303482055664062
92148549,2023,2023-08-21,9230,2023-08-07,"440 ",020425,,1,3,9,2900,0,3,5,,2,030,"MAGNOLIA ROAD","RETHERFORD ROAD",56.00,W,N,A,-,N,,,,,,,,,,N,2,0,1,1,A,-,03,22350,,N,E,I,A,A,H,-,D,D,0,,,,,Y,,D,22,1,0,0,0,0,0,0,0,0,"- ","- ",39.049938201904297,-121.03553771972656,NEVADA,UNINCORPORATED,-121.03549194335938,39.049911499023438
92152160,2023,2023-08-24,9230,2023-08-18,1225,018691,,5,1,9,2900,0,3,5,,2,030,"AUBURN ROAD","ROBINHOOD DRIVE",150.00,S,N,A,-,N,,,,,,,,,,Y,2,0,1,1,A,-,01,23152,A,N,E,8,A,A,H,-,A,D,0,,,,,Y,Y,A,01,1,0,0,0,0,0,0,0,0,"- ","- ",39.183399200439453,-121.08477020263672,NEVADA,UNINCORPORATED,-121.08480834960938,39.1834716796875
92162689,2023,2023-09-05,9230,2023-09-01,1500,020059,,5,2,9,2900,0,3,5,,2,050,"PASQUALE ROAD","EMERALD LN",60.00,W,N,A,-,N,,,,,,,,,,Y,2,0,1,1,A,-,08,22107,,M,E,I,A,B,H,-,A,D,0,,,,,Y,,A,01,1,0,0,0,0,0,0,0,0,"- ","- ",39.261951446533203,-120.97406005859375,NEVADA,UNINCORPORATED,-120.97473907470703,39.261623382568359
92172376,2023,2023-09-18,9230,2023-09-11,1903,020059,,1,2,9,2900,0,1,3,,1,071,"STATE ROUTE 20","ROUGH AND READY HWY",5280.00,E,N,A,-,Y,NEV,,20," ",R,7.608,H,,R,Y,2,0,1,2,A,-,03,22350,,N,C,2,A,A,H,-,A,D,0,,,Y,,Y,,C,02,1,0,0,0,0,0,0,0,1,"- ","- ",39.204818725585938,-121.15123748779297,NEVADA,UNINCORPORATED,-121.15123748779297,39.204807281494141
92197727,2023,2023-10-12,9230,2023-10-08,1415,020411,,7,2,9,2900,0,1,3,,1,041,SR-174,"EMPIRE STREET",528.00,S,N,A,-,Y,,,,,,,,,,N,2,0,1,2,A,-,06,21760,B,N,B,G,A,A,H,-,A,A,0,,Y,,,Y,,A,08,1,0,0,0,0,0,1,0,0,"- ","- ",39.207878112792969,-121.04186248779297,NEVADA,UNINCORPORATED,-121.04203796386719,39.207382202148438
92287760,2023,2024-01-16,9230,2023-12-15,1740,020425,,5,2,2,2901,0,1,3,,2,032,SR49,"MCKNIGHT WAY",215.00,N,N,A,-,Y,NEV,,49," ",R,13.709,H,,R,Y,1,1,0,2,A,-,01,23152,A,N,C,C,A,A,H,-,D,D,0,,,,Y,Y,Y,A,01,0,0,0,0,0,0,0,0,0,"- ","- ",39.200839996337891,-121.0601806640625,NEVADA,"GRASS VALLEY",-121.06000518798828,39.200962066650391
92303934,2024,2024-02-02,9230,2024-01-21,1335,017889,,7,1,9,2900,0,3,5,,2,040,"GOLD HILL DR",SR-174,528.00,E,N,B,-,N,,,,,,,,,,Y,2,0,1,1,A,-,01,23152,A,N,E,I,A,B,H,-,A,D,0,,,,,Y,Y,A,07,1,0,0,0,0,0,0,0,0,"- ","- ",39.214370727539062,-121.05252838134766,NEVADA,UNINCORPORATED,-121.05240631103516,39.214324951171875
92311473,2024,2024-02-12,9230,2024-02-04,1903,019940,,7,2,9,2900,0,1,3,,1,061,SR-49,"SWEETLAND RD",1218.00,N,N,C,G,Y,NEV,,49," "," ",28.203,H,,R,Y,2,0,2,1,A,-,03,22350,,F,E,I,A,B,C,-,D,D,0,,,,,Y,,A,07,2,0,0,0,0,0,0,0,0,"- ","- ",39.352668762207031,-121.12297821044922,NEVADA,UNINCORPORATED,-121.12298583984375,39.352668762207031
92311579,2024,2024-02-12,9230,2024-02-04,1430,018691,,7,2,9,2900,0,1,3,,1,061,SR-49,"GARESIO RANCH RD",450.00,S,N,B,C,Y,NEV,,49," "," ",19.212,H,,R,Y,2,0,1,1,A,-,08,22107,,N,F,A,A,B,H,-,A,D,0,,,,,Y,,A,07,1,0,0,0,0,0,0,0,0,"- ","- ",39.277050018310547,-121.08406829833984,NEVADA,UNINCORPORATED,-121.08405303955078,39.277210235595703
92337070,2024,2024-03-13,9230,2024-03-08,1525,018493,,5,2,9,2900,0,3,5,,2,070,"PLEASANT VALLEY RD","LAKE WILDWOOD DRIVE",300.00,S,N,A,-,N,,,,,,,,,,N,2,0,1,1,A,-,08,22107,,N,F,A,A,A,H,-,A,D,0,,Y,,,Y,,M,91,1,0,0,0,0,0,1,0,0,"- ","- ",39.22222900390625,-121.20387268066406,NEVADA,UNINCORPORATED,-121.20393371582031,39.222755432128906
92339709,2023,2024-03-15,9230,2023-11-19,"345 ",020425,,7,3,9,2900,0,1,3,,1,071,SR-20,"SOUTH PONDEROSA WAY",2527.00,E,N,A,-,Y,NEV,,20," ",R,10.579,H,,R,Y,1,1,0,1,A,-,08,22107,,N,E,I,A,B,H,-,D,D,0,,,,,Y,,A,07,0,0,0,0,0,0,0,0,0,"- ","- ",39.20758056640625,-121.09873962402344,NEVADA,UNINCORPORATED,-121.09872436523438,39.207530975341797
92358549,2024,2024-04-08,9230,2024-03-31,"445 ",020308,,7,3,9,2900,0,1,3,,1,061,"SR-49 N/B","SHOSHONI TRAIL CT",615.00,N,N,B,C,Y,NEV,,49," "," ",18.373,H,,R,N,2,0,1,1,A,-,03,22350,,N,E,I,A,B,H,-,D,D,0,,,,,Y,,A,01,1,0,0,0,0,0,0,0,0,"- ","- ",39.271419525146484,-121.07122039794922,NEVADA,UNINCORPORATED,-121.07122039794922,39.271419525146484
92374217,2024,2024-04-24,9230,2024-04-17,1325,019940,,3,1,9,2900,0,1,3,,1,071,"SR-20 W/B","CHANCES R ROAD",820.00,E,N,A,-,Y,NEV,,20," ",R,3.781,H,,L,Y,1,1,0,2,A,-,03,22350,,N,C,C,A,A,H,-,A,D,0,,,,,Y,,A,01,0,0,0,0,0,0,0,0,0,"- ","- ",39.199821472167969,-121.21971893310547,NEVADA,UNINCORPORATED,-121.21971893310547,39.199787139892578
92378448,2024,2024-04-30,9222,2024-04-26,1347,021995,,5,1,3,2908,0,1,1,,2,023,"I-80 WESTBOUND","OVERLAND TRAIL",1056.00,W,N,B,G,Y,NEV,,80," "," ",18.107,H,,L,Y,2,0,2,2,A,-,01,23152,G,N,C,C,A,A,H,-,A,D,0,,,,,Y,Y,D,22,2,0,0,0,0,0,0,0,0,"- ","- ",39.353401184082031,-120.14872741699219,NEVADA,TRUCKEE,-120.14873504638672,39.353401184082031
92387657,2024,2024-05-13,9230,2024-05-01,1918,020107,,3,2,9,2900,0,3,5,,2,030,"RETRAC WAY","HARLEY CT",676.00,S,N,A,-,N,,,,,,,,,,N,2,0,1,2,A,-,05,21650,,N,A,C,A,A,H,-,A,D,0,,,Y,,Y,,C,02,1,0,0,0,0,0,0,0,1,"- ","- ",39.130481719970703,-121.11467742919922,NEVADA,UNINCORPORATED,-121.11475372314453,39.130596160888672
92393473,2024,2024-05-20,9230,2024-05-09,1320,018771,,4,1,2,2901,0,2,4,,2,073,"ROUGH AND READY HWY","ROUGH AND READY RD",125.00,S,N,A,-,N,,,,,,,,,,Y,2,0,1,1,A,-,08,22107,,N,F,A,A,A,H,-,A,D,0,,,,,Y,,D,22,1,0,0,0,0,0,0,0,0,"- ","- ",39.226238250732422,-121.14296722412109,NEVADA,"GRASS VALLEY",-121.14265441894531,39.226512908935547
92394111,2024,2024-05-20,9230,2024-05-12,1200,020107,,7,1,9,2900,0,3,5,,2,030,"ALLISON RANCH ROAD","THE PRIVATE DRIVEWAY OF 12000 ALLISON RANCH ROAD P",308.00,N,N,A,-,N,,,,,,,,,,Y,2,0,1,2,A,-,05,21460,A,N,B,2,A,A,H,-,A,D,0,,,,,Y,,D,22,1,0,0,0,0,0,0,0,0,"- ","- ",39.199489593505859,-121.06640625,NEVADA,UNINCORPORATED,,
92394215,2024,2024-05-20,9230,2024-05-19,2050,020447,,7,2,9,2900,0,3,5,,2,030,"MCCOURTNEY ROAD","INDIAN SPRINGS RD",123.00,S,N,A,-,N,,,,,,,,,,N,2,0,1,1,A,-,03,22350,,N,F,A,A,A,H,-,D,D,0,,,Y,,Y,,C,02,1,0,0,0,0,0,0,0,1,"- ","- ",39.164508819580078,-121.13243865966797,NEVADA,UNINCORPORATED,-121.13234710693359,39.164558410644531
92414354,2024,2024-06-13,9230,2024-05-30,1900,019940,,4,2,9,2900,0,3,5,,2,070,"PLEASANT VALLEY RD","MOONEY FLAT RD",340.00,S,N,A,-,N,,,,,,,,,,Y,2,0,1,1,A,-,01,23152,A,N,F,0,A,A,H,-,A,D,0,,,,,Y,Y,A,07,1,0,0,0,0,0,0,0,0,"- ","- ",39.235820770263672,-121.21761322021484,NEVADA,UNINCORPORATED,-121.21762084960938,39.235908508300781
92415642,2024,2024-06-17,9230,2024-06-15,2036,020411,,6,2,9,2900,0,1,3,,1,051,SR-20,"LOS ALTOS LN",300.00,E,N,A,-,Y,NEV,,20," "," ",22.594,H,,R,Y,2,0,1,1,A,-,08,22107,,N,E,I,A,A,H,-,B,A,0,,,,,Y,,A,07,1,0,0,0,0,0,0,0,0,"- ","- ",39.285629272460938,-120.95835876464844,NEVADA,UNINCORPORATED,-120.95833587646484,39.285484313964844
92424068,2024,2024-06-26,9230,2024-06-22,1510,016843,,6,2,9,2900,0,3,5,,2,050,"RELIEF HILL ROAD","WASHINGTON ROAD",5280.00,E,N,A,-,N,,,,,,,,,,N,2,0,1,1,A,-,08,22107,,N,F,A,A,A,A,-,A,D,0,,,Y,,Y,,C,06,1,0,0,0,0,0,0,0,1,"- ","- ",39.352169036865234,-120.80181884765625,NEVADA,UNINCORPORATED,,
92425068,2024,2024-06-27,9230,2024-06-26,1435,019940,,3,2,9,2900,0,2,4,,2,073,"ROUGH AND READY HWY","RIDGE RD",1259.00,W,N,A,-,N,,,,,,,,,,Y,2,0,1,1,A,-,08,22107,,N,F,A,A,A,H,-,A,D,0,,,Y,,Y,,-,"- ",1,0,0,0,0,0,0,0,1,"- ","- ",39.229061126708984,-121.08979797363281,NEVADA,UNINCORPORATED,-121.08956909179688,39.229019165039062
92443635,2024,2024-07-19,9230,2024-07-13,"5   ",020425,,6,3,9,2900,0,1,3,,1,061,SR-49,"READER RANCH ROAD",4240.00,S,N,A,-,Y,NEV,,49," "," ",23.057,H,,R,Y,2,0,2,2,A,-,05,21460,,N,A,C,A,A,H,-,D,D,0,,,,,Y,,A,07,1,1,0,0,0,0,0,0,0,"- ","- ",39.296829223632812,-121.10555267333984,NEVADA,UNINCORPORATED,-121.10553741455078,39.296878814697266