CASE_ID,ACCIDENT_YEAR,PROC_DATE,JURIS,COLLISION_DATE,COLLISION_TIME,OFFICER_ID,REPORTING_DISTRICT,DAY_OF_WEEK,CHP_SHIFT,POPULATION,CNTY_CITY_LOC,SPECIAL_COND,BEAT_TYPE,CHP_BEAT_TYPE,CITY_DIVISION_LAPD,CHP_BEAT_CLASS,BEAT_NUMBER,PRIMARY_RD,SECONDARY_RD,DISTANCE,DIRECTION,INTERSECTION,WEATHER_1,WEATHER_2,STATE_HWY_IND,CALTRANS_COUNTY,CALTRANS_DISTRICT,STATE_ROUTE,ROUTE_SUFFIX,POSTMILE_PREFIX,POSTMILE,LOCATION_TYPE,RAMP_INTERSECTION,SIDE_OF_HWY,TOW_AWAY,COLLISION_SEVERITY,NUMBER_KILLED,NUMBER_INJURED,PARTY_COUNT,PRIMARY_COLL_FACTOR,PCF_CODE_OF_VIOL,PCF_VIOL_CATEGORY,PCF_VIOLATION,PCF_VIOL_SUBSECTION,HIT_AND_RUN,TYPE_OF_COLLISION,MVIW,PED_ACTION,ROAD_SURFACE,ROAD_COND_1,ROAD_COND_2,LIGHTING,CONTROL_DEVICE,CHP_ROAD_TYPE,PEDESTRIAN_ACCIDENT,BICYCLE_ACCIDENT,MOTORCYCLE_ACCIDENT,TRUCK_ACCIDENT,NOT_PRIVATE_PROPERTY,ALCOHOL_INVOLVED,STWD_VEHTYPE_AT_FAULT,CHP_VEHTYPE_AT_FAULT,COUNT_SEVERE_INJ,COUNT_VISIBLE_INJ,COUNT_COMPLAINT_PAIN,COUNT_PED_KILLED,COUNT_PED_INJURED,COUNT_BICYCLIST_KILLED,COUNT_BICYCLIST_INJURED,COUNT_MC_KILLED,COUNT_MC_INJURED,PRIMARY_RAMP,SECONDARY_RAMP,LATITUDE,LONGITUDE,COUNTY,CITY,POINT_X,POINT_Y
93686461,2024,2024-08-06,9230,2024-07-30,"153 ",018107,,2,3,2,2901,0,1,3,,2,032,SR-49,SR-20,180.00,S,N,A,-,Y,NEV,,49," ",R,14.432,H,,R,Y,2,0,1,1,A,-,08,22107,,N,E,I,A,A,D,-,D,A,0,,,,,Y,,A,01,1,0,0,0,0,0,0,0,0,"- ","- ",39.208930969238281,-121.06826782226562,NEVADA,"GRASS VALLEY",-121.06812286376953,39.208930969238281
9368921,2021,2021-12-08,2908,2021-07-20,1720,6617,11,2,5,3,2908,0,0,0,,0,TAHOED,"DAVOS DR","HEIDI WY",488.00,E,N,A,-,N,,,,,,,,,,N,2,0,1,2,A,-,05,21650,1,N,H,A,A,A,H,-,A,D,0,,Y,,,Y,,L,04,1,0,0,0,0,0,1,0,0,"- ","- ",,,NEVADA,TRUCKEE,-120.23794555664062,39.343006134033203
9382735,2021,2022-01-06,2908,2021-12-03,1030,6634,11,5,5,3,2908,0,0,0,,0,TAHOED,"NORTHWOODS BL","NORTHWOODS BL 11509",169.00,E,N,A,-,N,,,,,,,,,,Y,2,0,2,2,A,-,03,22350,,N,A,C,A,C,H,-,A,D,0,,,,,Y,,A,01,1,1,0,0,0,0,0,0,0,"- ","- ",,,NEVADA,TRUCKEE,,
94020909,2024,2024-08-12,9230,2024-07-11,2035,020059,,4,2,9,2900,0,1,3,,1,041,"STATE ROUTE 174","QUAIL POINTE LANE",115.00,S,N,A,-,Y,NEV,,174," "," ",3.986,H,,R,Y,1,1,0,1,A,-,08,22107,,N,E,8,A,A,H,-,B,D,0,,,,,Y,,D,22,0,0,0,0,0,0,0,0,0,"- ","- ",39.182979583740234,-120.97103118896484,NEVADA,UNINCORPORATED,-120.97109985351562,39.182979583740234
94269695,2024,2024-08-13,9230,2024-08-03,1215,018107,,6,1,9,2900,0,3,5,,2,030,"BREWER RD","NANCY LN",6.00,N,N,A,-,N,,,,,,,,,,Y,2,0,2,1,A,-,03,22350,,N,E,8,A,A,H,-,A,A,0,,,,,Y,,A,01,2,0,0,0,0,0,0,0,0,"- ","- ",39.131278991699219,-121.04445648193359,NEVADA,UNINCORPORATED,-121.04573822021484,39.133857727050781
94395537,2024,2024-09-16,9230,2024-09-01,1608,020013,,7,2,9,2900,0,3,5,,2,060,"TYLER FOOTE ROAD","OAK TREE RD",135.00,S,N,A,-,N,,,,,,,,,,Y,2,0,2,2,A,-,09,21801,A,N,A,C,A,A,H,-,A,D,0,,,Y,,Y,,A,01,2,0,0,0,0,0,0,0,2,"- ","- ",39.354118347167969,-121.06404876708984,NEVADA,UNINCORPORATED,-121.06411743164062,39.354072570800781
94413544,2024,2024-09-30,9230,2024-09-27,1210,018107,,5,1,2,2901,0,1,3,,2,042,SR-20,"BENNETT ST",1565.00,E,N,A,-,Y,NEV,,20," ",R,13.361,H,,R,N,2,0,1,2,A,-,07,21658,A,N,E,8,A,A,H,-,A,D,0,,,Y,,Y,,A,07,1,0,0,0,0,0,0,0,1,"- ","- ",39.220378875732422,-121.05473327636719,NEVADA,"GRASS VALLEY",-121.05470275878906,39.220306396484375
94430263,2024,2024-10-14,9222,2024-10-05,1540,019781,,6,2,9,2900,0,1,1,,2,021,"I-80 W/B",KINGVALE,8976.00,E,N,A,-,Y,NEV,,80," "," ",1.163,H,,L,Y,2,0,3,1,A,-,08,22107,,N,E,I,A,A,H,-,A,D,0,,,,,Y,,-,"- ",1,2,0,0,0,0,0,0,0,"- ","- ",39.323760986328125,-120.41690826416016,NEVADA,UNINCORPORATED,-120.41693115234375,39.323795318603516
94437103,2024,2024-10-18,9230,2024-10-13,2040,020059,,7,2,2,2901,0,1,3,,2,042,"STATE ROUTE 20 (W/B)","W. EMPIRE ST.",290.00,E,N,A,-,Y,NEV,,20," ",R,12.362,H,,L,Y,2,0,1,1,A,-,08,22107,,N,E,I,A,A,H,-,D,D,0,,,,,Y,,-,"- ",1,0,0,0,0,0,0,0,0,"- ","- ",39.210491180419922,-121.06810760498047,NEVADA,"GRASS VALLEY",-121.06787109375,39.210391998291016
94451406,2024,2024-10-30,9230,2024-10-28,1100,016426,,1,1,9,2900,0,1,3,,1,071,SR-20,"SOUTH PONDEROSA WAY OVERCROSSING",2290.00,W,N,A,-,Y,NEV,,20," ",R,10.527,H,,R,Y,2,0,1,2,A,-,01,23152,F,N,C,C,A,A,H,-,A,D,0,,,,,Y,,D,22,1,0,0,0,0,0,0,0,0,"- ","- ",39.207321166992188,-121.09966278076172,NEVADA,UNINCORPORATED,-121.09966278076172,39.20733642578125
94456725,2024,2024-11-04,9230,2024-10-23,1507,019940,,3,2,9,2900,0,1,3,,1,061,SR-49,"OAK TREE RD",297.00,S,N,A,-,Y,NEV,,49," "," ",29.953,H,,R,Y,2,0,2,2,A,-,09,21801,A,N,A,C,A,A,H,-,A,D,0,,,Y,,Y,,-,"- ",1,1,0,0,0,0,0,0,1,"- ","- ",39.370380401611328,-121.10321807861328,NEVADA,UNINCORPORATED,-121.10323333740234,39.370399475097656
94468638,2024,2024-11-13,9222,2024-11-02,1905,017550,,6,2,9,2900,0,1,1,,2,024,"I-80 W/B","I-80 W/B OVECROSSING",55.00,N,N,A,-,Y,NEV,,80," "," ",29.488,H,,L,Y,2,0,3,1,A,-,08,22107,,N,E,I,A,A,H,-,D,D,0,,,,,Y,,A,07,1,1,1,0,0,0,0,0,0,"- ","- ",39.422191619873047,-120.03555297851562,NEVADA,UNINCORPORATED,-120.03530120849609,39.422283172607422
94494865,2024,2024-12-06,9230,2024-11-25,1320,021152,,1,1,9,2900,0,1,3,,1,061,"STATE ROUTE 49","MAIDU AVENUE",0.00,,Y,B,C,Y,NEV,,49," "," ",15.606,H,,R,Y,2,0,2,2,A,-,09,21802,A,N,D,C,A,B,H,-,A,A,0,,,,,Y,,A,01,1,0,1,0,0,0,0,0,0,"- ","- ",39.268459320068359,-121.02481079101562,NEVADA,UNINCORPORATED,-121.02481842041016,39.268486022949219
94500845,2024,2024-12-13,9230,2024-11-09,1205,021152,,6,1,2,2902,0,1,3,,1,061,SR-49,"SUN SHADOW CIRCLE",1056.00,N,N,A,-,Y,NEV,,49," "," ",19.798,H,,R,Y,1,1,0,1,A,-,08,22107,,N,E,I,A,A,H,-,A,D,0,,,Y,,Y,,-,"- ",0,0,0,0,0,0,0,1,0,"- ","- ",39.277721405029297,-121.09407043457031,NEVADA,"NEVADA CITY",-121.09407806396484,39.277767181396484
94500850,2024,2024-12-13,9230,2024-12-01,1840,020411,,7,2,9,2900,0,1,3,,1,041,SR-174,"GREENHORN ACCESS ROAD",1075.00,N,N,A,-,Y,NEV,,174," "," ",3.605,H,,R,N,2,0,1,1,C,-,18,,,N,H,7,A,A,H,-,D,A,0,,,Y,,Y,,-,"- ",1,0,0,0,0,0,0,0,1,"- ","- ",39.178718566894531,-120.97470092773438,NEVADA,UNINCORPORATED,-120.97474670410156,39.178733825683594
94513747,2024,2024-12-23,9222,2024-12-17,"630 ",016852,,2,1,9,2900,0,1,1,,2,021,"INTERSTATE 80 (I-80){ALAN S. HART FREEWAY) WESTBOU","SODA SPRINGS {DONNER PASS ROAD] OVERCROSSING",100.00,E,N,B,-,Y,NEV,,80," ",R,2.559,H,,L,N,2,0,2,2,A,-,01,23153,A,N,E,J,A,B,H,-,B,D,0,,,,,Y,Y,D,22,1,0,1,0,0,0,0,0,0,"- ","- ",39.325569152832031,-120.392578125,NEVADA,UNINCORPORATED,-120.39253234863281,39.325515747070312
94523090,2024,2025-01-02,9230,2024-12-25,"105 ",020425,,3,3,9,2900,0,1,3,,1,051,SR-20,"DOW ROAD",120.00,E,N,B,-,Y,NEV,,20," "," ",19.869,H,,R,Y,2,0,1,1,A,-,08,22107,,N,F,A,A,B,H,-,D,D,0,,,,,Y,,-,"- ",1,0,0,0,0,0,0,0,0,"- ","- ",39.276199340820312,-121.00398254394531,NEVADA,UNINCORPORATED,-121.00402069091797,39.276233673095703
94526846,2024,2025-01-06,9230,2024-12-27,1420,017889,,5,2,9,2900,0,3,5,,2,040,"EAST EMPIRE ST","EMPIRE MOUNTAIN RD",118.00,E,N,B,C,N,,,,,,,,,,Y,2,0,1,1,A,-,01,23152,A,N,E,I,A,B,H,-,A,D,0,,,,,Y,Y,A,07,1,0,0,0,0,0,0,0,0,"- ","- ",39.208698272705078,-121.05058288574219,NEVADA,UNINCORPORATED,-121.05115509033203,39.208206176757812
94562690,2025,2025-02-03,9222,2025-01-30,"205 ",022255,,4,3,9,2900,0,1,1,,2,022,"I-80 EASBOUND","CASTLE PEAK ROAD",6864.00,E,N,A,-,Y,NEV,,80," ",R,6.460,H,,R,Y,2,0,1,1,A,-,08,22107,,N,E,J,A,A,H,-,D,D,0,,,,,Y,,A,07,1,0,0,0,0,0,0,0,0,"- ","- ",39.342399597167969,-120.32476043701172,NEVADA,UNINCORPORATED,-120.32478332519531,39.342342376708984
94567604,2025,2025-02-06,9230,2025-01-25,1210,022381,,6,1,9,2900,0,3,5,,2,070,"INDIAN SPRINGS ROAD","FOREST RANCH ROAD",110.50,N,N,B,-,N,,,,,,,,,,Y,2,0,2,2,A,-,05,21460,,N,A,C,A,A,H,-,A,D,0,,,,,Y,,A,01,1,0,1,0,0,0,0,0,0,"- ","- ",39.173671722412109,-121.17804718017578,NEVADA,UNINCORPORATED,-121.17812347412109,39.173732757568359
94572373,2025,2025-02-10,9230,2025-02-02,"939 ",020447,,7,1,9,2900,0,1,3,,1,031,SR-49,"CERRITO RD",370.00,N,N,B,C,Y,NEV,,49," "," ",5.414,H,,R,Y,2,0,6,2,A,-,05,21460,A,N,A,C,A,B,H,-,A,D,0,,,,,Y,,A,08,3,1,2,0,0,0,0,0,0,"- ","- ",39.088088989257812,-121.08602142333984,NEVADA,UNINCORPORATED,-121.08600616455078,39.088088989257812
94576867,2025,2025-02-12,9230,2025-02-07,"643 ",020447,,5,1,9,2900,0,1,3,,1,051,SR-20,"LAST CHANCE MINE RD",670.00,W,N,B,D,Y,NEV,,20," "," ",37.255,H,,R,Y,2,0,1,1,A,-,03,22350,,N,E,I,A,C,H,-,B,D,0,,,,,Y,,A,07,1,0,0,0,0,0,0,0,0,"- ","- ",39.318061828613281,-120.72664642333984,NEVADA,UNINCORPORATED,-120.72666168212891,39.318027496337891
94657369,2025,2025-04-21,9230,2025-04-15,1702,017539,,2,2,2,2901,0,1,3,,1,051,SR-20,"MAHONEY LANE",170.00,W,N,B,-,Y,NEV,,20," "," ",26.449,H,,R,Y,2,0,1,1,A,-,01,23152,A,N,E,8,A,A,H,-,A,D,0,,,,,Y,Y,D,22,1,0,0,0,0,0,0,0,0,"- ","- ",39.313961029052734,-120.90058135986328,NEVADA,"GRASS VALLEY",-120.90061950683594,39.314060211181641
94701365,2025,2025-05-27,9230,2025-05-14,1956,018872,,3,2,9,2900,0,2,4,,2,073,"ROUGH AND READY HWY","BONANZA WAY",570.00,W,N,A,-,Y,,,,,,,,,,Y,2,0,1,1,A,-,01,23153,A,N,E,I,A,A,H,-,B,D,0,,,,,Y,Y,A,08,1,0,0,0,0,0,0,0,0,"- ","- ",39.232170104980469,-121.12859344482422,NEVADA,UNINCORPORATED,-121.12833404541016,39.232242584228516
94707364,2025,2025-05-30,9230,2025-05-21,1700,017539,,3,2,9,2900,0,3,5,,2,060,"PURDON ROAD","PURDON ACCESS ROAD / PURDON CROSSING",2240.00,S,N,A,-,N,,,,,,,,,,N,2,0,1,1,A,-,03,22350,,N,F,A,A,A,H,-,A,D,0,,,Y,,Y,,C,02,1,0,0,0,0,0,0,0,1,"- ","- ",39.322601318359375,-121.04802703857422,NEVADA,UNINCORPORATED,-121.04804229736328,39.322643280029297
94719634,2025,2025-06-10,9222,2025-06-07,1745,022294,,6,2,9,2900,0,1,1,,2,023,"I-80 EASTBOUND","SR-89 SOUTH",70.00,W,N,B,-,Y,NEV,,80," "," ",14.152,H,,R,Y,2,0,1,1,A,-,08,22107,,N,E,8,A,A,H,-,A,D,0,,,Y,,Y,,C,02,1,0,0,0,0,0,0,0,1,"- ","- ",39.32305908203125,-120.20819854736328,NEVADA,UNINCORPORATED,-120.20819854736328,39.323013305664062
94719655,2025,2025-08-11,9230,2025-06-05,"40  ",020447,,4,3,9,2900,0,3,5,,2,040,"E BENNETT RD","AMETHYST CT",269.00,W,N,A,-,N,,,,,,,,,,Y,2,0,2,1,A,-,08,22107,,N,E,I,A,A,H,-,D,D,0,,,,,Y,,A,01,1,0,1,0,0,0,0,0,0,"- ","- ",39.216228485107422,-121.03099822998047,NEVADA,UNINCORPORATED,-121.03105163574219,39.216148376464844
94732669,2025,2025-06-19,9230,2025-06-18,1850,018872,,3,2,9,2900,0,3,5,,2,030,"MCCOURTNEY RD","PATTERSON VALLEY RD",88.00,S,N,A,-,N,,,,,,,,,,Y,2,0,1,1,A,-,08,22107,,N,H,A,A,A,H,-,A,D,0,,,Y,,Y,,C,02,1,0,0,0,0,0,0,0,1,"- ","- ",39.169940948486328,-121.12728881835938,NEVADA,UNINCORPORATED,-121.12720489501953,39.169910430908203
94746436,2025,2025-07-02,9230,2025-03-18,2200,022007,,2,3,9,2900,0,1,3,,1,031,"SR-49 S/B","WOLF ROAD",64.00,S,N,A,-,Y,NEV,,49," "," ",2.177,H,,L,N,1,1,0,2,A,-,11,21954,A,N,G,B,D,A,H,-,D,A,0,Y,,,,Y,,N,60,0,0,0,1,0,0,0,0,0,"- ","- ",39.042331695556641,-121.09474945068359,NEVADA,UNINCORPORATED,-121.09473419189453,39.042327880859375
9507801,2022,2022-10-05,2908,2022-09-06,2051,6595,13,2,5,3,2908,0,0,0,,0,,"PIONEER TRL","COMSTOCK RD",0.00,,Y,A,-,N,,,,,,,,,,N,2,0,5,1,A,-,03,22350,,N,H,I,A,A,H,-,D,D,0,,,,,Y,,-,,1,3,1,0,0,0,0,0,0,"- ","- ",,,NEVADA,TRUCKEE,-120.18379211425781,39.337100982666016
9531767,2022,2022-11-10,2908,2022-10-24,0455,6141,11,1,5,3,2908,0,0,0,,0,GATEWA,"DONNER PASS RD","VISTA AV",0.00,,Y,A,-,N,,,,,,,,,,Y,2,0,1,1,A,-,03,22350,,N,E,I,A,A,H,-,C,A,0,,,,,Y,,A,07,1,0,0,0,0,0,0,0,0,"- ","- ",,,NEVADA,TRUCKEE,-120.20480346679688,39.326057434082031
9763957,2025,2025-01-21,2908,2025-01-03,1708,6113,GLENS,5,5,3,2908,0,0,0,,0,013,"GLENSHIRE DR","OLYMPIC BL",0.00,,Y,D,-,N,,,,,,,,,,Y,2,0,1,1,A,-,01,23152,A,N,F,I,A,C,H,-,D,D,0,,,,,Y,Y,-,,1,0,0,0,0,0,0,0,0,"- ","- ",39.333889007568359,-120.15721893310547,NEVADA,TRUCKEE,-120.15781402587891,39.333904266357422
9784709,2025,2025-02-26,2908,2025-02-13,"611 ",6113,TAHOE,4,5,3,2908,0,0,0,,0,011,"NORTHWOODS BL","CEDAR TRAIL WY",0.00,,Y,D,-,N,,,,,,,,,,Y,2,0,3,1,A,-,03,22350,,N,E,I,A,C,H,-,C,D,0,,,,,Y,,A,01,1,0,2,0,0,0,0,0,0,"- ","- ",39.332500457763672,-120.21639251708984,NEVADA,TRUCKEE,-120.21533966064453,39.33282470703125
5912240,2014,2014-04-25,9230,2014-03-04,2018,14289,,2,2,9,2900,0,1,3,,1,071,"RT 20","CATTLE DR",512.00,W,N,A,-,Y,NEV,3,20,-,R,6.120,H,-,E,Y,1,1,1,3,A,-,"- ",,,N,B,C,A,A,H,-,D,D,5,,,,,Y,,A,01,0,1,0,0,0,0,0,0,0,"- ","- ",39.203200000000002,-121.17852999999999,NEVADA,UNINCORPORATED,-121.17851546999999,39.203253949999997
6292313,2015,2017-04-21,9230,2015-02-12,1550,15030,,4,2,9,2900,0,3,5,,2,050,"RED DOG RD","MURCHIE MINE RD",559.00,E,N,A,-,N,,,,,,,,,,Y,1,1,0,1,A,-,01,23152,A,N,F,A,A,A,H,-,A,D,0,,,Y,,Y,Y,C,02,0,0,0,0,0,0,0,1,0,"- ","- ",39.262860000000003,-120.98819,NEVADA,UNINCORPORATED,-120.98822201999999,39.262431220000003
6292608,2015,2015-09-11,9230,2015-06-04,1445,12882,,4,2,9,2900,0,3,5,,2,070,"BITNEY SPRINGS RD","LOXIE LN",38.00,N,N,B,-,N,,,,,,,,,,Y,1,1,0,1,A,-,08,22107,,N,E,I,A,A,H,-,A,D,0,,,,,Y,,A,01,0,0,0,0,0,0,0,0,0,"- ","- ",39.248719999999999,-121.11371,NEVADA,UNINCORPORATED,-121.11368895,39.248681640000001
6450844,2014,2014-07-03,9230,2014-03-21,0935,019235,,5,1,2,2901,0,3,5,,2,060,"1ST ST","OAK TREE RD",1584.00,W,N,A,-,N,,,,,,,,,,Y,2,0,1,1,A,-,05,21650,,N,E,I,A,A,H,-,A,A,0,,,Y,,Y,,C,02,1,0,0,0,0,0,0,0,1,"- ","- ",39.349930000000001,-121.06753999999999,NEVADA,"GRASS VALLEY",,
6471533,2014,2016-04-05,9221,2014-05-04,0908,15265,,7,1,9,2900,0,1,1,,2,387,"RT 80","RT 20",4224.00,E,N,A,-,Y,NEV,3,80,-,R,60.270,H,-,W,Y,2,0,2,1,A,-,08,22107,,N,E,I,A,A,H,-,A,D,1,,,,,Y,,D,22,2,0,0,0,0,0,0,0,0,"- ","- ",39.327730000000003,-120.5928,NEVADA,UNINCORPORATED,-120.5927374,39.327851590000002
6475245,2014,2014-07-07,9230,2014-03-23,1400,19235,,7,2,2,2901,0,3,5,,2,080,"FOOTE CROSSING RD","MAGNUS ORCHARD RD",2640.00,E,N,A,-,N,,,,,,,,,,N,2,0,1,1,A,-,03,22350,,N,F,A,A,A,H,-,A,D,0,,,Y,,Y,,C,02,1,0,0,0,0,0,0,0,1,"- ","- ",39.43965,-120.91379999999999,NEVADA,"GRASS VALLEY",-120.91801642999999,39.438529680000002
6486022,2014,2016-03-28,9230,2014-05-01,1235,13903,,4,1,9,2900,0,1,3,,2,042,"RT 20","BRUNSWICK RD",528.00,W,N,A,-,Y,NEV,3,20,-,R,14.700,H,-,W,Y,2,0,1,2,A,-,03,22350,,N,C,C,A,A,H,-,A,D,1,,,,,Y,,A,01,1,0,0,0,0,0,0,0,0,"- ","- ",39.232199999999999,-121.04007,NEVADA,UNINCORPORATED,-121.03799845,39.23415962
6524764,2014,2014-07-18,9230,2014-04-21,1829,13245,,1,2,9,2900,0,3,5,,2,070,"MCCOURTNEY RD","WELLS DR",340.00,S,N,B,-,N,,,,,,,,,,Y,2,0,1,1,A,-,08,22107,,N,E,I,A,A,H,-,A,D,0,,,,,Y,,A,01,1,0,0,0,0,0,0,0,0,"- ","- ",39.185870000000001,-121.0264,NEVADA,UNINCORPORATED,-121.10246694999999,39.185883439999998
6556767,2014,2016-03-28,9230,2014-06-22,2045,017889,,7,2,2,2902,0,1,3,,2,052,"RT 20","BROAD ST",466.00,W,N,A,-,Y,NEV,3,20,-,R,16.900,H,-,W,Y,2,0,3,2,A,-,01,23152,A,N,B,C,A,A,H,-,C,D,1,,,,,Y,Y,A,07,2,0,1,0,0,0,0,0,0,"- ","- ",39.26117,-121.01808,NEVADA,"NEVADA CITY",-121.01795515000001,39.261233050000001
6558564,2014,2014-08-13,9230,2014-06-28,0400,017889,,6,3,9,2900,0,3,5,,2,050,"WILLOW VALLEY RD","LEWIS RD",141.00,E,N,A,-,N,,,,,,,,,,Y,2,0,1,1,A,-,01,23152,A,N,E,I,A,A,H,-,D,D,0,,,Y,,Y,Y,C,02,1,0,0,0,0,0,0,0,1,"- ","- ",39.268389999999997,-121.00624999999999,NEVADA,UNINCORPORATED,-121.00645230000001,39.268216180000003
6622567,2014,2014-09-25,9230,2014-08-29,1525,016258,,5,2,9,2900,0,3,5,,2,030,"WOLF RD","CAMERON WY",1056.00,E,N,B,-,N,,,,,,,,,,Y,2,0,1,1,A,-,03,22350,,N,E,I,A,A,H,-,A,A,0,,,Y,,Y,,C,02,1,0,0,0,0,0,0,0,1,"- ","- ",39.050240000000002,-121.10525,NEVADA,UNINCORPORATED,-121.10666313999999,39.050330359999997
6690971,2014,2014-11-18,2908,2014-09-30,1651,6192,11,2,5,3,2908,0,0,0,,0,TAHOED,"SKI SLOPE WY","SPRINGBROOK LN",528.00,W,N,A,-,N,,,,,,,,,,Y,2,0,1,1,A,-,01,23152,E,N,F,I,A,A,H,-,A,D,0,,,,,Y,,A,01,1,0,0,0,0,0,0,0,0,"- ","- ",,,NEVADA,TRUCKEE,-120.25522684000001,39.358472550000002
6702298,2014,2015-01-07,9230,2014-11-01,2045,017889,,6,2,9,2900,0,3,5,,2,050,"N BLOOMFIELD RD","HONEYSUCKLE WY",200.00,E,N,B,C,N,,,,,,,,,,Y,2,0,1,1,A,-,08,22107,,N,E,I,A,B,H,-,D,D,0,,,,,Y,,A,01,1,0,0,0,0,0,0,0,0,"- ","- ",39.285640000000001,-121.00635,NEVADA,UNINCORPORATED,-121.00528348,39.286160979999998
6746911,2014,2016-02-18,9230,2014-11-19,2245,016588,,3,3,9,2900,0,3,5,,2,040,"YOU BET RD","RT 174",1580.00,E,N,B,C,N,,,,,,,,,,Y,2,0,3,1,A,-,03,22350,,N,E,I,A,B,H,-,D,D,0,,,,,Y,,A,07,1,2,0,0,0,0,0,0,0,"- ","- ",39.192019999999999,-120.97244000000001,NEVADA,UNINCORPORATED,-120.97287247,39.192204140000001
6759314,2014,2015-01-26,9230,2014-11-09,1430,16258,,7,2,9,2900,0,3,5,,2,030,"LIME KILN RD","DUGGANS RD",528.00,W,N,A,-,N,,,,,,,,,,Y,2,0,2,2,A,-,03,22350,,N,C,C,A,A,H,-,A,D,0,,,Y,,Y,,C,02,1,1,0,0,0,0,0,0,1,"- ","- ",39.08793,-121.11891,NEVADA,UNINCORPORATED,-121.11767122000001,39.088109500000002
6784550,2015,2015-02-19,9230,2015-01-13,2220,014289,,2,3,9,2900,0,3,5,,2,030,"DOG BAR RD","WHEELER ACRES RD",250.00,N,N,A,-,N,,,,,,,,,,Y,2,0,1,1,A,-,01,23152,A,N,F,A,A,A,H,-,D,A,0,,,,,Y,Y,D,22,1,0,0,0,0,0,0,0,0,"- ","- ",39.169800000000002,-121.04579,NEVADA,UNINCORPORATED,-121.04533481999999,39.170211070000001
6821454,2015,2015-03-05,9230,2015-02-14,1040,12882,,6,1,9,2900,0,3,5,,2,040,"GREENHORN RD","HOLLYDALE RD",0.00,,Y,A,-,N,,,,,,,,,,Y,2,0,2,2,A,-,05,21460,A,N,B,C,A,A,H,-,A,A,0,,,Y,,Y,,A,07,1,1,0,0,0,0,0,0,2,"- ","- ",39.213500000000003,-121.00893000000001,NEVADA,UNINCORPORATED,-121.00893994,39.213549950000001
6858240,2015,2015-04-02,9230,2015-02-04,0735,13245,,3,1,9,2900,0,3,5,,2,060,"TYLER FOOTE CROSSING RD","OAK TREE RD",1320.00,E,N,A,-,N,,,,,,,,,,Y,2,0,1,1,A,-,08,22107,,N,E,I,A,A,H,-,A,D,0,,,,,Y,,A,01,1,0,0,0,0,0,0,0,0,"- ","- ",39.360900000000001,-121.0539,NEVADA,UNINCORPORATED,-121.05982989,39.356124229999999
6865694,2015,2015-04-09,9230,2015-03-16,1443,13245,,1,2,9,2900,0,2,4,,2,073,"ROUGH AND READY HWY","RANCH RD",225.00,S,N,B,-,N,,,,,,,,,,Y,2,0,3,2,A,-,05,21460,A,N,A,C,A,A,H,-,A,D,0,,,,,Y,Y,A,01,2,0,1,0,0,0,0,0,0,"- ","- ",39.230910000000002,-121.13266,NEVADA,UNINCORPORATED,-121.13252644000001,39.230840000000001
6881753,2015,2015-05-11,9230,2015-01-23,1019,013903,,5,1,9,2900,0,3,5,,2,070,"BITNEY SPRINGS RD","N PONDEROSA WY",6.00,E,N,A,-,N,,,,,,,,,,N,2,0,1,1,A,-,21,22106,,N,F,A,A,A,H,-,A,A,0,,Y,,,Y,,L,04,1,0,0,0,0,0,1,0,0,"- ","- ",39.255789999999998,-121.91153,NEVADA,UNINCORPORATED,-121.15362890999999,39.255791619999997
6908854,2015,2016-11-03,9222,2015-04-20,1510,013160,,1,2,9,2900,0,1,1,,2,021,"RT 80","CASTLE PEAK RD",5440.00,W,N,A,-,Y,NEV,3,80,-,R,4.040,H,-,W,Y,2,0,1,1,A,-,08,22107,,N,E,J,A,A,H,-,A,D,1,,,,,Y,,A,01,1,0,0,0,0,0,0,0,0,"- ","- ",39.330269999999999,-120.36553000000001,NEVADA,UNINCORPORATED,-120.39819894999999,39.324103260000001