CASE_ID,ACCIDENT_YEAR,PROC_DATE,JURIS,COLLISION_DATE,COLLISION_TIME,OFFICER_ID,REPORTING_DISTRICT,DAY_OF_WEEK,CHP_SHIFT,POPULATION,CNTY_CITY_LOC,SPECIAL_COND,BEAT_TYPE,CHP_BEAT_TYPE,CITY_DIVISION_LAPD,CHP_BEAT_CLASS,BEAT_NUMBER,PRIMARY_RD,SECONDARY_RD,DISTANCE,DIRECTION,INTERSECTION,WEATHER_1,WEATHER_2,STATE_HWY_IND,CALTRANS_COUNTY,CALTRANS_DISTRICT,STATE_ROUTE,ROUTE_SUFFIX,POSTMILE_PREFIX,POSTMILE,LOCATION_TYPE,RAMP_INTERSECTION,SIDE_OF_HWY,TOW_AWAY,COLLISION_SEVERITY,NUMBER_KILLED,NUMBER_INJURED,PARTY_COUNT,PRIMARY_COLL_FACTOR,PCF_CODE_OF_VIOL,PCF_VIOL_CATEGORY,PCF_VIOLATION,PCF_VIOL_SUBSECTION,HIT_AND_RUN,TYPE_OF_COLLISION,MVIW,PED_ACTION,ROAD_SURFACE,ROAD_COND_1,ROAD_COND_2,LIGHTING,CONTROL_DEVICE,CHP_ROAD_TYPE,PEDESTRIAN_ACCIDENT,BICYCLE_ACCIDENT,MOTORCYCLE_ACCIDENT,TRUCK_ACCIDENT,NOT_PRIVATE_PROPERTY,ALCOHOL_INVOLVED,STWD_VEHTYPE_AT_FAULT,CHP_VEHTYPE_AT_FAULT,COUNT_SEVERE_INJ,COUNT_VISIBLE_INJ,COUNT_COMPLAINT_PAIN,COUNT_PED_KILLED,COUNT_PED_INJURED,COUNT_BICYCLIST_KILLED,COUNT_BICYCLIST_INJURED,COUNT_MC_KILLED,COUNT_MC_INJURED,PRIMARY_RAMP,SECONDARY_RAMP,LATITUDE,LONGITUDE,COUNTY,CITY,POINT_X,POINT_Y
6914217,2015,2016-09-28,9230,2015-03-23,0912,13245,,1,1,9,2900,0,1,3,,1,071,"RT 20","S PONDEROSA WY",4224.00,W,N,B,-,Y,NEV,3,20,-,R,9.280,H,-,W,Y,2,0,1,1,A,-,08,22107,,N,E,I,A,A,H,-,A,D,5,,,,,Y,,A,01,1,0,0,0,0,0,0,0,0,"- ","- ",39.209090000000003,-121.12130000000001,NEVADA,UNINCORPORATED,-121.12124994,39.208995129999998
6944436,2015,2016-11-03,9222,2015-05-17,1045,15908,,7,1,9,2900,0,1,1,,2,021,"RT 80","CASTLE PEAK",1.00,W,N,C,F,Y,NEV,3,80,-,R,4.070,H,-,W,Y,2,0,2,1,A,-,03,22350,,N,E,I,A,C,H,-,A,D,1,,,,,Y,,A,01,1,1,0,0,0,0,0,0,0,"- ","- ",39.327010000000001,-120.37398,NEVADA,UNINCORPORATED,-120.39819934000001,39.324103209999997
6981382,2015,2015-07-15,2902,2015-06-16,1800,ROH01,,2,5,2,2902,0,0,0,,0,,20TH,"BROAD ST",0.00,,Y,A,-,N,,,,,,,,,,N,2,0,1,2,A,-,10,21950,A,N,G,B,B,A,H,-,A,A,0,Y,,,,Y,,A,01,1,0,0,0,1,0,0,0,0,"- ","- ",,,NEVADA,"NEVADA CITY",-121.01702996,39.262199899999999
7003334,2015,2015-07-30,2908,2015-07-17,1120,6187,11,5,5,3,2908,0,0,0,,0,DONNER,"SOUTH SHORE DR","STUB ST",3696.00,E,N,A,-,N,,,,,,,,,,N,2,0,2,2,A,-,03,22350,,N,H,B,E,A,H,-,A,D,0,Y,Y,,,Y,,N,60,1,0,1,0,1,0,1,0,0,"- ","- ",,,NEVADA,TRUCKEE,-120.25397641000001,39.319132070000002
7042100,2015,2015-09-14,9222,2015-06-20,1600,018593,,6,2,9,2900,0,3,5,,2,020,"STAMPEDE MEADOWS RD","BOCA CAMP GROUND",2640.00,N,N,A,-,N,,,,,,,,,,N,2,0,1,1,A,-,03,22350,,N,F,A,A,A,H,-,A,D,0,,,Y,,Y,,C,02,1,0,0,0,0,0,0,0,1,"- ","- ",39.42756,-120.08507,NEVADA,UNINCORPORATED,-120.08615971,39.400083309999999
7102320,2015,2015-10-28,2908,2015-09-24,0255,6159,11,4,5,3,2908,0,0,0,,0,TAHOED,"ALDER CREEK RD","CARPENTER VALLEY RD",0.00,,Y,A,-,N,,,,,,,,,,Y,2,0,2,1,A,-,01,23152,A,N,E,I,A,A,H,-,D,D,0,,,,,Y,,D,22,1,0,1,0,0,0,0,0,0,"- ","- ",,,NEVADA,TRUCKEE,-120.2286299,39.368679970000002
8016867,2016,2016-04-15,2901,2016-04-03,1525,CLA01,22,7,5,2,2901,0,0,0,,0,022,"BENNETT ST","DEPOT ST",0.00,S,N,A,-,N,,,,,,,,,,Y,2,0,1,1,A,-,03,22350,,N,E,I,A,A,H,-,A,A,0,,,Y,,Y,Y,C,02,1,0,0,0,0,0,0,0,1,"- ","- ",,,NEVADA,"GRASS VALLEY",-121.05779994,39.217519899999999
8075982,2016,2016-07-13,2901,2016-06-23,1938,COV01,21,4,5,2,2901,0,0,0,,0,021,"COLFAX AV","HANSEN WY",75.00,,N,A,-,N,,,,,,,,,,N,2,0,2,2,A,-,09,21804,,N,B,C,A,A,H,-,A,D,0,,,Y,,Y,,A,01,2,0,0,0,0,0,0,0,2,"- ","- ",,,NEVADA,"GRASS VALLEY",-120.9649199,39.13646997
8077061,2016,2016-09-27,2901,2016-07-02,0016,CAR02,23,6,5,2,2901,0,0,0,,0,023,"BRUNSWICK RD","PLAZA DR",0.00,,Y,A,-,N,,,,,,,,,,N,2,0,1,2,C,-,18,,,N,G,B,D,A,H,-,C,A,0,Y,,,,Y,Y,-,"- ",1,0,0,0,1,0,0,0,0,"- ","- ",,,NEVADA,"GRASS VALLEY",-121.03307989,39.234579930000002
8099715,2016,2016-08-11,2908,2016-07-17,2023,6186,11,7,5,3,2908,0,0,0,,0,DONNER,"DONNER PASS RD","DONNER PASS RD 12950",88.00,E,N,A,-,N,,,,,,,,,,N,2,0,1,1,A,-,05,21650,1,N,H,J,A,A,H,-,B,D,0,,Y,,,Y,Y,L,04,1,0,0,0,0,0,1,0,0,"- ","- ",,,NEVADA,TRUCKEE,,
8104040,2016,2017-02-24,2901,2016-08-13,0454,BLA03,22,6,5,2,2901,0,0,0,,0,022,"RT 174","HAPPY DALE RD",74.00,E,N,A,-,Y,NEV,3,174,-,-,9.480,H,-,N,Y,2,0,1,1,A,-,08,22107,,N,A,I,A,A,H,-,D,D,0,,,,,Y,,A,01,1,0,0,0,0,0,0,0,0,"- ","- ",,,NEVADA,"GRASS VALLEY",-121.05211018,39.211443170000003
8109223,2016,2016-08-29,2908,2016-08-16,1533,6141,11,2,5,3,2908,0,0,0,,0,DONNER,"DONNER PASS RD","SOUTH SHORE DR",0.00,,Y,B,-,N,,,,,,,,,,N,2,0,1,2,A,-,09,21803,A,N,D,G,A,A,H,-,A,D,0,,Y,,,Y,,E,22,1,0,0,0,0,0,1,0,0,"- ","- ",,,NEVADA,TRUCKEE,-120.29095993999999,39.323059890000003
8166606,2016,2017-01-30,2908,2016-07-12,2200,6123,,2,5,3,2908,0,0,0,,0,013,"HIGH ST","DONNER PASS RD",50.00,N,N,A,-,N,,,,,,,,,,N,1,1,1,2,A,-,07,21658,A,N,B,G,A,A,H,-,D,D,0,,Y,,,Y,Y,L,04,0,1,0,0,0,1,1,0,0,"- ","- ",,,NEVADA,TRUCKEE,-120.19212817,39.325315199999999
8456208,2017,2017-09-22,2908,2017-08-16,2327,6148,13,3,5,3,2908,0,0,0,,0,PROSSE,"PINE FOREST RD","RAINBOW DR",49.00,N,N,A,-,N,,,,,,,,,,N,2,0,1,1,A,-,01,21200,5,N,E,I,A,A,H,-,D,A,0,,Y,,,Y,Y,L,04,1,0,0,0,0,0,1,0,0,"- ","- ",,,NEVADA,TRUCKEE,-120.17414038,39.365579439999998
8465327,2016,2017-11-03,2901,2016-12-18,1242,COV01,21,7,5,2,2901,0,0,0,,0,,"SOUTH AUBURN ST","BANK ST",0.00,,Y,A,-,N,,,,,,,,,,N,1,1,0,2,A,-,11,21954,A,N,G,B,D,A,H,-,A,D,0,Y,,,,Y,,N,60,0,0,0,1,0,0,0,0,0,"- ","- ",,,NEVADA,"GRASS VALLEY",-121.06195995,39.21803997
8473045,2017,2018-05-25,2908,2017-09-23,1150,6189,13,6,5,3,2908,0,0,0,,0,003,"RT 89","ALDER CREEK RD",0.00,,Y,A,-,Y,NEV,3,89,-,-,2.840,I,5,S,Y,2,0,1,2,A,-,09,21801,A,N,D,C,A,A,H,-,A,D,0,,,,,Y,,D,22,1,0,0,0,0,0,0,0,0,"- ","- ",,,NEVADA,TRUCKEE,-120.18205958999999,39.36737669
8526626,2017,2018-01-10,2908,2017-10-25,0958,6542,13,3,5,3,2908,0,0,0,,0,DOWNTO,"BRIDGE ST","E RIVER ST",0.00,,Y,A,-,N,,,,,,,,,,N,2,0,1,2,A,-,21,22106,,N,G,B,B,A,H,-,A,A,0,Y,,,,Y,,A,01,1,0,0,0,1,0,0,0,0,"- ","- ",,,NEVADA,TRUCKEE,-120.18370987999999,39.327369930000003
8653675,2018,2018-08-16,2902,2018-06-23,1701,MAS01,2,6,5,2,2902,0,0,0,,0,008,"BROAD ST","RT 49",0.00,,Y,A,-,Y,NEV,3,20,-,R,16.863,R,4,W,N,2,0,1,2,A,-,08,22107,,N,G,B,B,A,H,-,A,A,0,Y,,,,Y,,D,22,1,0,0,0,1,0,0,0,0,SO,"- ",,,NEVADA,"NEVADA CITY",-121.01829528808594,39.260746002197266
8680185,2018,2018-08-31,2908,2018-07-26,1057,6554,13,4,5,3,2908,0,0,0,,0,,"MARTIS DR","ESTATES DR",368.00,N,N,A,-,N,,,,,,,,,,N,2,0,1,1,C,-,18,,,N,E,H,A,A,H,-,A,D,0,,Y,,,Y,,-,"- ",1,0,0,0,0,0,1,0,0,"- ","- ",,,NEVADA,TRUCKEE,-120.16374206542969,39.327659606933594
8782989,2018,2019-01-30,2901,2018-12-29,1047,COV01,21,6,5,2,2901,0,0,0,,0,,"ALTA ST","WEST MAIN ST",0.00,,Y,A,-,N,,,,,,,,,,Y,2,0,1,1,C,-,18,,,N,A,I,A,A,H,-,A,A,0,,,,,Y,,-,"- ",1,0,0,0,0,0,0,0,0,"- ","- ",,,NEVADA,"GRASS VALLEY",-121.06707763671875,39.220001220703125
8889223,2019,2019-08-19,2908,2019-06-04,0853,6543,11,2,5,3,2908,0,0,0,,0,TAHOED,"NORTHWOODS BL","HANSEL AV",1121.00,S,N,A,-,N,,,,,,,,,,Y,2,0,1,1,A,-,08,22107,,N,E,I,A,A,H,-,A,D,0,,,,,Y,,D,22,1,0,0,0,0,0,0,0,0,"- ","- ",,,NEVADA,TRUCKEE,-120.2352294921875,39.354450225830078
8900990,2019,2019-07-31,2908,2019-07-09,1615,6186,11,2,5,3,2908,0,0,0,,0,TAHOED,"ALDER CREEK RD","SCHUSSING WY",4224.00,W,N,A,-,N,,,,,,,,,,Y,2,0,1,1,A,-,08,22107,,N,E,I,A,A,H,-,A,D,0,,,,,Y,,-,,1,0,0,0,0,0,0,0,0,"- ","- ",,,NEVADA,TRUCKEE,-120.22191619873047,39.363162994384766
8904522,2019,2019-09-09,2901,2019-06-27,1554,DUN01,22,4,5,2,2901,0,0,0,,0,,"EMPIRE ST","EMPIRE ST 127",0.00,,-,A,-,N,,,,,,,,,,Y,2,0,1,1,A,-,01,23152,A,N,E,I,A,A,H,-,A,D,0,,,Y,,Y,Y,C,02,1,0,0,0,0,0,0,0,1,"- ","- ",,,NEVADA,"GRASS VALLEY",-121.063524,39.209209000000001
8940925,2019,2019-09-25,2908,2019-08-26,1159,6186,13,1,5,3,2908,0,0,0,,0,,"RIVERVIEW DR","NICKOLAS DR",62.00,N,N,A,-,N,,,,,,,,,,N,2,0,1,1,A,-,03,22350,,N,H,J,A,A,B,-,A,D,0,,Y,,,Y,,L,04,1,0,0,0,0,0,1,0,0,"- ","- ",,,NEVADA,TRUCKEE,-120.17009735107422,39.328914642333984
8976453,2019,2019-11-19,2908,2019-08-14,0350,6186,13,3,5,3,2908,0,0,0,,0,SIERRA,"OLD MILL RD","MARTIS VALLEY RD",34.00,S,N,A,-,N,,,,,,,,,,N,2,0,1,1,A,-,08,22107,,F,E,I,A,A,H,-,D,D,0,,,,,Y,Y,-,,1,0,0,0,0,0,0,0,0,"- ","- ",,,NEVADA,TRUCKEE,-120.16783142089844,39.318065643310547
90004120,2015,2015-10-19,9222,2015-06-29,0937,016112,,1,1,3,2908,0,1,1,,2,022,"I-80 E/B TO DONNER PASS RD","DONNER GATE O/C",561.00,E,N,A,-,Y,,,80,,,,R,,E,Y,2,0,1,1,A,-,03,22350,,N,F,A,A,A,H,-,A,D,0,,,Y,,Y,,C,02,1,0,0,0,0,0,0,0,1,"- ","- ",39.324809999999999,-120.22781000000001,NEVADA,TRUCKEE,-120.22781000000001,39.324809999999999
90005788,2015,2015-10-19,9230,2015-07-21,1320,013002,,2,1,9,2900,0,1,3,,1,051,"STATE ROUTE 20","MISSOURI BAR ROAD",361.00,W,N,A,-,Y,,,20,,,,,,,Y,2,0,3,1,A,-,08,22107,,N,E,I,A,A,H,-,A,D,0,,,,,Y,,A,07,2,0,1,0,0,0,0,0,0,"- ","- ",39.322049999999997,-120.88363,NEVADA,UNINCORPORATED,-120.88361458999999,39.322025359999998
90011361,2015,2015-10-19,9230,2015-07-16,2058,016665,,4,2,9,2900,0,3,5,,2,050,"BOULDER ST","RED DOG RD",21.00,N,N,A,-,Y,,,,,,,,,,Y,2,0,2,1,A,-,01,23152,A,N,E,I,A,A,H,-,D,D,0,,,,,Y,Y,A,08,1,0,1,0,0,0,0,0,0,"- ","- ",39.263240000000003,-121.00651000000001,NEVADA,UNINCORPORATED,-121.00667342,39.263178160000002
90012087,2015,2015-10-19,9230,2015-08-04,1127,013002,,2,1,9,2900,0,1,3,,1,031,"STATE ROUTE 49","LA BARR MEADOWS ROAD",423.00,S,N,A,-,Y,,,49,,,,,,,Y,2,0,2,3,A,-,07,21658,A,N,B,C,A,A,H,-,A,D,0,,,,Y,Y,,A,01,2,0,0,0,0,0,0,0,0,"- ","- ",39.15692,-121.06211,NEVADA,UNINCORPORATED,-121.06221245,39.157032360000002
90023320,2015,2015-10-19,9230,2015-09-16,0735,013903,,3,1,9,2900,0,1,3,,1,061,SR-49,"CEMENT HILL RD",2112.00,N,N,A,-,Y,,,49,,,,,,,Y,2,0,1,1,A,-,08,22107,,N,E,I,A,A,H,-,A,A,0,,,,,Y,,A,01,1,0,0,0,0,0,0,0,0,"- ","- ",39.26623,-121.04105,NEVADA,UNINCORPORATED,-121.04104340000001,39.26619702
90041066,2015,2015-10-29,9230,2015-10-20,0700,013002,,2,1,9,2900,0,1,3,,1,071,"STATE ROUTE 20","MELODY ROAD",694.00,W,N,A,-,Y,,,20,,,,,,,Y,2,0,3,2,A,-,05,21460,A,N,A,C,A,A,H,-,B,A,0,,,,,Y,,D,22,1,0,2,0,0,0,0,0,0,"- ","- ",39.210059999999999,-121.24966999999999,NEVADA,UNINCORPORATED,-121.24950438,39.209294370000002
90045080,2015,2015-11-05,9222,2015-10-17,0740,019294,,6,1,9,2900,0,1,1,,2,022,"I-80 E/B","DONNER SUMMIT REST AREA",5280.00,E,N,C,-,Y,,,80,,,,,,E,Y,2,0,1,1,A,-,08,22107,,N,E,I,A,B,H,-,A,D,0,,,,Y,Y,,G,27,1,0,0,0,0,0,0,0,0,"- ","- ",39.341799999999999,-120.32339,NEVADA,UNINCORPORATED,-120.32337285,39.34184321
90046794,2015,2015-11-09,9230,2015-08-25,0015,016843,,2,3,9,2900,0,3,5,,2,050,"BUTTERFLY DRIVE","REDWOOD PLACE",157.00,N,N,A,-,N,,,,,,,,,,Y,1,1,0,4,A,-,03,22350,,N,E,I,A,A,H,-,D,D,0,,,,,Y,Y,A,01,0,0,0,0,0,0,0,0,0,"- ","- ",39.242609999999999,-120.98195,NEVADA,UNINCORPORATED,-120.98227851,39.242869159999998
90062432,2015,2015-12-01,9230,2015-11-19,0355,015030,,4,3,9,2900,0,1,3,,1,061,SR-49,"SHOSHONI TRAIL CT",1056.00,N,N,A,-,Y,,,49,,,,,,,Y,2,0,2,1,A,-,01,23152,A,N,E,I,A,A,H,-,D,D,0,,,,,Y,Y,A,01,2,0,0,0,0,0,0,0,0,"- ","- ",39.271360000000001,-121.07111999999999,NEVADA,UNINCORPORATED,-121.07112574999999,39.271351709999998
90111263,2016,2016-02-08,9222,2016-01-31,1426,016334,,7,2,9,2900,0,1,1,,2,024,"I-80 E/B","SIERRA COUNTY LINE",5280.00,W,N,D,-,Y,,,80,,,,,,E,Y,2,0,2,4,A,-,03,22350,,N,C,C,A,C,H,-,A,D,0,,,,,Y,,D,22,2,0,0,0,0,0,0,0,0,"- ","- ",39.437139999999999,-120.02312999999999,NEVADA,UNINCORPORATED,-120.02316894000001,39.437201209999998
90113317,2016,2016-02-11,9222,2016-01-31,1442,015908,,7,2,9,2900,0,1,1,,2,024,"I-80 E/B","FARAD RD.",7920.00,E,N,D,-,Y,,,80,,,,,,E,Y,2,0,1,4,A,-,03,22350,,N,C,C,A,C,H,-,A,D,0,,,,,Y,,D,22,1,0,0,0,0,0,0,0,0,"- ","- ",39.43882,-120.02069,NEVADA,UNINCORPORATED,-120.02069748,39.438831030000003
90122909,2016,2016-02-24,9230,2016-02-08,0620,013002,,1,1,2,2902,0,1,3,,2,052,"SR-20 E/B (GOLDEN CENTER FWY)","SACRAMENTO ST",552.00,W,N,A,-,Y,,,20,,,,,,E,Y,2,0,4,3,A,-,05,21650,,N,C,C,A,A,H,-,C,D,0,,,,,Y,,A,01,3,1,0,0,0,0,0,0,0,"- ","- ",39.257860000000001,-121.01828999999999,NEVADA,"NEVADA CITY",-121.01819944,39.257858450000001
90127574,2015,2016-03-02,9222,2015-11-14,1755,015913,,6,2,9,2900,0,1,3,,1,027,"SR-89 NORTH","SAGE HEN RD.",3168.00,S,N,A,-,Y,,,89,,,,,,,Y,1,1,0,1,A,-,01,23152,A,N,E,I,A,A,H,-,D,D,0,,,,,Y,Y,A,07,0,0,0,0,0,0,0,0,0,"- ","- ",39.439210000000003,-120.21108,NEVADA,UNINCORPORATED,-120.21098689999999,39.439257750000003
90128485,2016,2016-03-03,9222,2016-02-26,1252,019233,,5,1,3,2908,0,1,1,,2,023,"I-80 E/B TO SR-267",SR-267,130.00,W,N,A,-,Y,,,80,,,,R,,E,Y,2,0,1,1,A,-,03,22350,,N,F,A,A,A,B,-,A,D,0,,,Y,,Y,,C,02,1,0,0,0,0,0,0,0,1,"- ","- ",39.337290000000003,-120.16753,NEVADA,TRUCKEE,-120.16753,39.337290000000003
90130311,2016,2016-03-07,9230,2016-02-21,1700,018057,,7,2,9,2900,0,3,5,,2,030,"MCCOURTNEY RD","LIME KILN RD",320.00,W,N,B,-,N,,,,,,,,,,Y,2,0,3,3,A,-,01,23152,A,N,D,C,A,A,H,-,A,A,0,,,Y,,Y,Y,C,02,1,1,1,0,0,0,0,0,2,"- ","- ",39.098579999999998,-121.15228,NEVADA,UNINCORPORATED,-121.15132063999999,39.097765379999998
90130391,2016,2016-03-07,9222,2016-02-29,0145,017550,,1,3,9,2900,0,1,1,,2,021,"I-80 E/B","EB OFF TO DONNER REST AREA",2112.00,E,N,A,-,Y,,,80,,,,,,E,Y,2,0,1,1,A,-,08,22107,,N,E,I,A,A,H,-,D,D,0,,,,,Y,,A,01,1,0,0,0,0,0,0,0,0,"- ","- ",39.342770000000002,-120.33535999999999,NEVADA,UNINCORPORATED,-120.33534973,39.342689880000002
90132988,2016,2016-03-09,9230,2016-03-01,1140,013002,,2,1,9,2900,0,3,5,,2,050,"BOULDER STREET","RED DOG ROAD",100.00,W,N,A,-,N,,,,,,,,,,N,2,0,1,1,A,-,17,21200,,N,F,A,A,A,H,-,A,D,0,,Y,,,Y,Y,L,04,1,0,0,0,0,0,1,0,0,"- ","- ",39.263280000000002,-121.00669000000001,NEVADA,UNINCORPORATED,-121.00694836,39.263152329999997
90136135,2016,2016-03-14,9230,2016-03-12,0610,014789,,6,1,9,2900,0,3,5,,2,060,"LAKE VERA PURDON RD","CHARDEN RD",528.00,E,N,B,-,N,,,,,,,,,,Y,2,0,1,1,A,-,01,23152,A,N,E,I,A,B,H,-,D,D,0,,,,,Y,Y,A,07,1,0,0,0,0,0,0,0,0,"- ","- ",39.294609999999999,-121.02939000000001,NEVADA,UNINCORPORATED,-121.02990645,39.294257999999999
90136841,2016,2016-03-15,9222,2016-02-28,0355,015913,,7,3,9,2900,0,1,1,,2,024,"WESTBOUND I-80","FLORISTON RD.",5280.00,W,N,A,-,Y,,,80,,,,,,,Y,2,0,1,1,A,-,01,23152,A,N,E,I,A,A,H,-,D,D,0,,,,,Y,Y,A,01,1,0,0,0,0,0,0,0,0,"- ","- ",39.375999999999998,-120.03133,NEVADA,UNINCORPORATED,-120.03125102999999,39.375895139999997
90142196,2016,2016-03-23,9221,2016-03-06,1605,017669,,7,2,9,2900,0,1,1,,2,387,"I-80 E/B","STATE ROUTE HIGHWAY 20 UNDER CROSSING",1584.00,E,N,D,-,Y,,,80,,,,,,E,Y,2,0,6,1,A,-,03,22350,,N,E,I,A,C,H,-,A,D,0,,,,,Y,,A,08,2,3,1,0,0,0,0,0,0,"- ","- ",39.327530000000003,-120.59263,NEVADA,UNINCORPORATED,-120.59257651999999,39.327469020000002
90167760,2016,2016-05-03,9230,2016-04-23,1156,014789,,6,1,9,2900,0,3,5,,2,030,"MAGNOLIA RD","SPRINGS RANCHES ROAD",1056.00,W,N,B,-,N,,,,,,,,,,N,2,0,1,2,A,-,00,21760,D,N,B,G,A,A,H,-,A,D,0,,Y,,,Y,,B,07,1,0,0,0,0,0,1,0,0,"- ","- ",39.05782,-121.02636,NEVADA,UNINCORPORATED,-121.02631088,39.057820700000001
90205981,2016,2016-06-21,9230,2016-06-08,1320,017889,,3,1,9,2900,0,3,5,,2,070,"INDIAN SPRINGS RD","SMITH LN",212.00,E,N,A,-,N,,,,,,,,,,Y,2,0,2,1,A,-,08,22107,,N,F,I,A,A,H,-,A,A,0,,,,,Y,,A,01,1,1,0,0,0,0,0,0,0,"- ","- ",39.164189999999998,-121.15964,NEVADA,UNINCORPORATED,-121.15970111,39.164262030000003
90207780,2016,2016-06-23,9230,2016-04-18,0208,016868,,1,3,9,2900,0,1,3,,1,071,"STATE ROUTE 20","PLEASANT VALLEY ROAD",3000.00,W,N,A,-,Y,,,20,,,,,,,Y,1,1,0,1,A,-,08,22107,,N,E,I,A,A,H,-,D,D,0,,,,,Y,,A,01,0,0,0,0,0,0,0,0,0,"- ","- ",39.200960000000002,-121.21433999999999,NEVADA,UNINCORPORATED,-121.21437143999999,39.201031020000002
90234258,2016,2016-08-01,9221,2016-07-22,0105,018530,,5,3,9,2900,0,3,5,,2,060,"EAGLE LAKES RD",I80,3168.00,W,N,A,-,N,,,,,,,,,,N,2,0,1,1,A,-,03,22350,,N,E,I,A,A,H,-,C,D,0,,,Y,,Y,Y,C,06,1,0,0,0,0,0,0,0,1,"- ","- ",39.329689999999999,-120.57405,NEVADA,UNINCORPORATED,-120.56953,39.321820000000002
90239083,2016,2016-08-08,9230,2016-08-06,0615,014789,,6,1,9,2900,0,3,5,,2,030,"DOG BAR RD","MOUNT OLIVE RD",0.00,,Y,A,-,N,,,,,,,,,,N,2,0,1,1,A,-,03,22350,,N,F,A,A,A,H,-,A,D,0,,,Y,,Y,,C,02,1,0,0,0,0,0,0,0,1,"- ","- ",39.134779999999999,-121.01842000000001,NEVADA,UNINCORPORATED,-121.01854998,39.134709999999998
90243447,2016,2016-08-12,9230,2016-07-20,1620,017889,,3,2,9,2900,0,1,3,,1,051,SR-20,"VALENCIA RD",528.00,E,N,A,-,Y,,,20,,,,,,,Y,2,0,1,1,A,-,08,22107,,N,F,A,A,A,H,-,A,D,0,,,,,Y,,A,07,1,0,0,0,0,0,0,0,0,"- ","- ",39.323430000000002,-120.88051,NEVADA,UNINCORPORATED,-120.88048936,39.323297789999998
90243863,2016,2016-08-12,9230,2016-07-21,2005,018057,,4,2,9,2900,0,1,3,,1,031,"SR-49 S/B","STREETER RD",0.00,,Y,A,-,Y,,,49,,,,,,S,Y,2,0,2,2,A,-,09,21801,A,N,D,C,A,A,H,-,B,D,0,,,Y,,Y,,D,22,1,1,0,0,0,0,0,0,2,"- ","- ",39.035499999999999,-121.09587999999999,NEVADA,UNINCORPORATED,-121.09587469,39.035498359999998
90247301,2016,2016-08-18,9230,2016-08-05,1140,012882,,5,1,9,2900,0,1,3,,1,051,SR-20,"WHITE CLOUD CAMPGROUND",4224.00,E,N,A,-,Y,,,20,,,,,,,Y,2,0,1,2,A,-,17,21662,A,N,B,C,A,A,H,-,A,A,0,,,Y,,Y,,C,02,1,0,0,0,0,0,0,0,1,"- ","- ",39.323869999999999,-120.83235999999999,NEVADA,UNINCORPORATED,-120.83233131999999,39.323939549999999
90248232,2016,2016-08-19,9230,2016-08-15,0940,014789,,1,1,9,2900,0,3,5,,2,050,"GRACIE RD","MELANIE CT",364.00,W,N,A,-,N,,,,,,,,,,Y,2,0,1,1,A,-,01,23152,A,N,E,I,A,A,H,-,A,D,0,,,,,Y,Y,A,07,1,0,0,0,0,0,0,0,0,"- ","- ",39.251600000000003,-121.00660999999999,NEVADA,UNINCORPORATED,-121.00773011,39.251894389999997
90250067,2016,2016-08-22,9230,2016-08-13,2230,017889,,6,3,9,2900,0,1,3,,1,041,SR-174,"FOSTER RD",122.00,S,N,A,-,Y,,,174,,,,,,,N,2,0,2,1,C,-,18,,,N,H,H,A,A,H,-,C,D,0,,,Y,,Y,,-,"- ",2,0,0,0,0,0,0,0,2,"- ","- ",39.202800000000003,-121.03747,NEVADA,UNINCORPORATED,-121.03739688,39.202802490000003
90252586,2016,2016-08-25,9230,2016-08-13,2300,020411,,6,3,9,2900,0,1,3,,1,031,SR-49,"RINCON WAY",0.00,,Y,A,-,Y,,,49,,,,,,,Y,2,0,8,2,A,-,01,23152,A,N,D,C,A,A,H,-,C,A,0,,,,,Y,Y,A,01,1,2,5,0,0,0,0,0,0,"- ","- ",39.017829999999996,-121.10069,NEVADA,UNINCORPORATED,-121.10071674,39.017846130000002
90263276,2016,2016-09-07,9230,2016-09-05,0654,014289,,1,1,9,2900,0,1,3,,1,041,"STATE HIGHWAY 174","BERTINO RD",211.00,S,N,A,-,Y,,,174,,,,,,,Y,2,0,1,1,A,-,03,22350,,N,E,I,A,A,H,-,A,A,0,,,,,Y,,A,01,1,0,0,0,0,0,0,0,0,"- ","- ",39.174419999999998,-120.97481999999999,NEVADA,UNINCORPORATED,-120.97433072,39.174798950000003
90265787,2016,2016-09-12,9222,2016-08-12,1825,012704,,5,2,9,2900,0,3,5,,2,020,"DONNER PASS ROAD (OLD 40)","RAINBOW BRIDGE",600.00,E,N,A,-,N,,,,,,,,,,Y,2,0,1,1,A,-,03,22350,,N,E,I,A,A,H,-,A,D,0,,,Y,,Y,,C,02,1,0,0,0,0,0,0,0,1,"- ","- ",,,NEVADA,UNINCORPORATED,,