CASE_ID,ACCIDENT_YEAR,PROC_DATE,JURIS,COLLISION_DATE,COLLISION_TIME,OFFICER_ID,REPORTING_DISTRICT,DAY_OF_WEEK,CHP_SHIFT,POPULATION,CNTY_CITY_LOC,SPECIAL_COND,BEAT_TYPE,CHP_BEAT_TYPE,CITY_DIVISION_LAPD,CHP_BEAT_CLASS,BEAT_NUMBER,PRIMARY_RD,SECONDARY_RD,DISTANCE,DIRECTION,INTERSECTION,WEATHER_1,WEATHER_2,STATE_HWY_IND,CALTRANS_COUNTY,CALTRANS_DISTRICT,STATE_ROUTE,ROUTE_SUFFIX,POSTMILE_PREFIX,POSTMILE,LOCATION_TYPE,RAMP_INTERSECTION,SIDE_OF_HWY,TOW_AWAY,COLLISION_SEVERITY,NUMBER_KILLED,NUMBER_INJURED,PARTY_COUNT,PRIMARY_COLL_FACTOR,PCF_CODE_OF_VIOL,PCF_VIOL_CATEGORY,PCF_VIOLATION,PCF_VIOL_SUBSECTION,HIT_AND_RUN,TYPE_OF_COLLISION,MVIW,PED_ACTION,ROAD_SURFACE,ROAD_COND_1,ROAD_COND_2,LIGHTING,CONTROL_DEVICE,CHP_ROAD_TYPE,PEDESTRIAN_ACCIDENT,BICYCLE_ACCIDENT,MOTORCYCLE_ACCIDENT,TRUCK_ACCIDENT,NOT_PRIVATE_PROPERTY,ALCOHOL_INVOLVED,STWD_VEHTYPE_AT_FAULT,CHP_VEHTYPE_AT_FAULT,COUNT_SEVERE_INJ,COUNT_VISIBLE_INJ,COUNT_COMPLAINT_PAIN,COUNT_PED_KILLED,COUNT_PED_INJURED,COUNT_BICYCLIST_KILLED,COUNT_BICYCLIST_INJURED,COUNT_MC_KILLED,COUNT_MC_INJURED,PRIMARY_RAMP,SECONDARY_RAMP,LATITUDE,LONGITUDE,COUNTY,CITY,POINT_X,POINT_Y
90271818,2016,2016-09-20,9230,2016-09-09,1233,014789,,5,1,9,2900,0,1,3,,2,052,"STATE ROUTE 20","BANNER OVERCROSS",656.00,E,N,A,-,Y,,,20,,,,,,,Y,1,1,0,1,A,-,08,22107,,N,E,I,A,A,H,-,A,D,0,,,,,Y,,A,07,0,0,0,0,0,0,0,0,0,"- ","- ",39.243989999999997,-121.02816,NEVADA,UNINCORPORATED,-121.02845044999999,39.244478260000001
90288842,2016,2016-10-11,9230,2016-09-25,0001,016588,,7,3,9,2900,0,1,3,,1,031,SR-49,"SMITH ROAD",893.00,S,N,A,-,Y,,,49,,,,,,,Y,2,0,2,2,A,-,01,23152,A,N,B,C,A,A,H,-,D,D,0,,,,,Y,Y,A,01,1,0,1,0,0,0,0,0,0,"- ","- ",39.183920000000001,-121.05265,NEVADA,UNINCORPORATED,-121.05245904,39.183885429999997
90293997,2016,2016-10-17,9230,2016-10-12,1945,013002,,3,2,9,2900,0,3,5,,2,050,"ZEIBRIGHT ROAD","STATE ROUTE 20",8448.00,S,N,A,-,N,,,,,,,,,,Y,2,0,1,1,A,-,05,21650,,N,E,I,A,A,H,-,D,D,0,,,,,Y,Y,D,22,1,0,0,0,0,0,0,0,0,"- ","- ",39.297629999999998,-120.7046,NEVADA,UNINCORPORATED,-120.70303,39.299860000000002
90295092,2016,2016-10-18,9221,2016-08-06,1451,013442,,6,2,9,2900,0,1,3,,1,321,SR-20,"I-80 W/B",2640.00,W,N,A,-,Y,,,20,,,,,,,Y,1,2,3,2,A,-,09,21804,A,N,D,C,A,A,H,-,A,D,0,,,,,Y,,D,22,0,2,1,0,0,0,0,0,0,"- ","- ",39.320570000000004,-120.61516,NEVADA,UNINCORPORATED,-120.61517051,39.320615949999997
90308225,2016,2016-11-01,9222,2016-10-16,2055,015590,,7,2,9,2900,0,1,1,,2,024,"I-80 E/B","E/B FLORISTON OFF",75.00,W,N,C,-,Y,,,80,,,,,,E,Y,2,0,1,1,A,-,17,21662,A,N,E,I,A,B,H,-,D,D,0,,,,Y,Y,,G,25,1,0,0,0,0,0,0,0,0,"- ","- ",39.39432,-120.02521,NEVADA,UNINCORPORATED,-120.02539262000001,39.394404059999999
90309293,2016,2016-11-02,9222,2016-10-16,0740,019477,,7,1,9,2900,0,1,1,,2,024,"W/B I-80",FLORISTON,5280.00,W,N,B,C,Y,,,80,,,,,,,Y,2,0,1,1,A,-,03,22350,,N,E,I,A,B,H,-,A,D,0,,,,Y,Y,,G,25,1,0,0,0,0,0,0,0,0,"- ","- ",39.380589999999998,-120.02276999999999,NEVADA,UNINCORPORATED,-120.02273986,39.380580930000001
90312589,2016,2016-11-07,9222,2016-10-16,1042,015908,,7,1,9,2900,0,1,1,,2,024,"I-80 E/B","FLORISTON RD.",528.00,W,N,C,-,Y,,,80,,,,,,E,Y,2,0,1,1,A,-,08,22107,,N,E,I,A,B,H,-,A,D,0,,,,Y,Y,,G,25,1,0,0,0,0,0,0,0,0,"- ","- ",39.394199999999998,-120.02529,NEVADA,UNINCORPORATED,-120.02545637,39.394263989999999
90317058,2016,2016-11-11,9222,2016-03-12,1424,019233,,6,2,9,2900,0,1,1,,2,021,"I-80 W/B","CASTLE PEAK UNDERCROSSING",739.00,W,N,D,-,Y,,,80,,,,,,W,N,1,1,1,2,A,-,08,22107,,N,G,B,E,C,H,-,A,D,0,Y,,,,Y,,A,07,0,1,0,1,0,0,0,0,0,"- ","- ",39.337870000000002,-120.35223999999999,NEVADA,UNINCORPORATED,-120.35226757,39.33790613
90354792,2016,2016-12-27,9222,2016-12-16,1530,017515,,5,2,9,2900,0,1,1,,2,024,"INTERSTATE 80 EASTBOUND","FARAD UNDERCROSSING",30.00,E,N,A,-,Y,,,80,,,,,,E,Y,2,0,3,5,A,-,03,22350,,N,E,I,E,C,H,-,A,D,0,Y,,,,Y,,A,07,1,1,1,0,2,0,0,0,0,"- ","- ",39.422440000000002,-120.03496,NEVADA,UNINCORPORATED,-120.0351783,39.42229786
90357475,2016,2016-12-29,9221,2016-12-20,2345,017121,,2,3,9,2900,0,1,1,,2,387,"I-80 E/B","INDIAN SPRINGS RD",5808.00,W,N,A,-,Y,,,80,,,,,,E,Y,2,0,1,1,A,-,03,22350,,N,E,J,A,B,H,-,A,D,0,,,,,Y,,A,07,1,0,0,0,0,0,0,0,0,"- ","- ",39.329940000000001,-120.58551,NEVADA,UNINCORPORATED,-120.58550432,39.329962989999999
90386677,2017,2017-02-06,9230,2017-01-29,2005,016588,,7,2,9,2900,0,3,5,,2,040,"EAST BENNETT ROAD","OLD MINE ROAD",478.00,E,N,A,-,N,,,,,,,,,,Y,2,0,3,1,A,-,01,23152,A,N,E,J,A,A,H,-,D,D,0,,,,,Y,Y,A,01,2,1,0,0,0,0,0,0,0,"- ","- ",39.212339999999998,-121.02291,NEVADA,UNINCORPORATED,-121.02276823,39.21215522
90400885,2017,2017-02-27,9230,2017-02-25,0935,012882,,6,1,9,2900,0,1,3,,1,051,SR-20,"WHITE CLOUD CAMPGROUND",4488.00,E,N,B,-,Y,,,20,,,,,,,Y,2,0,3,1,A,-,08,22107,,N,F,A,A,B,H,-,A,A,0,,,,,Y,,A,07,1,2,0,0,0,0,0,0,0,"- ","- ",39.323830000000001,-120.83240000000001,NEVADA,UNINCORPORATED,-120.83235141,39.323947840000002
90415616,2017,2017-03-20,9230,2017-03-17,1140,014289,,5,1,2,2901,0,1,3,,2,032,"STATE HIGHWAY 49","MCKNIGHT WAY",210.00,S,N,A,-,Y,,,49,,,,,,,Y,2,0,1,1,A,-,03,22350,,N,E,I,A,A,H,-,A,D,0,,,Y,,Y,,C,02,1,0,0,0,0,0,0,0,1,"- ","- ",39.199750000000002,-121.05929,NEVADA,"GRASS VALLEY",-121.05899847000001,39.200068760000001
90416630,2017,2017-03-22,9230,2017-02-28,1630,016258,,2,2,9,2900,0,1,3,,1,061,SR-49,"CEMENT HILL RD",300.00,N,N,A,-,Y,,,49,,,,,,,Y,2,0,1,2,A,-,09,21801,A,N,D,C,A,A,H,-,A,D,0,,,Y,,Y,,A,01,1,0,0,0,0,0,0,0,1,"- ","- ",39.266770000000001,-121.03055999999999,NEVADA,UNINCORPORATED,-121.03060594,39.267108309999998
90423402,2017,2017-03-29,9230,2017-01-12,0822,013245,,4,1,9,2900,0,1,3,,1,031,SR-49,"PINGREE ROAD",427.00,S,N,B,F,Y,,,49,,,,,,,Y,1,2,0,3,A,-,05,21650,,N,A,C,A,B,H,-,A,D,0,,,,,Y,Y,A,07,0,0,0,0,0,0,0,0,0,"- ","- ",39.145299999999999,-121.0698,NEVADA,UNINCORPORATED,-121.06980185,39.145300669999997
90424596,2017,2017-03-30,9230,2017-01-21,0200,018057,,6,3,9,2900,0,1,3,,1,031,"STATE ROUTE 49 SOUTHBOUND","MOTHER LOAD ROAD",403.00,N,N,C,-,Y,,,49,,,,,,S,Y,1,1,0,1,A,-,01,23152,A,N,E,J,A,B,H,-,D,D,0,,,,,Y,Y,A,07,0,0,0,0,0,0,0,0,0,"- ","- ",39.105969999999999,-121.08538,NEVADA,UNINCORPORATED,-121.0853053,39.105963559999999
90436091,2017,2017-04-17,9230,2017-04-04,1835,015911,,2,2,9,2900,0,3,5,,2,030,"DOG BAR RD","ALTA SIERRA DR",30.00,N,N,A,-,N,,,,,,,,,,Y,2,0,1,2,A,-,05,21460,A,N,F,I,A,A,H,-,A,D,0,,,Y,,Y,,C,02,1,0,0,0,0,0,0,0,1,"- ","- ",39.150219999999997,-121.03603,NEVADA,UNINCORPORATED,-121.03605191,39.150182119999997
90437108,2017,2017-04-18,9221,2017-04-08,2017,018740,,6,2,9,2900,0,1,1,,2,387,"I-80 E/B","SR-20 UNDER-CROSSING",40.00,W,N,A,-,Y,,,,,,,,,,Y,2,0,2,3,A,-,03,22350,,N,C,C,A,C,H,-,C,D,0,,,,,Y,,A,01,1,1,0,0,0,0,0,0,0,"- ","- ",39.322699999999998,-120.60249,NEVADA,UNINCORPORATED,,
90440219,2017,2017-04-24,9230,2017-04-17,0815,013002,,1,1,9,2900,0,1,3,,1,041,"STATE ROUTE 174 (COLFAX HIGHWAY)","ODYSSEY WAY",352.00,S,N,B,C,Y,,,174,,,,,,,Y,2,0,2,2,A,-,05,21650,,N,A,C,A,B,H,-,A,A,0,,,,,Y,,A,01,1,1,0,0,0,0,0,0,0,"- ","- ",39.133510000000001,-120.96019,NEVADA,UNINCORPORATED,-120.96022544,39.133505280000001
90458753,2017,2017-05-18,9230,2017-05-03,1540,016258,,3,2,9,2900,0,1,3,,1,071,SR-20,"BRIGHTON ST",4224.00,W,N,A,-,Y,,,20,,,,,,,Y,2,0,3,2,A,-,01,23152,A,N,A,C,A,A,H,-,A,D,0,,,,,Y,Y,E,22,1,2,0,0,0,0,0,0,0,"- ","- ",39.20919,-121.08996,NEVADA,UNINCORPORATED,-121.08996083,39.2092071
90458780,2017,2017-05-18,9230,2017-05-10,1720,016258,,3,2,9,2900,0,3,5,,2,050,"GRACIE RD","BANNER MOUNTAIN TRL",287.00,S,N,A,-,N,,,,,,,,,,Y,2,0,1,1,A,-,08,22107,,N,F,A,A,A,H,-,A,A,0,,,Y,,Y,,C,02,1,0,0,0,0,0,0,0,1,"- ","- ",39.249899999999997,-121.00485,NEVADA,UNINCORPORATED,-121.00478038999999,39.249847129999999
90467519,2017,2017-05-30,9230,2017-05-23,1540,016258,,2,2,9,2900,0,2,4,,2,072,"RIDGE RD","BANNER VIEW DR",5.00,E,N,A,-,N,,,,,,,,,,Y,2,0,1,2,A,-,05,21460,A,N,A,G,A,A,H,-,A,A,0,,Y,,,Y,,L,04,1,0,0,0,0,0,1,0,0,"- ","- ",39.233240000000002,-121.07127,NEVADA,UNINCORPORATED,-121.07132288,39.232263330000002
90486436,2017,2017-06-23,9230,2017-06-08,0215,016868,,4,3,9,2900,0,1,3,,1,061,SR-49,"OLD DOWNIEVILLE HWY",2075.00,S,N,B,-,Y,,,49,,,,,,,Y,2,0,1,1,A,-,01,23152,A,N,E,I,A,A,H,-,D,D,0,,,,,Y,Y,D,22,1,0,0,0,0,0,0,0,0,"- ","- ",39.264740000000003,-121.04439000000001,NEVADA,UNINCORPORATED,-121.04440863000001,39.264782930000003
90492440,2017,2017-07-03,9230,2017-06-18,2310,018057,,7,3,9,2900,0,1,3,,1,031,SR-49,"COMBIE RD",0.00,,Y,A,-,Y,,,49,,,,,,,Y,2,0,1,2,A,-,12,21453,A,N,D,C,A,A,H,-,C,A,0,,,,,Y,Y,A,07,1,0,0,0,0,0,0,0,0,"- ","- ",39.0426,-121.09462000000001,NEVADA,UNINCORPORATED,-121.09463649,39.042601920000003
90509947,2017,2017-07-27,9230,2017-07-09,1105,014789,,7,1,9,2900,0,3,5,,2,060,"TYLER FOOTE ROAD","BADGER HILL RD",4224.00,E,N,A,-,N,,,,,,,,,,Y,2,0,1,1,A,-,08,22107,,N,E,I,A,A,H,-,A,D,0,,,,,Y,,D,22,1,0,0,0,0,0,0,0,0,"- ","- ",39.36703,-121.02791000000001,NEVADA,UNINCORPORATED,-121.02608621,39.36751469
90512845,2017,2017-07-31,9222,2017-07-23,0945,017550,,7,1,9,2900,0,3,5,,2,020,"DONNER PASS ROAD","LOLA MONTEZ LN",175.00,E,N,A,-,N,,,,,,,,,,N,2,0,1,2,A,-,09,21801,A,N,A,G,A,A,H,-,A,D,0,,Y,,,Y,,A,07,1,0,0,0,0,0,1,0,0,"- ","- ",39.32452,-120.3841,NEVADA,UNINCORPORATED,-120.3835897,39.324296670000003
90528566,2017,2017-08-22,9221,2017-08-12,1100,017121,,6,1,9,2900,0,3,5,,2,060,"OFF HIGHWAY","SR-20 AT BOWMAN LAKE ROAD",55968.00,N,N,A,-,N,,,,,,,,,,N,2,0,1,1,B,-,22,,,N,E,I,A,A,H,-,A,D,0,,,Y,,Y,,C,02,1,0,0,0,0,0,0,0,1,"- ","- ",39.412999999999997,-120.6395,NEVADA,UNINCORPORATED,,
90543000,2017,2017-09-07,9222,2017-08-16,0101,017515,,3,3,9,2900,0,1,1,,2,022,"INTERSTATE 80 WESTBOUND","DONNER LAKE UNDER CROSSING",359.00,W,N,A,-,Y,,,,,,,,,,Y,2,0,1,2,A,-,01,23152,A,N,A,C,A,A,H,-,D,D,0,,,,Y,Y,Y,A,01,1,0,0,0,0,0,0,0,0,"- ","- ",,,NEVADA,UNINCORPORATED,,
90565763,2017,2017-10-09,9230,2017-10-07,2110,016665,,6,2,9,2900,0,3,5,,2,050,"WASHINGTON RD","SCHOOL RD",225.00,S,N,A,-,N,,,,,,,,,,Y,2,0,1,1,A,-,01,23152,A,N,E,I,A,A,H,-,C,D,0,,,,,Y,Y,A,07,1,0,0,0,0,0,0,0,0,"- ","- ",39.358710000000002,-120.80047,NEVADA,UNINCORPORATED,-120.80065012,39.358478740000002
90568123,2017,2017-10-11,9230,2017-10-03,1700,016657,,2,2,9,2900,0,3,5,,2,050,"BANNER QUAKER HILL RD","NEVADA IRRIGATION SERVICES ROAD",582.00,E,N,A,-,N,,,,,,,,,,Y,2,0,1,1,A,-,08,22107,,N,E,I,A,A,H,-,A,D,0,,,,,Y,,A,01,1,0,0,0,0,0,0,0,0,"- ","- ",39.260599999999997,-120.9192,NEVADA,UNINCORPORATED,,
90609543,2017,2017-12-04,9222,2017-11-19,0610,017550,,7,1,9,2900,0,1,1,,2,021,"I-80 E/B","NEVADA/PLACER COUNTY LINE",300.00,E,N,A,-,Y,,,80,,,,,,E,Y,2,0,1,1,A,-,03,22350,,N,E,I,A,C,H,-,D,D,0,,,,,Y,,A,01,1,0,0,0,0,0,0,0,0,"- ","- ",39.316560000000003,-120.4342,NEVADA,UNINCORPORATED,-120.43421601999999,39.31660548
90617369,2017,2017-12-14,9230,2017-12-09,1400,020059,,6,2,9,2900,0,3,5,,2,030,"AUBURN RD (SOUTHBOUND)","CLINIC LN",1500.00,N,N,A,-,N,,,,,,,,,,N,2,0,1,1,A,-,08,22107,,N,F,A,A,A,H,-,A,D,0,,,Y,,Y,,C,02,1,0,0,0,0,0,0,0,1,"- ","- ",39.13355,-121.07867,NEVADA,UNINCORPORATED,-121.07848942,39.13292105
90619810,2017,2017-12-18,9230,2017-12-14,1050,014289,,4,1,9,2900,0,1,3,,1,041,"STATE HIGHWAY 174","NARROW GAUGE DR",26.00,S,N,A,-,Y,,,174,,,,,,,Y,2,0,1,1,A,-,01,23152,A,N,E,I,A,A,H,-,A,A,0,,,,,Y,Y,A,01,1,0,0,0,0,0,0,0,0,"- ","- ",39.189889999999998,-120.97678999999999,NEVADA,UNINCORPORATED,-120.97674564,39.189962940000001
90634746,2017,2018-01-08,9230,2017-12-27,1730,016258,,3,2,9,2900,0,3,5,,2,030,"MAGNOLIA RD","COMBIE RD",134.00,E,N,A,-,N,,,,,,,,,,Y,2,0,3,2,A,-,01,23152,A,N,A,C,A,A,H,-,C,A,0,,,,,Y,Y,A,01,1,0,2,0,0,0,0,0,0,"- ","- ",39.042540000000002,-121.07938,NEVADA,UNINCORPORATED,-121.07930645,39.042618969999999
90640595,2017,2018-01-16,9222,2017-11-21,1242,016892,,2,1,9,2900,0,3,5,,2,020,"GLENSHIRE DRIVE","WHITEHORSE RD",294.00,N,N,A,-,N,,,,,,,,,,Y,1,1,0,1,A,-,08,22107,,N,E,I,A,A,H,-,A,D,0,,,,,Y,,D,22,0,0,0,0,0,0,0,0,0,"- ","- ",39.367179999999998,-120.08582,NEVADA,UNINCORPORATED,-120.08559759000001,39.367671919999999
90651996,2017,2018-01-31,9230,2017-12-02,1750,020059,,6,2,9,2900,0,3,5,,2,030,"ALTA SIERRA DRIVE","FRANCIS DRIVE",8.00,W,N,B,-,N,,,,,,,,,,Y,1,1,1,1,A,-,01,23152,A,N,E,I,A,A,H,-,D,A,0,,,,,Y,Y,A,01,1,0,0,0,0,0,0,0,0,"- ","- ",39.140810000000002,-121.05682,NEVADA,UNINCORPORATED,-121.05666804000001,39.140747660000002
90679684,2018,2018-03-12,9230,2018-02-26,0410,017935,,1,3,2,2902,0,1,3,,2,052,"SR-20 W/B","SACRAMENTO ST",948.00,W,N,B,-,Y,,,20,,,,,,W,Y,2,0,1,1,A,-,08,22107,,N,E,I,A,A,H,-,D,D,0,,,,,Y,,D,22,1,0,0,0,0,0,0,0,0,"- ","- ",39.256179809570312,-121.01956939697266,NEVADA,"NEVADA CITY",-121.01940155029297,39.256069183349609
90684538,2018,2018-03-19,9230,2018-03-15,1710,018459,,4,2,9,2900,0,1,3,,1,051,SR-20,"LAST CHANCE MINE RD",3417.00,W,N,D,-,Y,,,20,,,,,,,Y,2,0,3,2,A,-,06,21751,,N,A,C,A,C,G,-,A,A,0,,,,,Y,,A,07,1,2,0,0,0,0,0,0,0,"- ","- ",39.319599151611328,-120.73621368408203,NEVADA,UNINCORPORATED,-120.7362060546875,39.319610595703125
90690910,2017,2018-03-27,9222,2017-04-08,2001,017658,,6,2,9,2900,0,1,1,,2,024,"I-80 EASTBOUND","HINTON ROAD UC",4752.00,E,N,A,-,Y,,,80,,,,,,E,N,1,1,0,2,A,-,11,21956,,N,G,B,E,A,G,-,D,D,0,Y,,,,Y,,N,60,0,0,0,1,0,0,0,0,0,"- ","- ",39.37153,-120.05185,NEVADA,UNINCORPORATED,-120.05186284,39.371505810000002
90692462,2018,2018-03-29,9230,2018-03-21,1255,014789,,3,1,9,2900,0,1,3,,1,031,"SR-49 S/B","STREETER RD",579.00,S,N,B,C,Y,,,49,,,,,,S,Y,2,0,3,2,A,-,03,22350,,N,D,C,A,B,H,-,A,D,0,,,,,Y,,A,01,1,1,1,0,0,0,0,0,0,"- ","- ",39.033718109130859,-121.09587860107422,NEVADA,UNINCORPORATED,-121.09638977050781,39.033882141113281
90698601,2018,2018-04-04,9230,2018-03-29,1105,018771,,4,1,2,2902,0,1,3,,1,061,SR-49,"COYOTE ST",0.00,,Y,A,-,Y,,,49,,,,,,,Y,2,0,1,2,A,-,09,21801,A,N,A,C,A,A,H,-,A,D,0,,,,,Y,,A,07,1,0,0,0,0,0,0,0,0,"- ","- ",39.268619537353516,-121.01740264892578,NEVADA,"NEVADA CITY",-121.01738739013672,39.268665313720703
90712354,2018,2018-04-24,9230,2018-04-11,0120,016868,,3,3,9,2900,0,3,5,,2,050,"RED DOG RD","BOULDER ST",32.00,E,N,B,-,N,,,,,,,,,,Y,2,0,1,1,A,-,01,23152,A,N,E,I,A,A,H,-,C,D,0,,,,,Y,Y,A,07,1,0,0,0,0,0,0,0,0,"- ","- ",39.263191223144531,-121.00650787353516,NEVADA,UNINCORPORATED,-121.00649261474609,39.263141632080078
90719531,2018,2018-05-10,9230,2018-04-09,1232,013245,,1,1,9,2900,0,3,5,,2,070,"SPENCEVILLE RD.","SOUTHRIDGE DR.",0.00,,Y,A,-,N,,,,,,,,,,Y,2,0,2,2,A,-,09,21804,A,N,D,C,A,A,H,-,A,D,0,,,Y,,Y,,C,02,2,0,0,0,0,0,0,0,2,"- ","- ",39.184398651123047,-121.18740081787109,NEVADA,UNINCORPORATED,-121.18736267089844,39.184440612792969
90724159,2018,2018-05-10,9230,2018-04-12,1215,013245,,4,1,9,2900,0,3,5,,2,030,"COMBIE RD.","ARMSTRONG RD",0.00,,Y,A,-,N,,,,,,,,,,Y,2,0,1,3,A,-,09,21801,A,N,A,C,A,A,H,-,A,D,0,,,,,Y,,A,01,1,0,0,0,0,0,0,0,0,"- ","- ",39.042701721191406,-121.08390045166016,NEVADA,UNINCORPORATED,-121.08389282226562,39.042728424072266
90725462,2018,2018-05-14,9230,2018-05-06,0000,017935,,7,3,9,2900,0,3,5,,2,030,"WOLF RD","CAMERON WAY",1056.00,S,N,A,-,N,,,,,,,,,,Y,2,0,1,1,A,-,01,23152,A,N,E,I,A,A,H,-,D,A,0,,,,,Y,Y,A,01,1,0,0,0,0,0,0,0,0,"- ","- ",39.050228118896484,-121.10491943359375,NEVADA,UNINCORPORATED,-121.10666656494141,39.050331115722656
90728414,2018,2018-05-17,9230,2018-05-07,1720,017889,,1,2,9,2900,0,2,4,,2,073,"ROUGH AND READY HWY","IRONCLAD RD",385.00,E,N,A,-,N,,,,,,,,,,Y,2,0,1,1,A,-,01,23152,A,N,E,I,A,A,H,-,A,A,0,,,,,Y,Y,A,01,1,0,0,0,0,0,0,0,0,"- ","- ",39.222789764404297,-121.14804840087891,NEVADA,UNINCORPORATED,-121.14801788330078,39.222698211669922
90730220,2018,2018-05-21,9230,2018-03-03,2330,020411,,6,3,2,2901,0,1,3,,2,042,"STATE ROUTE 20 EASTBOUND","IDAHO MARYLAND ROAD",300.00,W,N,D,-,Y,,,20,,,,,,E,Y,1,1,0,1,A,-,01,23152,A,N,E,I,A,C,G,-,C,A,0,,,,,Y,Y,A,01,0,0,0,0,0,0,0,0,0,"- ","- ",39.221820831298828,-121.05165863037109,NEVADA,"GRASS VALLEY",-121.0516357421875,39.221794128417969
90731668,2018,2018-05-22,9230,2018-05-21,1030,014289,,1,1,9,2900,0,1,3,,1,051,"STATE HIGHWAY 20","HARMONY RIDGE RD",3168.00,W,N,A,-,Y,,,20,,,,,,,Y,2,0,1,1,A,-,08,22107,,N,E,I,A,A,H,-,A,D,0,,,,,Y,,A,01,1,0,0,0,0,0,0,0,0,"- ","- ",39.281890869140625,-120.976806640625,NEVADA,UNINCORPORATED,-120.97681427001953,39.281970977783203
90732941,2018,2018-05-24,9222,2018-05-07,1730,015590,,1,2,9,2900,0,3,5,,2,020,"DONNER PASS RD","RAINBOW BRIDGE",5280.00,E,N,A,-,N,,,,,,,,,,N,2,0,2,1,A,-,01,23152,A,N,F,A,A,A,H,-,A,D,0,,,Y,,Y,Y,C,02,1,1,0,0,0,0,0,0,2,"- ","- ",39.318161010742188,-120.32048034667969,NEVADA,UNINCORPORATED,,
90740204,2018,2018-06-04,9222,2018-05-16,1150,017550,,3,1,9,2900,0,3,5,,2,020,"STAMPEDE MEADOWS RD.","RT 80",15840.00,N,N,C,-,N,,,,,,,,,,N,2,0,1,1,A,-,08,22107,,N,F,I,A,B,H,-,A,D,0,,,,,Y,,A,07,1,0,0,0,0,0,0,0,0,"- ","- ",39.428180694580078,-120.08444976806641,NEVADA,UNINCORPORATED,-120.0880126953125,39.414886474609375
90746050,2018,2018-06-12,9230,2018-05-29,2145,018107,,2,2,9,2900,0,3,5,,2,030,"DOG BAR RD","RAMBLING OAKS DR",78.00,N,N,A,-,N,,,,,,,,,,Y,2,0,1,1,A,-,08,22107,,N,E,I,A,A,H,-,D,D,0,,,,,Y,,D,22,1,0,0,0,0,0,0,0,0,"- ","- ",39.067108154296875,-121.00929260253906,NEVADA,UNINCORPORATED,-121.008544921875,39.066478729248047
90747703,2018,2018-06-13,9221,2018-06-08,1830,018213,,5,2,9,2900,0,1,3,,1,321,SR-20,"RT 80",4182.00,W,N,A,-,Y,,,20,,,,,,,Y,2,0,1,1,A,-,08,22107,,N,E,I,A,A,H,-,A,D,0,,,,,Y,,A,01,1,0,0,0,0,0,0,0,0,"- ","- ",39.320098876953125,-120.61852264404297,NEVADA,UNINCORPORATED,-120.61851501464844,39.320068359375
90762910,2018,2018-07-05,9230,2018-06-21,2325,018107,,4,3,2,2901,0,1,3,,2,042,"SR-20 E/B (GOLDEN CENTER FREEWAY)","DORSEY DR",350.00,E,N,A,-,Y,,,20,,,,,,E,Y,2,0,1,1,A,-,08,22107,,N,E,I,A,A,H,-,C,D,0,,,,,Y,,D,22,1,0,0,0,0,0,0,0,0,"- ","- ",39.229869842529297,-121.04209136962891,NEVADA,"GRASS VALLEY",-121.04219818115234,39.229988098144531
90763568,2018,2018-07-05,9230,2018-07-01,0110,020059,,7,3,9,2900,0,3,5,,2,030,"LIME KILN RD","ZANGOL PL",550.00,W,N,A,-,N,,,,,,,,,,Y,2,0,1,1,A,-,01,23152,A,N,E,I,A,A,H,-,D,D,0,,,,,Y,Y,A,07,1,0,0,0,0,0,0,0,0,"- ","- ",39.101539611816406,-121.09027099609375,NEVADA,UNINCORPORATED,-121.09036254882812,39.101821899414062
90766165,2018,2018-07-10,9222,2018-07-03,1330,017091,,2,1,9,2900,0,1,1,,2,024,"INTERSTATE 80 EASTBOUND","FLORISTON WAY",340.00,E,N,A,-,Y,,,80,,,,,,E,Y,2,0,1,1,A,-,08,22107,,N,E,I,A,A,H,-,A,D,0,,,Y,,Y,,C,02,1,0,0,0,0,0,0,0,1,"- ","- ",39.395511627197266,-120.02449035644531,NEVADA,UNINCORPORATED,-120.02452087402344,39.395542144775391
90783960,2018,2018-08-03,9230,2018-07-31,1538,020059,,2,2,2,2901,0,1,3,,2,042,"SR-20 E/B","BENNETT ST",1000.00,E,N,A,-,Y,,,20,,,,,,E,Y,2,0,1,1,A,-,08,22107,,N,F,A,A,A,H,-,A,D,0,,,Y,,Y,,C,02,1,0,0,0,0,0,0,0,1,"- ","- ",39.219928741455078,-121.05618286132812,NEVADA,"GRASS VALLEY",-121.05619049072266,39.219947814941406