CASE_ID,ACCIDENT_YEAR,PROC_DATE,JURIS,COLLISION_DATE,COLLISION_TIME,OFFICER_ID,REPORTING_DISTRICT,DAY_OF_WEEK,CHP_SHIFT,POPULATION,CNTY_CITY_LOC,SPECIAL_COND,BEAT_TYPE,CHP_BEAT_TYPE,CITY_DIVISION_LAPD,CHP_BEAT_CLASS,BEAT_NUMBER,PRIMARY_RD,SECONDARY_RD,DISTANCE,DIRECTION,INTERSECTION,WEATHER_1,WEATHER_2,STATE_HWY_IND,CALTRANS_COUNTY,CALTRANS_DISTRICT,STATE_ROUTE,ROUTE_SUFFIX,POSTMILE_PREFIX,POSTMILE,LOCATION_TYPE,RAMP_INTERSECTION,SIDE_OF_HWY,TOW_AWAY,COLLISION_SEVERITY,NUMBER_KILLED,NUMBER_INJURED,PARTY_COUNT,PRIMARY_COLL_FACTOR,PCF_CODE_OF_VIOL,PCF_VIOL_CATEGORY,PCF_VIOLATION,PCF_VIOL_SUBSECTION,HIT_AND_RUN,TYPE_OF_COLLISION,MVIW,PED_ACTION,ROAD_SURFACE,ROAD_COND_1,ROAD_COND_2,LIGHTING,CONTROL_DEVICE,CHP_ROAD_TYPE,PEDESTRIAN_ACCIDENT,BICYCLE_ACCIDENT,MOTORCYCLE_ACCIDENT,TRUCK_ACCIDENT,NOT_PRIVATE_PROPERTY,ALCOHOL_INVOLVED,STWD_VEHTYPE_AT_FAULT,CHP_VEHTYPE_AT_FAULT,COUNT_SEVERE_INJ,COUNT_VISIBLE_INJ,COUNT_COMPLAINT_PAIN,COUNT_PED_KILLED,COUNT_PED_INJURED,COUNT_BICYCLIST_KILLED,COUNT_BICYCLIST_INJURED,COUNT_MC_KILLED,COUNT_MC_INJURED,PRIMARY_RAMP,SECONDARY_RAMP,LATITUDE,LONGITUDE,COUNTY,CITY,POINT_X,POINT_Y
90784044,2018,2018-08-03,9230,2018-08-02,0630,016665,,4,1,9,2900,0,1,3,,1,071,SR-20,"PENN VALLEY DR",0.00,,Y,A,-,Y,,,20,,,,,,,Y,2,0,3,2,A,-,09,21802,A,N,A,C,A,A,H,-,A,A,0,,,,,Y,,D,22,1,1,1,0,0,0,0,0,0,"- ","- ",39.200298309326172,-121.22270965576172,NEVADA,UNINCORPORATED,-121.22270202636719,39.200336456298828
90801179,2018,2018-09-14,9230,2018-08-27,1534,018698,,1,2,9,2900,0,3,5,,2,060,"PURDON RD","B 4 RANCH RD",1828.00,N,N,A,-,N,,,,,,,,,,Y,2,0,1,1,A,-,08,22107,,N,F,A,A,A,A,-,A,D,0,,,,,Y,,D,22,1,0,0,0,0,0,0,0,0,"- ","- ",39.316581726074219,-121.03981781005859,NEVADA,UNINCORPORATED,-121.03012847900391,39.312187194824219
90804914,2018,2018-09-04,9221,2018-08-25,1701,017979,,6,2,9,2900,0,1,1,,2,387,"I-80 W/B",SR-20,5280.00,E,N,A,-,Y,,,80,,,,,,W,Y,2,0,1,1,A,-,08,22107,,N,F,I,A,A,H,-,A,D,0,,,,,Y,,A,01,1,0,0,0,0,0,0,0,0,"- ","- ",39.330921173095703,-120.58805084228516,NEVADA,UNINCORPORATED,-120.58804321289062,39.330905914306641
90807469,2018,2018-09-06,9230,2018-08-31,0445,014289,,5,3,9,2900,0,3,5,,2,070,"BITNEY SPRINGS RD","SLEEPY HOLLOW WAY",504.00,N,N,A,-,N,,,,,,,,,,Y,2,0,1,1,A,-,03,22350,,N,E,I,A,A,H,-,D,A,0,,,,,Y,,A,01,1,0,0,0,0,0,0,0,0,"- ","- ",39.244190216064453,-121.10740661621094,NEVADA,UNINCORPORATED,-121.10752868652344,39.244113922119141
90808216,2018,2018-09-07,9230,2018-08-17,1812,018107,,5,2,9,2900,0,1,3,,1,061,"STATE ROUTE 49 (GOLDEN CHAIN HIGHWAY)","OLD DOWNIEVILLE HWY",126.00,S,N,A,-,Y,,,49,,,,,,,Y,2,0,2,2,A,-,01,23152,A,N,A,C,A,A,H,-,A,D,0,,,,,Y,Y,A,01,1,0,1,0,0,0,0,0,0,"- ","- ",39.264820098876953,-121.05084228515625,NEVADA,UNINCORPORATED,-121.05081939697266,39.264877319335938
90808405,2018,2018-09-10,9230,2018-08-14,0610,017889,,2,1,9,2900,0,3,5,,2,030,"MAGNOLIA RD","HOME CAMP RD",274.00,E,N,A,-,N,,,,,,,,,,Y,2,0,1,1,A,-,01,23152,G,N,E,I,A,A,H,-,A,D,0,,,,,Y,Y,A,07,1,0,0,0,0,0,0,0,0,"- ","- ",39.066310882568359,-121.01260375976562,NEVADA,UNINCORPORATED,-121.01270294189453,39.066085815429688
90811313,2018,2018-09-19,9230,2018-06-29,2500,017935,,5,4,9,2900,0,3,5,,2,060,"LAKE VERA PURDON ROAD","ROCK CREEK ROAD",880.00,S,N,A,-,N,,,,,,,,,,Y,1,1,0,1,A,-,08,22107,,N,E,I,A,A,H,-,A,A,0,,,Y,,Y,,C,02,0,0,0,0,0,0,0,1,0,"- ","- ",39.279281616210938,-121.02288055419922,NEVADA,UNINCORPORATED,-121.02290344238281,39.278984069824219
90821711,2018,2018-09-26,9230,2018-08-27,1906,018698,,1,2,2,2902,0,1,3,,2,052,"SR-20 E/B",SR-49,0.00,,Y,A,-,Y,,,20,,,,,,E,Y,2,0,2,2,A,-,09,21801,A,N,D,C,A,A,H,-,A,A,0,,,,,Y,,A,01,1,1,0,0,0,0,0,0,0,"- ","- ",39.268199920654297,-121.01503753662109,NEVADA,"NEVADA CITY",-121.01484680175781,39.268051147460938
90827668,2018,2018-10-08,9230,2018-03-12,2100,017889,,1,2,9,2900,0,1,3,,1,051,SR-20,"HARMONY RIDGE RD",476.00,W,N,B,C,Y,,,20,,,,,,,Y,1,1,1,1,A,-,01,23152,A,N,F,A,A,B,H,-,D,A,0,,,,,Y,Y,A,01,1,0,0,0,0,0,0,0,0,"- ","- ",39.284481048583984,-120.96649169921875,NEVADA,UNINCORPORATED,-120.96643829345703,39.284412384033203
90833174,2018,2018-10-10,9230,2018-10-05,1815,020059,,5,2,9,2900,0,3,5,,2,060,"NORTH BLOOMFIELD RD.","ROCKWAY PL",1058.00,W,N,A,-,N,,,,,,,,,,Y,2,0,1,1,A,-,08,22107,,N,E,I,A,A,H,-,B,D,0,,,,,Y,,A,07,1,0,0,0,0,0,0,0,0,"- ","- ",39.297328948974609,-120.98610687255859,NEVADA,UNINCORPORATED,-120.98622894287109,39.296703338623047
90833821,2018,2018-10-11,9230,2018-08-04,1800,020059,,6,2,9,2900,0,1,3,,2,052,"STATE ROUTE 20 (WESTBOUND)","RIDGEWOOD RD",2836.00,E,N,A,-,Y,,,20,,,,,,,Y,1,1,1,1,A,-,01,23152,A,N,F,A,A,A,H,-,A,D,0,,,,,Y,Y,D,22,1,0,0,0,0,0,0,0,0,"- ","- ",39.322959899902344,-120.85488891601562,NEVADA,UNINCORPORATED,-120.85489654541016,39.323009490966797
90846942,2018,2018-10-26,9230,2018-10-12,1013,013903,,5,1,9,2900,0,3,5,,2,070,"ALTA ST","ALTA HILL MINE RD",225.00,N,N,A,-,N,,,,,,,,,,Y,2,0,2,3,A,-,03,22350,,N,C,C,A,A,H,-,A,D,0,,,,,Y,,A,01,1,0,1,0,0,0,0,0,0,"- ","- ",39.228000640869141,-121.07089996337891,NEVADA,UNINCORPORATED,-121.07235717773438,39.230632781982422
90846946,2018,2018-10-26,9230,2018-10-23,0900,014289,,2,1,9,2900,0,1,3,,1,041,"STATE HIGHWAY 174","YOU BET RD",528.00,N,N,A,-,Y,,,174,,,,,,,N,2,0,1,1,A,-,03,22350,,N,F,A,A,A,H,-,A,D,0,,,Y,,Y,,C,02,1,0,0,0,0,0,0,0,1,"- ","- ",39.191310882568359,-120.98413848876953,NEVADA,UNINCORPORATED,-120.98406982421875,39.190711975097656
90849525,2018,2018-10-31,9230,2018-10-28,1315,014289,,7,1,9,2900,0,1,3,,1,051,"STATE HIGHWAY 20","CONSERVATION RD",0.00,,Y,B,-,Y,,,,,,,,,,Y,2,0,5,2,A,-,09,21801,A,N,D,C,A,A,H,-,A,D,0,,,,,Y,,D,23,1,3,1,0,0,0,0,0,0,"- ","- ",39.310020446777344,-120.91660308837891,NEVADA,UNINCORPORATED,-120.91011047363281,39.309429168701172
90874963,2018,2018-12-04,9230,2018-11-25,1335,016843,,7,1,9,2900,0,3,5,,2,030,"DUGGANS ROAD","MATHIS WAY",110.00,N,N,A,-,N,,,,,,,,,,Y,2,0,1,2,A,-,03,22350,,N,D,C,A,A,H,-,A,A,0,,,Y,,Y,,C,02,1,0,0,0,0,0,0,0,1,"- ","- ",39.073558807373047,-121.11427307128906,NEVADA,UNINCORPORATED,-121.11428833007812,39.073165893554688
90890570,2018,2018-12-26,9230,2018-12-22,1500,018107,,6,2,9,2900,0,1,3,,1,031,SR-49,"SMITH RD",1584.00,S,N,A,-,Y,,,49,,,,,,,Y,2,0,2,3,A,-,08,22107,,N,A,C,A,A,H,-,A,D,0,,,,,Y,,A,07,1,1,0,0,0,0,0,0,0,"- ","- ",39.182781219482422,-121.05271911621094,NEVADA,UNINCORPORATED,-121.05266571044922,39.182769775390625
90891219,2018,2018-12-27,9222,2018-12-17,2040,019294,,1,2,3,2908,0,1,1,,2,023,"INTERSTATE 80 E/B TO SR 267","RT 267",419.00,W,N,A,-,Y,,,80,,,,R,,E,Y,2,0,4,2,A,-,03,22350,,N,C,E,A,C,H,-,C,D,0,,,,Y,Y,,A,01,1,2,1,0,0,0,0,0,0,"- ","- ",39.336650848388672,-120.16893768310547,NEVADA,TRUCKEE,-120.16893768310547,39.336650848388672
90898646,2019,2019-01-07,9230,2019-01-03,2230,016426,,4,3,9,2900,0,3,5,,2,070,"MC COURTNEY RD","PADDOCK LN",171.00,N,N,A,-,N,,,,,,,,,,Y,2,0,1,1,A,-,08,22107,,N,E,I,A,A,H,-,D,D,0,,,,,Y,,A,01,1,0,0,0,0,0,0,0,0,"- ","- ",39.200069427490234,-121.09211730957031,NEVADA,UNINCORPORATED,-121.09299468994141,39.198711395263672
90900624,2019,2019-01-09,9222,2019-01-03,0623,015908,,4,1,9,2900,0,1,1,,2,024,"I-80 W/B",HIRSCHDALE,4752.00,E,N,A,-,Y,,,80,,,,,,W,Y,2,0,1,1,A,-,08,22107,,N,E,I,A,A,H,-,B,D,0,,,,,Y,,A,01,1,0,0,0,0,0,0,0,0,"- ","- ",39.376548767089844,-120.07041931152344,NEVADA,UNINCORPORATED,-120.07048797607422,39.37646484375
90901400,2019,2019-01-10,9230,2019-01-03,1515,016258,,4,2,9,2900,0,3,5,,2,030,"BREWER RD","NANCY DR",528.00,W,N,B,-,N,,,,,,,,,,Y,2,0,1,1,A,-,03,22350,,N,F,A,A,A,H,-,A,D,0,,,Y,,Y,,C,02,1,0,0,0,0,0,0,0,1,"- ","- ",39.130748748779297,-121.04576110839844,NEVADA,UNINCORPORATED,-121.04681396484375,39.132686614990234
90918749,2018,2019-02-04,9230,2018-12-07,1955,017935,,5,2,9,2900,0,1,3,,1,071,"STATE ROUTE 20","SOUTH PONDEROSA WAY",4224.00,W,N,A,-,Y,,,20,,,,,,,Y,1,1,0,1,A,-,08,22107,,N,E,I,A,A,H,-,D,D,0,,,,,Y,,A,01,0,0,0,0,0,0,0,0,0,"- ","- ",39.209270477294922,-121.12214660644531,NEVADA,UNINCORPORATED,-121.12216949462891,39.209159851074219
90922860,2019,2019-02-11,9230,2019-01-25,1628,018698,,5,2,9,2900,0,3,5,,2,030,"LIME KILN RD","AMBERLEY LN",10.00,W,N,A,-,N,,,,,,,,,,Y,2,0,1,1,A,-,03,22350,,N,F,A,A,A,H,-,A,A,0,,,Y,,Y,,C,02,1,0,0,0,0,0,0,0,1,"- ","- ",39.096820831298828,-121.1446533203125,NEVADA,UNINCORPORATED,-121.14466094970703,39.096836090087891
90924468,2019,2019-02-12,9230,2019-02-04,1830,016665,,1,2,9,2900,0,3,5,,2,030,"AUBURN RD","PINGREE RD",95.00,W,N,B,F,N,,,,,,,,,,Y,2,0,1,1,A,-,03,22350,,N,E,I,A,C,H,-,D,D,0,,,,,Y,,A,07,1,0,0,0,0,0,0,0,0,"- ","- ",39.146591186523438,-121.07788848876953,NEVADA,UNINCORPORATED,-121.077880859375,39.145931243896484
90926081,2019,2019-02-13,9230,2019-02-08,1945,018771,,5,2,9,2900,0,1,3,,1,051,SR-20,"STEEP HILL RD",108.00,W,N,B,C,Y,,,20,,,,,,,Y,2,0,3,1,A,-,03,22350,,N,E,I,A,B,H,-,D,A,0,,,,,Y,,A,07,1,2,0,0,0,0,0,0,0,"- ","- ",39.280258178710938,-120.99826812744141,NEVADA,UNINCORPORATED,-120.99825286865234,39.280235290527344
90931895,2019,2019-02-22,9230,2019-02-14,0450,020411,,4,3,9,2900,0,1,3,,1,031,SR-49,"OAK DR",280.00,S,N,C,-,Y,,,49,,,,,,,Y,2,0,1,1,A,-,03,22350,,N,E,J,A,B,C,-,D,D,0,,,,,Y,,A,01,1,0,0,0,0,0,0,0,0,"- ","- ",39.104190826416016,-121.08545684814453,NEVADA,UNINCORPORATED,-121.08544921875,39.104190826416016
90948822,2019,2019-03-19,9230,2019-02-23,1030,017935,,6,1,9,2900,0,3,5,,2,070,"PLEASANT VALLEY RD","BILADEAU LN",75.00,N,N,A,-,N,,,,,,,,,,Y,2,0,1,1,A,-,08,22107,,N,E,I,A,A,H,-,A,D,0,,,,,Y,,D,22,1,0,0,0,0,0,0,0,0,"- ","- ",39.21343994140625,-121.20059204101562,NEVADA,UNINCORPORATED,-121.20070648193359,39.213420867919922
90957570,2019,2019-03-29,9230,2019-03-23,2022,016426,,6,2,2,2901,0,1,3,,1,071,SR20,SR49,0.00,,Y,B,-,Y,,,20,,,,,,,Y,2,0,1,1,A,-,01,23152,G,M,E,I,A,A,H,-,C,A,0,,,,,Y,Y,D,22,1,0,0,0,0,0,0,0,0,"- ","- ",39.209640502929688,-121.06771850585938,NEVADA,"GRASS VALLEY",-121.06797790527344,39.209739685058594
90960200,2019,2019-04-03,9230,2019-03-31,0125,020059,,7,3,9,2900,0,1,3,,1,061,"SR-49 N/B","NEWTOWN RD",1208.00,N,N,B,-,Y,,,49,,,,,,N,Y,2,0,1,1,A,-,01,23152,A,N,E,I,A,A,H,-,D,D,0,,,,,Y,Y,D,22,1,0,0,0,0,0,0,0,0,"- ","- ",39.271419525146484,-121.06086730957031,NEVADA,UNINCORPORATED,-121.06084442138672,39.271499633789062
90968838,2019,2019-04-16,9230,2019-04-14,1345,015911,,7,1,9,2900,0,3,5,,2,040,"GREENHORN RD","LOST LAKE RD",28.00,W,N,B,-,N,,,,,,,,,,Y,2,0,1,2,A,-,09,21804,A,N,D,C,A,A,H,-,A,D,0,,,Y,,Y,,D,22,1,0,0,0,0,0,0,0,1,"- ","- ",39.214309692382812,-120.97728729248047,NEVADA,UNINCORPORATED,-120.97737121582031,39.214328765869141
90972177,2019,2019-04-22,9222,2019-04-10,0140,015239,,3,3,3,2908,0,1,1,,2,022,"I-80 WESTBOUND","DONNER PARK OVER-CROSSING",3696.00,W,N,A,-,Y,,,80,,,,,,W,Y,2,0,2,1,C,-,18,,,N,E,I,A,C,H,-,D,D,0,,,,,Y,,-,"- ",1,1,0,0,0,0,0,0,0,"- ","- ",39.330528259277344,-120.24434661865234,NEVADA,TRUCKEE,-120.24439239501953,39.330341339111328
90985881,2019,2019-05-10,9230,2019-05-08,1735,018107,,3,2,9,2900,0,3,5,,2,050,"SADIE D DRIVE","CASCADE LOOP",190.00,N,N,A,-,N,,,,,,,,,,N,2,0,1,1,A,-,08,22107,,N,E,I,A,A,H,-,A,D,0,,,Y,,Y,,C,02,1,0,0,0,0,0,0,0,1,"- ","- ",39.265460968017578,-120.90949249267578,NEVADA,UNINCORPORATED,-120.90937042236328,39.265514373779297
90993015,2019,2019-05-21,9221,2019-05-15,1300,017777,,3,1,9,2900,0,1,1,,2,387,"I-80 E/B","SR-20 U/C",528.00,E,N,B,C,Y,,,80,,,,,,E,Y,2,0,1,1,A,-,03,22350,,N,E,I,A,B,H,-,A,D,0,,,,Y,Y,,G,25,1,0,0,0,0,0,0,0,0,"- ","- ",39.325359344482422,-120.60086059570312,NEVADA,UNINCORPORATED,-120.60093688964844,39.325553894042969
91002493,2019,2019-06-03,9222,2019-05-26,1850,019294,,7,2,9,2900,0,1,1,,2,021,"INTERSTATE 80 W/B","DONNER PASS ROAD",1000.00,W,N,B,-,Y,,,80,,,,,,W,Y,2,0,1,1,A,-,08,22107,,N,E,I,A,A,H,-,A,D,0,,,,,Y,,A,01,1,0,0,0,0,0,0,0,0,"- ","- ",39.324138641357422,-120.39762878417969,NEVADA,UNINCORPORATED,-120.39763641357422,39.324165344238281
91011033,2019,2019-06-17,9230,2019-06-09,1720,018459,,7,2,9,2900,0,3,5,,2,070,"CAREY DR","RIDGE RD",1152.00,E,N,A,-,N,,,,,,,,,,N,2,0,1,1,A,-,01,23152,A,N,F,A,A,A,H,-,A,D,0,,,Y,,Y,Y,C,02,1,0,0,0,0,0,0,0,1,"- ","- ",39.227828979492188,-121.07566070556641,NEVADA,UNINCORPORATED,-121.07569885253906,39.231029510498047
91021613,2019,2019-07-01,9230,2019-06-26,1800,018107,,3,2,9,2900,0,1,3,,1,031,SR-49,"SOUTH MACK ROAD",0.00,,Y,B,-,Y,,,49,,,,,,,Y,2,0,1,2,A,-,09,21804,A,N,D,C,A,A,H,-,A,D,0,,,,Y,Y,,A,01,1,0,0,0,0,0,0,0,0,"- ","- ",39.179641723632812,-121.05325317382812,NEVADA,UNINCORPORATED,-121.05323791503906,39.179637908935547
91029890,2019,2019-07-12,9230,2019-07-12,0005,020059,,5,3,2,2902,0,1,3,,2,052,"STATE ROUTE 20 (EASTBOUND)","BROAD ST.",615.00,W,N,A,-,Y,,,20,,,,,,,Y,2,0,1,1,A,-,08,22107,,N,E,I,A,A,H,-,C,D,0,,,,,Y,,A,01,1,0,0,0,0,0,0,0,0,"- ","- ",39.260669708251953,-121.01809692382812,NEVADA,"NEVADA CITY",-121.01811218261719,39.260673522949219
91031444,2019,2019-07-16,9221,2019-07-07,1950,018530,,7,2,9,2900,0,3,5,,2,060,"MEADOW LAKE RD","JACKSON MEADOWS RD",84480.00,W,N,A,-,N,,,,,,,,,,Y,2,0,2,1,B,-,22,,,N,E,I,A,A,H,-,A,D,0,,,,,Y,,A,07,2,0,0,0,0,0,0,0,0,"- ","- ",39.408298492431641,-120.50289916992188,NEVADA,UNINCORPORATED,-120.50286102294922,39.408313751220703
91031451,2019,2019-07-16,9230,2019-07-10,1045,014289,,3,1,9,2900,0,1,3,,1,031,"STATE HIGHWAY 49","ROUND VALLEY RD",100.00,S,N,A,-,Y,,,,,,,,,,Y,2,0,1,1,C,-,18,,,N,H,H,A,A,H,-,A,D,0,,,,,Y,,-,"- ",1,0,0,0,0,0,0,0,0,"- ","- ",39.26361083984375,-121.01838684082031,NEVADA,UNINCORPORATED,-121.07456970214844,39.13018798828125
91042891,2019,2019-07-31,9230,2019-07-26,2320,020059,,5,3,9,2900,0,3,5,,2,040,"GREENHORN ACCESS ROAD","LOUIS RD",120.00,W,N,A,-,N,,,,,,,,,,Y,2,0,1,1,A,-,01,23152,A,N,E,I,A,A,H,-,D,D,0,,,,,Y,Y,D,22,1,0,0,0,0,0,0,0,0,"- ","- ",39.169990539550781,-120.95858001708984,NEVADA,UNINCORPORATED,-120.95841217041016,39.169994354248047
91049250,2019,2019-08-09,9230,2019-08-07,2120,020059,,3,2,9,2900,0,1,3,,1,041,"STATE ROUTE 174","WABASH AVE",55.00,N,N,A,-,Y,,,174,,,,,,,Y,2,0,1,1,A,-,01,23152,A,N,E,I,A,A,H,-,D,D,0,,,,,Y,Y,A,01,1,0,0,0,0,0,0,0,0,"- ","- ",39.154018402099609,-120.96678161621094,NEVADA,UNINCORPORATED,-120.96682739257812,39.153999328613281
91052664,2019,2019-08-15,9230,2019-07-24,1450,018107,,3,2,9,2900,0,1,3,,1,051,SR-20,"RIDGEWOOD RD",292.00,E,N,A,-,Y,,,,,,,,,,Y,2,0,3,2,A,-,01,23152,G,N,A,C,A,A,H,-,A,D,0,,,,,Y,Y,A,01,2,1,0,0,0,0,0,0,0,"- ","- ",39.322689056396484,-121.86528015136719,NEVADA,UNINCORPORATED,-120.86324310302734,39.322494506835938
91052732,2019,2019-08-15,9230,2019-08-09,1604,020059,,5,2,9,2900,0,1,3,,1,041,"STATE ROUTE 174","BARTLETT DR",12.00,N,N,A,-,Y,,,174,,,,,,,Y,2,0,1,2,A,-,03,22350,,F,C,C,A,A,H,-,A,D,0,,,,,Y,,D,22,1,0,0,0,0,0,0,0,0,"- ","- ",39.205429077148438,-121.03890228271484,NEVADA,UNINCORPORATED,-121.03890228271484,39.205425262451172
91055462,2019,2019-09-30,9221,2019-04-27,0350,017270,,6,3,9,2900,0,1,1,,2,387,"I-80 W/B","EAGLE LAKES RD",2640.00,E,N,A,-,Y,,,80,,,,,,W,Y,1,1,0,1,A,-,08,22107,,N,F,I,A,A,H,-,D,D,0,,,,,Y,,A,01,0,0,0,0,0,0,0,0,0,"- ","- ",39.315898895263672,-120.55580139160156,NEVADA,UNINCORPORATED,-120.55580902099609,39.315891265869141
91061277,2019,2019-09-03,9230,2019-08-24,2115,020411,,6,2,9,2900,0,1,3,,1,051,SR-20,"SCOTTS FLAT RD",0.00,,Y,A,-,Y,,,20,,,,,,,N,2,0,2,2,A,-,08,22107,,N,B,C,A,A,H,-,C,D,0,,,Y,,Y,Y,C,02,1,1,0,0,0,0,0,0,2,"- ","- ",39.28656005859375,-120.94538116455078,NEVADA,UNINCORPORATED,-120.94538879394531,39.286602020263672
91107707,2019,2019-10-28,9230,2019-08-11,0108,019940,,7,3,9,2900,0,3,5,,2,050,"RED DOG RD","BERGGREN LN",24.00,W,N,A,-,N,,,,,,,,,,N,2,0,1,2,D,-,00,,,F,G,B,E,A,H,-,D,D,0,Y,,,,Y,,-,"- ",1,0,0,0,1,0,0,0,0,"- ","- ",39.261459350585938,-121.0023193359375,NEVADA,UNINCORPORATED,-121.00231170654297,39.261482238769531
91119442,2019,2019-11-13,9230,2019-11-09,0838,016665,,6,1,9,2900,0,1,3,,2,042,SR-20,"BANNER LAVA CAP RD",561.00,W,N,A,-,Y,,,20,,,,,,,Y,2,0,1,1,A,-,08,22107,,N,E,I,A,A,H,-,A,D,0,,,,,Y,,A,01,1,0,0,0,0,0,0,0,0,"- ","- ",39.242401123046875,-121.03212738037109,NEVADA,UNINCORPORATED,-121.03209686279297,39.242351531982422
91120271,2019,2019-11-14,9230,2019-09-26,1704,016426,,4,2,9,2900,0,1,3,,1,031,"STATE ROUTE 49 (GOLDEN CENTER HIGHWAY)","HOLCOMB DRIVE",28.00,S,N,A,-,Y,,,49,,,,,,,Y,1,1,1,2,A,-,01,23152,F,N,E,I,A,A,H,-,A,D,0,,,Y,,Y,,A,07,0,0,1,0,0,0,0,1,0,"- ","- ",39.093559265136719,-121.08576202392578,NEVADA,UNINCORPORATED,-121.08566284179688,39.09356689453125
91122907,2019,2019-11-18,9230,2019-11-14,1735,020059,,4,2,9,2900,0,1,3,,1,031,SR-49,"AUBURN ROAD",0.00,,Y,A,-,Y,,,49,,,,,,,Y,2,0,2,2,A,-,09,21802,A,N,D,C,A,A,H,-,C,A,0,,,Y,,Y,,A,01,1,0,1,0,0,0,0,0,1,"- ","- ",39.126049041748047,-121.07756042480469,NEVADA,UNINCORPORATED,-121.07755279541016,39.126045227050781
91122913,2019,2019-11-18,9230,2019-11-16,1840,020059,,6,2,9,2900,0,3,5,,2,040,"WILLOW VALLEY ROAD","PEAR TREE LN",87.00,W,N,A,-,N,,,,,,,,,,Y,2,0,1,1,A,-,01,23152,A,N,E,I,A,A,H,-,D,D,0,,,,,Y,Y,A,01,1,0,0,0,0,0,0,0,0,"- ","- ",39.267551422119141,-121.00908660888672,NEVADA,UNINCORPORATED,-121.00916290283203,39.267585754394531
91135540,2019,2019-12-04,9230,2019-11-27,1412,015911,,3,2,9,2900,0,1,3,,1,031,"STATE ROUTE 49","CERRITO RD",2076.00,S,N,B,-,Y,,,49,,,,,,,Y,2,0,1,2,A,-,05,21460,A,N,D,C,A,B,H,-,A,D,0,,,,,Y,,A,01,1,0,0,0,0,0,0,0,0,"- ","- ",39.081470489501953,-121.08689880371094,NEVADA,UNINCORPORATED,-121.08702087402344,39.081466674804688
91146987,2019,2019-12-19,9230,2019-12-07,2000,018459,,6,2,9,2900,0,3,5,,2,050,"GOLD FLAT ROAD","PINEWOODS ROAD",481.00,N,N,B,C,N,,,,,,,,,,Y,1,1,0,1,A,-,08,22107,,N,E,I,A,B,H,-,D,D,0,,,,,Y,,D,22,0,0,0,0,0,0,0,0,0,"- ","- ",39.248870849609375,-121.01480865478516,NEVADA,UNINCORPORATED,-121.01477813720703,39.248870849609375
91160064,2019,2020-01-06,9230,2019-12-30,0211,019940,,1,3,2,2901,0,1,3,,2,042,"SR-20 E/B FROM DORSEY DR.","DORSEY DR",755.00,E,N,B,-,Y,,,20,,,,R,,E,Y,2,0,1,1,A,-,01,23152,A,N,F,A,A,A,H,-,C,D,0,,,,,Y,Y,D,22,1,0,0,0,0,0,0,0,0,"- ","- ",39.227920532226562,-121.0452880859375,NEVADA,"GRASS VALLEY",-121.0452880859375,39.227920532226562
91160637,2019,2020-01-07,9230,2019-12-29,1820,018691,,7,2,9,2900,0,1,3,,1,061,SR-49,"NEWTOWN RD",0.00,,Y,B,-,Y,,,49,,,,,,,N,2,0,1,2,A,-,08,22100,B,N,G,B,D,B,H,-,C,A,0,Y,,,,Y,Y,D,22,1,0,0,0,1,0,0,0,0,"- ","- ",39.268928527832031,-121.05729675292969,NEVADA,UNINCORPORATED,-121.05719757080078,39.269058227539062