CASE_ID,ACCIDENT_YEAR,PROC_DATE,JURIS,COLLISION_DATE,COLLISION_TIME,OFFICER_ID,REPORTING_DISTRICT,DAY_OF_WEEK,CHP_SHIFT,POPULATION,CNTY_CITY_LOC,SPECIAL_COND,BEAT_TYPE,CHP_BEAT_TYPE,CITY_DIVISION_LAPD,CHP_BEAT_CLASS,BEAT_NUMBER,PRIMARY_RD,SECONDARY_RD,DISTANCE,DIRECTION,INTERSECTION,WEATHER_1,WEATHER_2,STATE_HWY_IND,CALTRANS_COUNTY,CALTRANS_DISTRICT,STATE_ROUTE,ROUTE_SUFFIX,POSTMILE_PREFIX,POSTMILE,LOCATION_TYPE,RAMP_INTERSECTION,SIDE_OF_HWY,TOW_AWAY,COLLISION_SEVERITY,NUMBER_KILLED,NUMBER_INJURED,PARTY_COUNT,PRIMARY_COLL_FACTOR,PCF_CODE_OF_VIOL,PCF_VIOL_CATEGORY,PCF_VIOLATION,PCF_VIOL_SUBSECTION,HIT_AND_RUN,TYPE_OF_COLLISION,MVIW,PED_ACTION,ROAD_SURFACE,ROAD_COND_1,ROAD_COND_2,LIGHTING,CONTROL_DEVICE,CHP_ROAD_TYPE,PEDESTRIAN_ACCIDENT,BICYCLE_ACCIDENT,MOTORCYCLE_ACCIDENT,TRUCK_ACCIDENT,NOT_PRIVATE_PROPERTY,ALCOHOL_INVOLVED,STWD_VEHTYPE_AT_FAULT,CHP_VEHTYPE_AT_FAULT,COUNT_SEVERE_INJ,COUNT_VISIBLE_INJ,COUNT_COMPLAINT_PAIN,COUNT_PED_KILLED,COUNT_PED_INJURED,COUNT_BICYCLIST_KILLED,COUNT_BICYCLIST_INJURED,COUNT_MC_KILLED,COUNT_MC_INJURED,PRIMARY_RAMP,SECONDARY_RAMP,LATITUDE,LONGITUDE,COUNTY,CITY,POINT_X,POINT_Y
91169491,2019,2020-01-23,9230,2019-10-27,2500,013903,,7,4,9,2900,0,1,3,,1,061,"STATE ROUTE 49","NISHINAM GULCH ROAD",1930.00,N,N,A,-,Y,,,49,,,,,,,Y,1,1,0,1,A,-,08,22107,,N,E,I,A,A,H,-,D,A,0,,,,,Y,,D,22,0,0,0,0,0,0,0,0,0,"- ","- ",39.280998229980469,-121.10179901123047,NEVADA,UNINCORPORATED,-121.10169219970703,39.281070709228516
91171449,2020,2020-01-23,9230,2020-01-15,1438,020013,,3,2,9,2900,0,1,3,,1,061,"SR-49 N/B","JOHN BARLEYCORN RD",31.00,N,N,B,-,Y,,,49,,,,,,N,Y,2,0,1,1,A,-,08,22107,,N,E,I,A,A,H,-,A,D,0,,,,,Y,,M,57,1,0,0,0,0,0,0,0,0,"- ","- ",39.271900177001953,-121.06279754638672,NEVADA,UNINCORPORATED,-121.06275939941406,39.272052764892578
91174970,2020,2020-01-28,9230,2020-01-20,0400,020059,,1,3,9,2900,0,1,3,,1,061,"STATE ROUTE 49","CEMENT HILL RD",3600.00,N,N,B,-,Y,,,49,,,,,,,Y,2,0,1,1,A,-,08,22107,,N,E,I,A,A,H,-,D,D,0,,,,,Y,Y,A,01,1,0,0,0,0,0,0,0,0,"- ","- ",39.266311645507812,-121.04032135009766,NEVADA,UNINCORPORATED,-121.04032135009766,39.266319274902344
91181478,2020,2020-02-06,9230,2020-02-03,2115,016426,,1,2,9,2900,0,1,3,,1,061,SR49,"NEW SCHOOL RD WEST",3000.00,S,N,A,-,Y,,,49,,,,,,,Y,2,0,1,1,A,-,08,22107,,N,F,A,A,A,H,-,D,D,0,,,,,Y,,D,22,1,0,0,0,0,0,0,0,0,"- ","- ",39.384449005126953,-121.08686065673828,NEVADA,UNINCORPORATED,-121.08679962158203,39.3843994140625
91183354,2020,2020-02-10,9222,2020-02-02,1621,018315,,7,2,9,2900,0,1,1,,2,024,"I-80 (W/B)","HIRSHDALE RD.",5280.00,E,N,D,-,Y,,,80,,,,,,,Y,2,0,1,3,A,-,03,22350,,N,G,B,E,C,H,-,A,D,0,Y,,,,Y,,A,01,1,0,0,0,1,0,0,0,0,"- ","- ",39.372798919677734,-120.05870056152344,NEVADA,UNINCORPORATED,-120.05870819091797,39.372756958007812
91184772,2020,2020-02-11,9230,2020-02-11,0710,016665,,2,1,9,2900,0,1,3,,1,031,"SR-49 N/B","AUBURN RD",506.00,N,N,A,-,Y,,,49,,,,,,N,Y,2,0,1,2,A,-,03,22350,,N,C,C,A,A,H,-,A,D,0,,,,,Y,,D,22,1,0,0,0,0,0,0,0,0,"- ","- ",39.1273193359375,-121.07689666748047,NEVADA,UNINCORPORATED,-121.076904296875,39.127323150634766
91190463,2020,2020-02-20,9230,2020-02-17,0001,020059,,1,3,2,2901,0,1,3,,2,042,"SR-20 W/B (OFF-RAMP)","W. EMPIRE ST.",550.00,N,N,A,-,Y,,,20,,,,,,W,Y,2,0,1,1,A,-,01,23152,A,N,E,I,A,A,H,-,C,D,0,,,,,Y,Y,A,07,1,0,0,0,0,0,0,0,0,"- ","- ",39.211399078369141,-121.06714630126953,NEVADA,"GRASS VALLEY",-121.06705474853516,39.211299896240234
91204189,2020,2020-03-17,9230,2020-02-27,2303,020411,,4,3,9,2900,0,1,3,,1,041,"STATE ROUTE 174 (COLFAX HIGHWAY)","GREENHORN ACCESS ROAD",161.00,S,N,A,-,Y,,,174,,,,,,,Y,1,1,0,1,A,-,08,22107,,N,E,I,A,A,H,-,D,D,0,,,,,Y,,A,01,0,0,0,0,0,0,0,0,0,"- ","- ",39.175399780273438,-120.97503662109375,NEVADA,UNINCORPORATED,-120.97502136230469,39.175422668457031
91212272,2020,2020-03-19,9230,2020-03-15,1335,017889,,7,1,9,2900,0,3,5,,2,070,"NEVADA CITY HIGHWAY","DURBROW RD",690.00,S,N,B,D,N,,,,,,,,,,Y,2,0,4,2,A,-,01,23152,A,N,A,C,A,C,H,-,A,A,0,,,,,Y,Y,D,22,1,3,0,0,0,0,0,0,0,"- ","- ",39.243309020996094,-121.03501129150391,NEVADA,UNINCORPORATED,-121.03266906738281,39.243019104003906
9121334,2020,2021-01-26,2908,2020-06-30,1803,6608,13,2,5,3,2908,0,0,0,,0,013,"GLENSHIRE DR","BERKSHIRE CIR",285.00,W,N,A,-,N,,,,,,,,,,Y,2,0,1,2,A,-,05,21460,A,N,B,C,A,A,H,-,A,D,0,,,Y,,Y,,-,"- ",1,0,0,0,0,0,0,0,1,"- ","- ",,,NEVADA,TRUCKEE,-120.11385345458984,39.354419708251953
91217909,2020,2020-03-27,9222,2020-03-14,0858,016852,,6,1,3,2908,0,1,1,,2,023,"I-80 WESTBOUND (ALAN S. HART FREEWAY)","TRUCKEE RIVER BR 17-58",325.00,E,N,C,D,Y,,,80,,,,,,W,Y,2,0,1,1,A,-,08,22107,,N,E,I,A,C,H,-,A,D,0,,,,,Y,,A,07,1,0,0,0,0,0,0,0,0,"- ","- ",39.371269226074219,-120.11347961425781,NEVADA,TRUCKEE,-120.11361694335938,39.371368408203125
91219299,2020,2020-04-01,9230,2020-03-25,1610,015911,,3,2,2,2901,0,1,3,,2,032,"STATE ROUTE 49 (NORTHBOUND)","EMPIRE STREET OVER CROSSING",184.00,S,N,B,-,Y,,,49,,,,,,,Y,2,0,1,1,A,-,03,22350,,N,E,I,A,B,H,-,A,D,0,,,,,Y,,A,01,1,0,0,0,0,0,0,0,0,"- ","- ",39.209449768066406,-121.06806945800781,NEVADA,"GRASS VALLEY",-121.06807708740234,39.209449768066406
91219541,2020,2020-04-01,9230,2020-03-28,1452,017539,,6,2,9,2900,0,1,3,,2,052,SR-20,"SUN RIDGE COURT",2640.00,E,N,C,-,Y,,,20,,,,,,,Y,2,0,1,1,A,-,08,22107,,N,E,I,A,B,H,-,A,D,0,,,,,Y,,A,07,1,0,0,0,0,0,0,0,0,"- ","- ",39.283069610595703,-120.98489379882812,NEVADA,UNINCORPORATED,-120.98489379882812,39.283084869384766
91223996,2020,2020-04-10,9230,2020-04-07,1728,017539,,2,2,9,2900,0,3,5,,2,040,"IDAHO MARYLAND RD","MADRONE FORREST DRIVE",90.00,W,N,C,-,N,,,,,,,,,,Y,2,0,2,1,A,-,03,22350,,N,E,I,A,B,H,-,A,D,0,,,,,Y,,A,01,2,0,0,0,0,0,0,0,0,"- ","- ",39.228919982910156,-121.00264739990234,NEVADA,UNINCORPORATED,-121.00243377685547,39.229007720947266
91231013,2020,2020-04-29,9230,2020-04-28,1525,020411,,2,2,9,2900,0,1,3,,1,061,SR-49,"SUN SHADOW CIR",50.00,S,N,A,-,Y,,,49,,,,,,,Y,2,0,1,1,A,-,08,22107,,N,E,I,A,A,H,-,A,D,0,,,,,Y,,A,01,1,0,0,0,0,0,0,0,0,"- ","- ",39.278648376464844,-121.09098052978516,NEVADA,UNINCORPORATED,-121.09098052978516,39.278617858886719
91236039,2020,2020-05-11,9230,2020-05-03,1500,018107,,7,2,9,2900,0,3,5,,2,030,"MCCOURTNEY RD","PATTERSON VALLEY RD",233.00,W,N,A,-,N,,,,,,,,,,Y,2,0,2,1,A,-,08,22107,,N,E,I,A,A,H,-,A,D,0,,,Y,,Y,,C,02,1,1,0,0,0,0,0,0,2,"- ","- ",39.170108795166016,-121.12680053710938,NEVADA,UNINCORPORATED,-121.12747192382812,39.169578552246094
91237018,2020,2020-05-13,9221,2020-05-05,0435,018624,,2,3,9,2900,0,1,1,,2,387,"E/B I-80 JEO YUBA GAP","YUBA GAP",600.00,E,N,A,-,Y,,,,,,,,,,Y,2,0,1,1,A,-,08,22107,,N,A,I,A,A,H,-,D,D,0,,,,,Y,,A,07,1,0,0,0,0,0,0,0,0,"- ","- ",39.190391540527344,-120.36444854736328,NEVADA,UNINCORPORATED,,
91237093,2020,2020-05-13,9230,2020-05-05,2350,020107,,2,3,9,2900,0,1,3,,2,052,SR-20,"LOS ALTOS LN",3174.00,W,N,A,-,Y,,,20,,,,,,,Y,2,0,1,2,A,-,05,21460,A,N,A,C,A,A,H,-,D,D,0,,,,Y,Y,,D,22,1,0,0,0,0,0,0,0,0,"- ","- ",39.282390594482422,-120.9744873046875,NEVADA,UNINCORPORATED,-120.97449493408203,39.282405853271484
91259648,2020,2020-06-29,9222,2020-06-13,1850,017550,,6,2,9,2900,0,1,1,,2,022,"I-80 E/B","DONNER PASS REST FACILITY",5280.00,E,N,A,B,Y,,,80,,,,,,E,Y,2,0,2,3,A,-,07,21658,A,F,C,C,A,A,H,-,A,D,0,,,,,Y,,A,07,2,0,0,0,0,0,0,0,0,"- ","- ",39.341281890869141,-120.31790924072266,NEVADA,UNINCORPORATED,-120.31790161132812,39.341262817382812
91261361,2020,2020-07-01,9222,2020-06-21,1300,018593,,7,1,9,2900,0,3,5,,2,020,"PROSSER DAM RD","ANNIE MCCLOUD",1800.00,W,N,A,-,N,,,,,,,,,,N,2,0,1,1,A,-,03,22350,,N,E,I,A,A,H,-,A,D,0,,,Y,,Y,,C,02,1,0,0,0,0,0,0,0,1,"- ","- ",39.379188537597656,-120.13818359375,NEVADA,UNINCORPORATED,-120.13813781738281,39.387649536132812
91264875,2020,2020-07-07,9230,2020-07-03,1758,016426,,5,2,9,2900,0,3,5,,2,030,"MCCOURTNEY RD","BEYERS LN",280.00,N,N,A,-,N,,,,,,,,,,N,2,0,1,1,C,-,18,,,N,F,A,A,A,H,-,A,D,0,,,Y,,Y,,-,"- ",1,0,0,0,0,0,0,0,1,"- ","- ",39.130359649658203,-121.14308166503906,NEVADA,UNINCORPORATED,-121.14322662353516,39.130893707275391
91267525,2020,2020-07-13,9230,2020-07-03,0640,018459,,5,1,9,2900,0,1,3,,1,051,SR-20,"LOWELL HILL RD",140.00,W,N,A,-,Y,,,20,,,,,,,Y,2,0,1,1,A,-,08,22107,,N,E,I,A,A,H,-,A,D,0,,,Y,,Y,,C,02,1,0,0,0,0,0,0,0,1,"- ","- ",39.308731079101562,-120.71855926513672,NEVADA,UNINCORPORATED,-120.7183837890625,39.308876037597656
91279470,2020,2020-08-03,9230,2020-07-22,2110,016426,,3,2,9,2900,0,1,3,,1,061,SR-49,"TYLER FOOTE RD",0.00,,Y,A,-,Y,,,49,,,,,,,Y,2,0,2,2,A,-,09,21802,A,N,D,C,A,A,H,-,D,A,0,,,,,Y,,A,01,1,1,0,0,0,0,0,0,0,"- ","- ",39.328701019287109,-121.11116790771484,NEVADA,UNINCORPORATED,-121.11119079589844,39.328685760498047
91283245,2020,2020-08-10,9230,2020-08-04,1500,018107,,2,2,2,2901,0,1,3,,2,042,SR-20,"BANNER LAVA CAP RD",460.00,E,N,A,-,Y,,,20,,,,,,,Y,2,0,1,2,A,-,03,22350,,N,C,C,A,A,H,-,A,D,0,,,,,Y,,A,01,1,0,0,0,0,0,0,0,0,"- ","- ",39.242050170898438,-121.03218078613281,NEVADA,"GRASS VALLEY",-121.03221130371094,39.242088317871094
91284745,2020,2020-08-12,9230,2020-08-04,1444,021334,,2,2,9,2900,0,1,3,,2,052,"SR-20 E/B","BANNER LAVA CAP RD",500.00,E,N,A,-,Y,,,20,,,,,,E,Y,2,0,1,1,A,-,01,23152,F,N,E,I,A,A,H,-,A,D,0,,,,,Y,,A,01,1,0,0,0,0,0,0,0,0,"- ","- ",39.243671417236328,-121.02970123291016,NEVADA,UNINCORPORATED,-121.02972412109375,39.243705749511719
91295794,2020,2020-08-31,9230,2020-08-18,1305,018771,,2,1,9,2900,0,3,5,,2,030,"DOG BAR ROAD","TAYLOR CROSSING RD",445.00,N,N,A,-,N,,,,,,,,,,Y,2,0,1,2,A,-,09,21804,A,N,D,C,A,A,H,-,A,D,0,,,Y,,Y,,A,01,1,0,0,0,0,0,0,0,1,"- ","- ",39.115840911865234,-121.00174713134766,NEVADA,UNINCORPORATED,-121.00163269042969,39.11590576171875
91299760,2020,2020-09-07,9230,2020-06-23,2013,017539,,2,2,9,2900,0,3,5,,2,030,"PERIMETER ROAD","MCCOURTNEY ROAD",258.00,N,N,A,-,N,,,,,,,,,,Y,1,1,0,1,A,-,01,23152,A,N,E,I,A,A,H,-,A,D,0,,,,,Y,Y,D,22,0,0,0,0,0,0,0,0,0,"- ","- ",39.092338562011719,-121.18353271484375,NEVADA,UNINCORPORATED,-121.18352508544922,39.092178344726562
91300954,2020,2020-09-08,9230,2020-08-20,2106,017539,,4,2,9,2900,0,3,5,,2,040,"GRASS VALLEY AVE.","LOMA RICA DRIVE",295.00,S,N,F,-,N,,,,,,,,,,Y,2,0,1,2,A,-,08,22107,,M,C,E,A,A,H,-,C,D,0,,,,Y,Y,Y,A,07,1,0,0,0,0,0,0,0,0,"- ","- ",39.220409393310547,-121.01245880126953,NEVADA,UNINCORPORATED,-121.01250457763672,39.220401763916016
91306061,2020,2020-09-16,9230,2020-08-29,1200,017889,,6,1,2,2902,0,1,3,,2,052,"SR-20 W/B","WASHINGTON ST OVERCROSSING",480.00,W,N,A,-,Y,,,20,,,,,,W,Y,2,0,6,4,A,-,07,21658,A,N,E,I,A,A,H,-,A,A,0,,,,,Y,,A,01,1,4,1,0,0,0,0,0,0,"- ","- ",39.262718200683594,-121.01651000976562,NEVADA,"NEVADA CITY",-121.01668548583984,39.262779235839844
91312969,2020,2020-09-28,9222,2020-09-20,1020,017658,,7,1,9,2900,0,1,1,,2,021,"I-80 EASTBOUND","SODA SPRINGS RD",6864.00,W,N,A,-,Y,,,80,,,,,,E,Y,2,0,2,1,A,-,08,22107,,N,E,I,A,A,H,-,A,D,0,,,,,Y,,A,01,1,1,0,0,0,0,0,0,0,"- ","- ",39.323810577392578,-120.41512298583984,NEVADA,UNINCORPORATED,-120.41510772705078,39.323749542236328
91313116,2020,2020-09-28,9230,2020-09-16,1030,016665,,3,1,9,2900,0,1,3,,1,031,"SR-49 S/B","MOTHER LODE RD",1033.00,N,N,A,-,Y,,,49,,,,,,S,Y,2,0,2,1,A,-,08,22107,,N,E,I,A,A,H,-,A,D,0,,,,,Y,,A,01,1,1,0,0,0,0,0,0,0,"- ","- ",39.108039855957031,-121.08512115478516,NEVADA,UNINCORPORATED,-121.08493804931641,39.107963562011719
91316578,2020,2020-10-02,9230,2020-07-17,1424,020013,,5,2,2,2901,0,1,3,,2,042,"STATE ROUTE-20 E/B TO S. AUBURN STREET","SOUTH AUBURN STREET",4.00,W,N,A,-,Y,,,20,,,,R,,E,Y,1,1,1,2,A,-,10,21950,A,N,G,B,B,A,H,-,A,A,0,Y,,,Y,Y,,F,26,1,0,0,1,0,0,0,0,0,"- ","- ",39.215400695800781,-121.06159973144531,NEVADA,"GRASS VALLEY",-121.06159973144531,39.215400695800781
91334188,2020,2020-10-29,9222,2020-10-21,2500,015908,,3,4,9,2900,0,1,1,,2,022,"I-80 E/B","DONNER LAKE RD.",866.00,W,N,A,-,Y,,,80,,,,,,E,Y,1,1,0,1,A,-,08,22107,,N,E,I,A,A,H,-,C,D,0,,,,,Y,,A,01,0,0,0,0,0,0,0,0,0,"- ","- ",39.329868316650391,-120.29184722900391,NEVADA,UNINCORPORATED,-120.29194641113281,39.330001831054688
91338279,2020,2020-11-03,9230,2020-08-03,0840,018691,,1,1,9,2900,0,3,5,,2,030,"MCCOURTNEY ROAD","AUBURN ROAD",600.00,S,N,A,-,N,,,,,,,,,,N,1,1,0,2,A,-,01,23152,F,F,G,B,F,A,H,-,A,D,0,Y,,,,Y,,A,01,0,0,0,1,0,0,0,0,0,"- ","- ",39.205631256103516,-121.07689666748047,NEVADA,UNINCORPORATED,-121.07920837402344,39.203151702880859
91341008,2020,2020-11-06,9230,2020-10-27,1100,018691,,2,1,9,2900,0,3,5,,2,040,"LOWER COLFAX RD","KARRYS PL",0.00,,Y,A,-,N,,,,,,,,,,Y,2,0,1,2,A,-,09,21801,A,N,A,C,A,A,H,-,A,A,0,,,Y,,Y,,A,07,1,0,0,0,0,0,0,0,1,"- ","- ",39.162528991699219,-120.98172760009766,NEVADA,UNINCORPORATED,-120.98179626464844,39.162570953369141
91350700,2020,2020-11-20,9230,2020-11-02,1430,017889,,1,2,9,2900,0,2,4,,2,072,"RIDGE RD","MANZANITA DR",528.00,E,N,A,-,N,,,,,,,,,,N,2,0,1,2,A,-,03,22350,,N,C,C,A,A,H,-,A,A,0,,,Y,,Y,,D,22,1,0,0,0,0,0,0,0,1,"- ","- ",39.229911804199219,-121.07733917236328,NEVADA,UNINCORPORATED,-121.07615661621094,39.230724334716797
91353027,2020,2020-11-24,9230,2020-08-16,2125,021334,,7,2,9,2900,0,1,3,,1,071,"STATE ROUTE 20","PLEASANT VALLEY ROAD",1056.00,W,N,A,-,Y,,,20,,,,,,,Y,1,1,2,2,A,-,01,23152,G,N,C,C,A,A,H,-,D,D,0,,,Y,,Y,Y,A,01,0,1,1,0,0,0,0,1,0,"- ","- ",39.203639984130859,-121.20839691162109,NEVADA,UNINCORPORATED,-121.20841217041016,39.203666687011719
91383684,2021,2021-01-07,9230,2021-01-04,1632,016426,,1,2,9,2900,0,1,3,,1,071,SR-20,"WILD TURKEY LANE",675.00,E,N,B,-,Y,,,20,,,,,,,Y,2,0,2,1,A,-,08,22107,,N,F,A,A,B,H,-,A,D,0,,,,,Y,,A,07,1,0,1,0,0,0,0,0,0,"- ","- ",39.204410552978516,-121.26764678955078,NEVADA,UNINCORPORATED,-121.26767730712891,39.204353332519531
91387731,2021,2021-01-14,9222,2021-01-06,1700,015913,,3,2,3,2908,0,3,5,,2,020,"I-80 EASTBOUND","OVERLAND TRAIL",2640.00,E,N,A,-,Y,,,80,,,,,,E,Y,2,0,1,1,A,-,08,22107,,N,F,A,A,A,H,-,A,D,0,,,,,Y,,A,01,1,0,0,0,0,0,0,0,0,"- ","- ",39.358509063720703,-120.14125823974609,NEVADA,TRUCKEE,-120.14121246337891,39.358413696289062
91388712,2020,2021-01-18,9230,2020-11-22,0645,018691,,7,1,9,2900,0,3,5,,2,030,"WOLF ROAD","CAMERON WAY",1056.00,E,N,A,-,N,,,,,,,,,,Y,1,1,1,1,A,-,01,23152,G,N,E,I,A,A,H,-,B,A,0,,,,,Y,Y,D,22,1,0,0,0,0,0,0,0,0,"- ","- ",39.050048828125,-121.10572814941406,NEVADA,UNINCORPORATED,-121.10666656494141,39.050331115722656
91390688,2021,2021-01-19,9230,2021-01-18,1445,020059,,1,2,9,2900,0,1,3,,1,061,"STATE ROUTE 49","CEMENT HILL RD",4200.00,N,N,A,-,Y,,,49,,,,,,,Y,2,0,2,1,A,-,08,22107,,N,E,I,A,A,H,-,A,D,0,,,,,Y,,A,07,1,1,0,0,0,0,0,0,0,"- ","- ",39.265110015869141,-121.04216003417969,NEVADA,UNINCORPORATED,-121.04243469238281,39.26568603515625
91399879,2021,2021-02-01,9230,2021-01-23,1855,017539,,6,2,9,2900,0,1,3,,1,071,SR-20,"BRIGHTON STREET O/C",1656.00,W,N,A,-,Y,,,20,,,,,,,Y,2,0,3,2,A,-,01,23152,A,N,D,C,A,A,H,-,D,A,0,,,,,Y,Y,A,01,2,1,0,0,0,0,0,0,0,"- ","- ",39.208770751953125,-121.081787109375,NEVADA,UNINCORPORATED,-121.081787109375,39.208759307861328
91422376,2021,2021-03-08,9230,2021-03-05,0520,020059,,5,3,9,2900,0,1,3,,1,061,"STATE ROUTE 49","HERON PL",3100.00,N,N,A,-,Y,,,49,,,,,,,N,2,0,1,2,A,-,11,21954,A,N,G,B,D,A,H,-,D,D,0,Y,,,,Y,,N,60,1,0,0,0,1,0,0,0,0,"- ","- ",39.354698181152344,-121.12256622314453,NEVADA,UNINCORPORATED,-121.12233734130859,39.354621887207031
91429280,2021,2021-03-17,9221,2021-01-08,2500,017125,,5,4,9,2900,0,1,1,,2,387,"INTERSTATE 80 EASTBOUND",SR-20,5280.00,E,N,B,-,Y,,,80,,,,,,E,Y,1,1,0,1,A,-,08,22107,,N,E,I,A,A,H,-,D,D,0,,,,,Y,,A,07,0,0,0,0,0,0,0,0,0,"- ","- ",39.330219268798828,-120.58772277832031,NEVADA,UNINCORPORATED,-120.58771514892578,39.330150604248047
91446081,2021,2021-04-08,9230,2021-04-01,2144,019940,,4,2,9,2900,0,1,3,,1,051,"SR-20 W/B","PIONEER TRAIL",1004.00,W,N,A,-,Y,,,20,,,,,,W,Y,2,0,1,1,A,-,01,23152,A,N,F,A,A,A,H,-,D,D,0,,,,,Y,Y,D,22,1,0,0,0,0,0,0,0,0,"- ","- ",39.323028564453125,-120.85381317138672,NEVADA,UNINCORPORATED,-120.85381317138672,39.323001861572266
91449491,2021,2021-04-13,9230,2021-04-09,2500,018459,,5,4,9,2900,0,3,5,,2,040,"YOU BET ROAD","FIFIELD RD",2570.00,E,N,A,-,N,,,,,,,,,,Y,2,0,1,1,A,-,08,22107,,N,E,I,A,A,H,-,D,D,0,,,,,Y,,D,22,1,0,0,0,0,0,0,0,0,"- ","- ",39.187290191650391,-120.94026184082031,NEVADA,UNINCORPORATED,-120.94174957275391,39.187431335449219
91450308,2021,2021-04-14,9230,2021-04-08,1930,016426,,4,2,9,2900,0,1,3,,1,061,SR-49,"OLD DOWNIEVILLE HWY",1300.00,S,N,A,-,Y,,,49,,,,,,,Y,2,0,1,1,A,-,01,23152,A,N,F,A,A,A,H,-,D,D,0,,,,,Y,Y,A,01,1,0,0,0,0,0,0,0,0,"- ","- ",39.263828277587891,-121.04680633544922,NEVADA,UNINCORPORATED,-121.04681396484375,39.263889312744141
9145121,2020,2020-10-12,2908,2020-08-26,1344,6595,11,3,5,3,2908,0,0,0,,0,,"WEST RIVER ST","RIVER PARK PL",1000.00,W,N,A,-,N,,,,,,,,,,N,2,0,1,2,A,-,09,21801,A,N,D,G,A,A,H,-,A,D,0,,Y,,,Y,,-,,1,0,0,0,0,0,1,0,0,"- ","- ",,,NEVADA,TRUCKEE,-120.19573974609375,39.321075439453125
91475953,2021,2021-05-27,9230,2021-04-25,2052,020411,,7,2,9,2900,0,3,5,,2,050,"BANNER LAVA CAP ROAD","THOMAS RANCH ROAD",557.00,W,N,B,-,N,,,,,,,,,,Y,1,1,1,1,A,-,01,23152,A,N,E,I,A,B,H,-,D,A,0,,,,,Y,Y,A,07,0,1,0,0,0,0,0,0,0,"- ","- ",39.235908508300781,-121.00399017333984,NEVADA,UNINCORPORATED,-121.00371551513672,39.236045837402344
91478778,2020,2021-05-21,9222,2020-07-15,2500,015913,,3,4,9,2900,0,1,1,,2,024,"I-80 EASTBOUND","HIRSCHDALE RD.",6864.00,E,N,A,-,Y,,,80,,,,,,E,Y,1,1,0,1,A,-,08,22107,,N,E,I,A,A,H,-,D,D,0,,,,,Y,,D,22,0,0,0,0,0,0,0,0,0,"- ","- ",39.372879028320312,-120.06194305419922,NEVADA,UNINCORPORATED,-120.06193542480469,39.372920989990234
91483239,2021,2021-05-27,9230,2021-05-09,0540,019940,,7,3,9,2900,0,1,3,,1,061,SR-49,"CEMENT HILL RD",2248.00,N,N,A,-,Y,,,49,,,,,,,Y,1,1,0,1,A,-,08,22107,,N,E,8,A,A,C,-,B,D,0,,,,,Y,,D,22,0,0,0,0,0,0,0,0,0,"- ","- ",39.26641845703125,-121.03572082519531,NEVADA,UNINCORPORATED,-121.03571319580078,39.266384124755859
91506074,2021,2021-06-24,9222,2021-06-16,0610,017091,,3,1,9,2900,0,3,5,,2,020,"STAMPEDE MEADOWS ROAD","BOCA SPRINGS ROAD",5280.00,N,N,A,-,N,,,,,,,,,,Y,2,0,1,1,A,-,08,22107,,N,E,I,A,A,H,-,A,D,0,,,,,Y,,D,23,1,0,0,0,0,0,0,0,0,"- ","- ",39.433319091796875,-120.08412170410156,NEVADA,UNINCORPORATED,-120.08466339111328,39.432224273681641
91517363,2021,2021-09-13,9222,2021-06-27,2025,017270,,7,2,9,2900,0,1,1,,2,021,"I-80 W/ B",KINGVALE,2112.00,E,N,A,-,Y,,,80,,,,,,,Y,2,0,3,2,A,-,03,22350,,N,C,C,A,A,H,-,B,A,0,,,,,Y,,A,01,2,1,0,0,0,0,0,0,0,"- ","- ",39.316501617431641,-120.43569946289062,NEVADA,UNINCORPORATED,-120.43571472167969,39.316555023193359
91519306,2021,2021-07-13,9230,2021-02-25,1845,017539,,4,2,9,2900,0,3,5,,2,030,"LA BARR MEADOWS ROAD","AMSEL WAY",1056.00,S,N,A,-,N,,,,,,,,,,N,2,0,1,2,A,-,06,21760,B,F,H,G,A,A,H,-,D,D,0,,Y,,,Y,,D,22,1,0,0,0,0,0,1,0,0,"- ","- ",39.19036865234375,-121.05065155029297,NEVADA,UNINCORPORATED,-121.05073547363281,39.190185546875