CASE_ID,ACCIDENT_YEAR,PROC_DATE,JURIS,COLLISION_DATE,COLLISION_TIME,OFFICER_ID,REPORTING_DISTRICT,DAY_OF_WEEK,CHP_SHIFT,POPULATION,CNTY_CITY_LOC,SPECIAL_COND,BEAT_TYPE,CHP_BEAT_TYPE,CITY_DIVISION_LAPD,CHP_BEAT_CLASS,BEAT_NUMBER,PRIMARY_RD,SECONDARY_RD,DISTANCE,DIRECTION,INTERSECTION,WEATHER_1,WEATHER_2,STATE_HWY_IND,CALTRANS_COUNTY,CALTRANS_DISTRICT,STATE_ROUTE,ROUTE_SUFFIX,POSTMILE_PREFIX,POSTMILE,LOCATION_TYPE,RAMP_INTERSECTION,SIDE_OF_HWY,TOW_AWAY,COLLISION_SEVERITY,NUMBER_KILLED,NUMBER_INJURED,PARTY_COUNT,PRIMARY_COLL_FACTOR,PCF_CODE_OF_VIOL,PCF_VIOL_CATEGORY,PCF_VIOLATION,PCF_VIOL_SUBSECTION,HIT_AND_RUN,TYPE_OF_COLLISION,MVIW,PED_ACTION,ROAD_SURFACE,ROAD_COND_1,ROAD_COND_2,LIGHTING,CONTROL_DEVICE,CHP_ROAD_TYPE,PEDESTRIAN_ACCIDENT,BICYCLE_ACCIDENT,MOTORCYCLE_ACCIDENT,TRUCK_ACCIDENT,NOT_PRIVATE_PROPERTY,ALCOHOL_INVOLVED,STWD_VEHTYPE_AT_FAULT,CHP_VEHTYPE_AT_FAULT,COUNT_SEVERE_INJ,COUNT_VISIBLE_INJ,COUNT_COMPLAINT_PAIN,COUNT_PED_KILLED,COUNT_PED_INJURED,COUNT_BICYCLIST_KILLED,COUNT_BICYCLIST_INJURED,COUNT_MC_KILLED,COUNT_MC_INJURED,PRIMARY_RAMP,SECONDARY_RAMP,LATITUDE,LONGITUDE,COUNTY,CITY,POINT_X,POINT_Y
91523497,2021,2021-08-09,9230,2021-07-14,2108,020059,,3,2,9,2900,0,3,5,,2,030,"MCCOURTNEY ROAD","PADDOCK LANE",300.00,N,N,A,-,N,,,,,,,,,,Y,2,0,2,2,A,-,03,22350,,N,C,C,A,A,H,-,D,D,0,,,,,Y,Y,D,22,1,1,0,0,0,0,0,0,0,"- ","- ",39.199001312255859,-121.09279632568359,NEVADA,UNINCORPORATED,-121.09279632568359,39.199031829833984
91530889,2021,2021-07-28,9230,2021-07-19,1225,017889,,1,1,9,2900,0,3,5,,2,040,"LOMA RICA DR","EVENING STAR DR",160.00,E,N,A,-,N,,,,,,,,,,N,2,0,1,2,A,-,09,21801,A,N,D,C,A,A,H,-,A,D,0,,,Y,,Y,,A,01,1,0,0,0,0,0,0,0,1,"- ","- ",39.221210479736328,-121.0140380859375,NEVADA,UNINCORPORATED,-121.01383972167969,39.221153259277344
91543834,2021,2021-08-12,9222,2021-08-03,1240,014397,,2,1,9,2900,0,1,3,,1,027,SR-89N,"HOBART MILLS RD",0.00,,Y,A,-,Y,,,89,,,,,,,Y,2,0,2,2,A,-,12,22450,A,N,D,C,A,A,H,-,A,A,0,,,,,Y,,E,22,1,1,0,0,0,0,0,0,0,"- ","- ",39.398429870605469,-120.18795776367188,NEVADA,UNINCORPORATED,-120.18797302246094,39.398422241210938
91550113,2021,2021-08-30,9230,2021-08-04,1715,020411,,3,2,9,2900,0,1,3,,1,031,"STATE ROUTE 49","CAMEO DRIVE",579.00,S,N,A,-,Y,,,49,,,,,,,Y,1,1,0,2,A,-,05,21460,A,N,D,2,A,A,H,-,A,D,0,,,Y,,Y,,C,02,0,0,0,0,0,0,0,1,0,"- ","- ",39.047698974609375,-121.09409332275391,NEVADA,UNINCORPORATED,-121.09408569335938,39.047698974609375
91553782,2021,2021-08-25,9230,2021-08-17,1853,018459,,2,2,9,2900,0,2,4,,1,043,"BRUNSWICK RD","LOMA RICA DR",343.00,S,N,A,-,N,,,,,,,,,,N,2,0,1,2,A,-,08,22107,,N,G,B,E,A,H,-,A,D,0,Y,,,,Y,,D,22,1,0,0,0,1,0,0,0,0,"- ","- ",39.218208312988281,-121.02204132080078,NEVADA,UNINCORPORATED,-121.02217102050781,39.218349456787109
91553910,2021,2021-08-25,9230,2021-08-20,1528,020411,,5,2,9,2900,0,1,3,,1,051,SR-20,"LAST CHANCE MINE ROAD",5966.00,W,N,A,-,Y,,,20,,,,,,,Y,2,0,1,1,A,-,08,22107,,N,E,I,A,A,H,-,A,D,0,,,,,Y,,A,07,1,0,0,0,0,0,0,0,0,"- ","- ",39.320411682128906,-120.74504852294922,NEVADA,UNINCORPORATED,-120.74503326416016,39.320362091064453
91563878,2021,2021-09-07,9230,2021-08-26,0125,019940,,4,3,2,2901,0,1,3,,2,042,"SR-20 E/B TO BRUNSWICK ROAD","BRUNSWICK RD",120.00,W,N,A,-,Y,,,20,,,,R,,E,Y,2,0,1,1,A,-,01,23152,A,N,E,J,A,A,H,-,C,D,0,,,,,Y,Y,A,01,1,0,0,0,0,0,0,0,0,"- ","- ",39.234340667724609,-121.03569030761719,NEVADA,"GRASS VALLEY",-121.03569030761719,39.234340667724609
91577772,2021,2021-09-23,9230,2021-09-11,2015,018771,,6,2,9,2900,0,3,5,,2,070,"PLEASANT VALLEY ROAD","GOLD COUNTRY DRIVE",0.00,,Y,A,-,N,,,,,,,,,,Y,2,0,1,2,A,-,09,21802,A,F,D,C,A,A,H,-,D,A,0,,,,,Y,Y,D,22,1,0,0,0,0,0,0,0,0,"- ","- ",39.245719909667969,-121.21427917480469,NEVADA,UNINCORPORATED,-121.21405792236328,39.245857238769531
91578199,2021,2021-09-23,9222,2021-09-11,0036,017550,,6,3,3,2908,0,1,1,,2,023,"I-80 E/B","DONNER PASS RD. U/C",750.00,W,N,A,-,Y,,,80,,,,,,E,Y,2,0,3,2,A,-,01,23152,A,F,B,C,A,A,H,-,D,D,0,,,,,Y,Y,A,07,1,1,1,0,0,0,0,0,0,"- ","- ",39.324420928955078,-120.19541168212891,NEVADA,TRUCKEE,-120.19538879394531,39.324359893798828
91589653,2021,2021-10-06,9222,2021-09-25,1105,015908,,6,1,9,2900,0,1,1,,2,022,"I-80 E/B","CASTLE PEAK RD.",7920.00,E,N,A,-,Y,,,80,,,,,,E,Y,2,0,2,2,A,-,08,22107,,N,B,C,A,A,H,-,A,D,0,,,Y,,Y,,C,02,2,0,0,0,0,0,0,0,2,"- ","- ",39.342208862304688,-120.32408142089844,NEVADA,UNINCORPORATED,-120.32410430908203,39.342132568359375
91593248,2021,2021-10-11,9230,2021-10-06,2125,020411,,3,2,2,2901,0,1,3,,2,042,SR-20,"DORSEY DRIVE",1890.00,W,N,A,-,Y,,,20,,,,,,,Y,2,0,2,2,A,-,03,22350,,N,C,C,A,A,H,-,C,D,0,,,,Y,Y,,D,22,1,1,0,0,0,0,0,0,0,"- ","- ",39.225578308105469,-121.04782867431641,NEVADA,"GRASS VALLEY",-121.04776763916016,39.225498199462891
91593269,2021,2021-10-11,9230,2021-10-09,2338,020059,,6,3,9,2900,0,3,5,,2,030,"INDIAN SPRINGS RD","PILOT PEAK LN.",528.00,E,N,A,-,N,,,,,,,,,,Y,2,0,1,1,A,-,01,23152,A,N,F,A,A,A,H,-,D,D,0,,,,,Y,Y,D,22,1,0,0,0,0,0,0,0,0,"- ","- ",39.175678253173828,-121.18164825439453,NEVADA,UNINCORPORATED,-121.18225860595703,39.175937652587891
91602787,2021,2021-10-21,9222,2021-10-16,2205,017907,,6,3,9,2900,0,3,5,,2,020,"HOBART MILLS RD","OLD RENO RD",4224.00,E,N,A,-,N,,,,,,,,,,Y,2,0,1,1,A,-,01,23152,A,N,E,I,A,A,H,-,D,D,0,,,,,Y,Y,D,22,1,0,0,0,0,0,0,0,0,"- ","- ",39.416698455810547,-120.17919921875,NEVADA,UNINCORPORATED,-120.17976379394531,39.416370391845703
91608495,2021,2021-10-28,9230,2021-10-22,1428,017539,,5,2,9,2900,0,1,3,,1,051,SR-20,"SCOTTS FLAT ROAD",1950.00,E,N,B,-,Y,,,20,,,,,,,Y,2,0,1,1,A,-,08,22107,,N,E,I,A,B,H,-,A,D,0,,,,,Y,,A,01,1,0,0,0,0,0,0,0,0,"- ","- ",39.2889404296875,-120.93952178955078,NEVADA,UNINCORPORATED,-120.93952178955078,39.288944244384766
91619977,2021,2021-11-09,9230,2021-09-17,1700,017539,,5,2,9,2900,0,2,4,,1,043,"BRUNSWICK ROAD","BRUNSWICK PINES ROAD",224.00,S,N,A,-,N,,,,,,,,,,Y,1,1,4,3,A,-,01,23152,F,N,B,C,A,A,H,-,A,A,0,,,,,Y,,A,08,1,3,0,0,0,0,0,0,0,"- ","- ",39.216678619384766,-121.02030944824219,NEVADA,UNINCORPORATED,-121.02036285400391,39.216812133789062
91634886,2021,2021-11-24,9230,2021-11-12,0545,018098,,5,3,9,2900,0,1,3,,1,061,"SR-49 N/B","PLEASANT VALLEY RD",750.00,S,N,A,-,Y,,,49,,,,,,N,Y,2,0,1,1,A,-,08,22107,,N,E,I,A,A,H,-,D,D,0,,,,,Y,,A,07,1,0,0,0,0,0,0,0,0,"- ","- ",39.341060638427734,-121.11900329589844,NEVADA,UNINCORPORATED,-121.11901092529297,39.341056823730469
91640647,2021,2021-12-02,9230,2021-09-26,1239,018691,,7,1,9,2900,0,1,3,,1,031,SR-49,"RINCON WAY",0.00,,Y,A,-,Y,,,49,,,,,,,Y,1,1,2,2,A,-,05,21460,A,N,A,C,A,A,H,-,A,D,0,,,,,Y,,A,01,1,1,0,0,0,0,0,0,0,"- ","- ",39.017780303955078,-121.1007080078125,NEVADA,UNINCORPORATED,-121.10074615478516,39.017799377441406
91641892,2021,2021-12-06,9230,2021-11-15,0735,018107,,1,1,9,2900,0,1,3,,1,071,SR-20,"SLOPING OAKS ROAD",130.00,W,N,B,-,Y,,,20,,,,,,,Y,2,0,2,3,A,-,05,21460,A,N,B,C,A,A,H,-,A,A,0,,,,,Y,,A,01,1,1,0,0,0,0,0,0,0,"- ","- ",39.208038330078125,-121.25505065917969,NEVADA,UNINCORPORATED,-121.25502014160156,39.207965850830078
9164854,2020,2020-11-30,2901,2020-09-09,1400,BLA01,GVPD,3,5,2,2901,0,0,0,,0,023,"EAST MAIN ST","SIERRA COLLEGE DR",0.00,,Y,A,-,N,,,,,,,,,,N,2,0,1,2,A,-,03,22350,,N,C,C,A,A,H,-,A,A,0,,,,,Y,,A,01,1,0,0,0,0,0,0,0,0,"- ","- ",,,NEVADA,"GRASS VALLEY",-121.04724884033203,39.231281280517578
91650122,2021,2021-12-13,9230,2021-12-05,1050,018107,,7,1,9,2900,0,1,3,,1,071,SR-20,"SOUTH PONDEROSA WAY",2640.00,E,N,A,-,Y,,,20,,,,,,,Y,2,0,1,1,A,-,08,22107,,N,E,8,A,B,H,-,A,D,0,,,,,Y,,A,01,1,0,0,0,0,0,0,0,0,"- ","- ",39.209220886230469,-121.09050750732422,NEVADA,UNINCORPORATED,-121.09050750732422,39.209163665771484
91658669,2021,2021-12-22,9230,2021-12-20,1255,018691,,1,1,9,2900,0,1,3,,1,051,SR-20,"VALENCIA RD",528.00,E,N,A,-,Y,,,20,,,,,,,Y,2,0,1,1,A,-,01,23152,A,N,E,I,A,A,H,-,A,D,0,,,,,Y,Y,D,22,1,0,0,0,0,0,0,0,0,"- ","- ",39.323371887207031,-120.87947845458984,NEVADA,UNINCORPORATED,-120.87947845458984,39.323371887207031
91663138,2021,2021-12-28,9230,2021-12-11,1320,018107,,6,1,9,2900,0,1,3,,1,031,SR-49,"LITTLE VALLEY RD",9.00,N,N,A,-,Y,,,49,,,,,,,Y,2,0,2,1,A,-,08,22107,,N,F,A,A,A,H,-,A,D,0,,,Y,,Y,,C,02,2,0,0,0,0,0,0,0,2,"- ","- ",39.14794921875,-121.0684814453125,NEVADA,UNINCORPORATED,-121.06878662109375,39.148059844970703
91666354,2021,2021-12-30,9230,2021-11-07,0855,018107,,7,1,9,2900,0,1,3,,2,052,"STATE ROUTE 20","CONSERVATION ROAD",2025.00,E,N,A,-,Y,,,20,,,,,,,Y,1,1,0,1,A,-,08,22107,,N,E,8,A,B,H,-,A,D,0,,,,,Y,,A,01,0,0,0,0,0,0,0,0,0,"- ","- ",39.313339233398438,-120.90534973144531,NEVADA,UNINCORPORATED,-120.90534973144531,39.313339233398438
91680006,2022,2022-01-18,9230,2022-01-12,1613,020013,,3,2,9,2900,0,3,5,,2,070,"PENN VALLEY DR (18000 BLOCK)","EASY STREET",112.70,E,N,A,-,N,,,,,,,,,,N,2,0,1,2,A,-,11,21954,A,N,G,B,D,A,H,-,A,D,0,Y,,,,Y,,N,60,1,0,0,0,1,0,0,0,0,"- ","- ",39.201221466064453,-121.19129180908203,NEVADA,UNINCORPORATED,-121.19830322265625,39.202922821044922
91689153,2022,2022-01-31,9230,2022-01-22,2057,020059,,6,2,9,2900,0,1,3,,1,031,"STATE ROUTE 49","COMBIE ROAD",450.00,S,N,A,-,Y,NEV,,49,,,2.116,H,,R,N,2,0,4,1,A,-,08,22107,,N,F,A,A,A,H,-,C,D,0,,,,,Y,,A,07,1,3,0,0,0,0,0,0,0,"- ","- ",39.0413818359375,-121.09455108642578,NEVADA,UNINCORPORATED,-121.09471893310547,39.041397094726562
91705728,2022,2022-02-22,9230,2022-02-10,1655,018459,,4,2,9,2900,0,1,3,,1,031,SR-49,"WELLSWOOD WAY",0.00,,Y,A,-,Y,NEV,,49,,,11.691,H,,R,Y,2,0,1,2,A,-,09,21802,A,N,D,C,A,A,H,-,A,A,0,,,Y,,Y,,A,07,1,0,0,0,0,0,0,0,1,"- ","- ",39.173549652099609,-121.05409240722656,NEVADA,UNINCORPORATED,-121.05405426025391,39.173549652099609
91721897,2022,2022-03-14,9230,2022-02-22,1826,020013,,2,2,9,2900,0,2,4,,2,073,"ROUGH AND READY HWY","RIDGE ROAD",0.00,,Y,A,-,N,,,,,,,,,,N,2,0,1,2,A,-,09,21801,A,F,D,G,A,A,H,-,D,A,0,,Y,,,Y,,-,99,1,0,0,0,0,0,1,0,0,"- ","- ",39.228580474853516,-121.08518218994141,NEVADA,UNINCORPORATED,-121.085205078125,39.228595733642578
91721964,2022,2022-03-14,9230,2022-03-06,1402,019235,,7,2,9,2900,0,1,3,,1,061,"SR-49 S/B","SOUTH FORK YUBA RIVER BRIDGE",5280.00,N,N,A,-,Y,NEV,,49,,,23.052,H,,L,N,2,0,1,1,A,-,01,23152,A,N,F,A,A,A,H,-,A,A,0,,,Y,,Y,Y,C,02,1,0,0,0,0,0,0,0,1,"- ","- ",39.296821594238281,-121.10546875,NEVADA,UNINCORPORATED,-121.10543823242188,39.296852111816406
91722458,2022,2022-03-14,9230,2022-03-08,2130,018771,,2,2,9,2900,0,3,5,,2,050,"PASQUALE ROAD","CASCADE LOOP",79.00,N,N,A,-,N,,,,,,,,,,Y,2,0,1,1,A,-,01,23152,A,N,E,J,A,A,H,-,D,D,0,,,,,Y,Y,A,07,1,0,0,0,0,0,0,0,0,"- ","- ",39.264171600341797,-121.91100311279297,NEVADA,UNINCORPORATED,-120.91556549072266,39.264102935791016
91743081,2021,2022-04-07,9230,2021-10-16,2040,020411,,6,2,9,2900,0,3,5,,2,060,"STATE ROUTE 20","VALENCIA ROAD",490.00,E,N,A,-,Y,,,20,,,,,,,Y,1,1,0,1,A,-,01,23152,A,N,F,0,A,A,H,-,D,D,0,,,Y,,Y,Y,C,02,0,0,0,0,0,0,0,1,0,"- ","- ",39.323341369628906,-120.88011169433594,NEVADA,UNINCORPORATED,-120.88011169433594,39.323341369628906
91745016,2022,2022-04-11,9230,2022-03-26,1055,018107,,6,1,9,2900,0,3,5,,2,070,"LIVE OAK LN","OAK CANYON DRIVE",559.00,N,N,A,-,N,,,,,,,,,,Y,2,0,2,1,A,-,08,22107,,N,E,J,A,A,H,-,A,D,0,,,,,Y,,M,47,2,0,0,0,0,0,0,0,0,"- ","- ",39.198341369628906,-121.22933197021484,NEVADA,UNINCORPORATED,-121.23286437988281,39.198196411132812
91746028,2022,2022-04-12,9230,2022-03-21,1740,020013,,1,2,9,2900,0,3,5,,2,060,"TYLER FOOTE CROSSING ROAD","ANANDA WAY",1056.00,N,N,A,-,N,,,,,,,,,,Y,2,0,1,2,A,-,09,21804,A,N,E,I,A,A,H,-,A,D,0,,,,,Y,,A,07,1,0,0,0,0,0,0,0,0,"- ","- ",39.369529724121094,-121.04383850097656,NEVADA,UNINCORPORATED,-121.04306030273438,39.369590759277344
91749064,2022,2022-04-15,9230,2022-04-13,1900,020059,,3,2,9,2900,0,3,5,,2,040,"YOU BET ROAD","FIFIELD RD.",1500.00,E,N,C,-,N,,,,,,,,,,N,2,0,2,1,A,-,08,22107,,N,E,I,A,B,H,-,B,D,0,,,,,Y,,D,22,1,1,0,0,0,0,0,0,0,"- ","- ",39.185859680175781,-120.94304656982422,NEVADA,UNINCORPORATED,-120.943603515625,39.184974670410156
91754360,2022,2022-04-22,9230,2022-04-10,0327,019940,,7,3,9,2900,0,2,4,,2,073,"ROUGH AND READY HWY","WEST DR",102.00,E,N,A,-,N,,,,,,,,,,N,2,0,1,5,A,-,01,23152,A,N,E,E,A,A,H,-,C,D,0,,,Y,,Y,Y,A,01,1,0,0,0,0,0,0,0,0,"- ","- ",39.229351043701172,-121.10066986083984,NEVADA,UNINCORPORATED,-121.10060119628906,39.229457855224609
91764805,2022,2022-05-04,9230,2022-04-30,1110,018459,,6,1,9,2900,0,3,5,,2,030,"DUGGANS ROAD","KASZA WAY",170.00,S,N,A,-,N,,,,,,,,,,Y,2,0,1,2,A,-,08,22107,,N,E,I,A,A,H,-,A,D,0,,,,,Y,,D,22,1,0,0,0,0,0,0,0,0,"- ","- ",39.076148986816406,-121.11453247070312,NEVADA,UNINCORPORATED,-121.11447906494141,39.076152801513672
91804052,2022,2022-06-27,9230,2022-06-21,2252,020107,,2,3,9,2900,0,2,4,,2,073,"ROUGH AND READY HWY","RIDGE RD",565.00,W,N,A,-,N,,,,,,,,,,Y,2,0,2,1,A,-,01,23152,A,N,E,I,A,A,H,-,D,D,0,,,,,Y,Y,D,22,1,1,0,0,0,0,0,0,0,"- ","- ",39.228988647460938,-121.08718872070312,NEVADA,UNINCORPORATED,-121.08712005615234,39.228916168212891
91810703,2022,2022-07-05,9230,2022-07-03,1428,020059,,7,2,9,2900,0,3,5,,2,070,"ROUGH AND READY ROAD","OF OAK LN",60.00,W,N,A,-,N,,,,,,,,,,Y,2,0,1,1,A,-,08,22107,,N,E,I,A,A,H,-,A,D,0,,,,,Y,,A,07,1,0,0,0,0,0,0,0,0,"- ","- ",39.232368469238281,-121.17057800292969,NEVADA,UNINCORPORATED,-121.17047119140625,39.232398986816406
91812416,2022,2022-07-07,9230,2022-06-04,1830,020059,,6,2,9,2900,0,1,3,,1,051,"STATE ROUTE 20","CHALK BLUFF ROAD",1455.00,W,N,B,-,Y,NEV,,20,,,34.666,H,,R,Y,1,1,4,2,A,-,05,21460,A,N,A,C,A,B,H,-,A,D,0,,,,,Y,,A,01,3,1,0,0,0,0,0,0,0,"- ","- ",39.310131072998047,-120.76786041259766,NEVADA,UNINCORPORATED,-120.76785278320312,39.310142517089844
91822099,2022,2022-07-21,9230,2022-04-11,1303,018107,,1,1,9,2900,0,1,3,,1,031,SR-49,"YOUNG AMERICA MINE RD",208.00,S,N,C,G,Y,NEV,,49,,,11.273,H,,R,Y,1,1,2,3,C,-,18,,,N,H,J,A,B,H,-,A,D,0,,,,,Y,,-,"- ",1,0,1,0,0,0,0,0,0,"- ","- ",39.167808532714844,-121.05619812011719,NEVADA,UNINCORPORATED,-121.05621337890625,39.167816162109375
91828917,2021,2022-07-29,9221,2021-11-20,0441,018740,,6,3,9,2900,0,1,1,,2,387,"I-80 EASTBOUND","EAGLE LAKES RD",2851.00,W,N,A,-,Y,,,80,,,,,,E,Y,1,4,2,3,A,-,01,23153,A,N,A,C,A,A,H,-,D,D,0,,,,,Y,Y,A,07,2,0,0,0,0,0,0,0,0,"- ","- ",39.326229095458984,-120.57093048095703,NEVADA,UNINCORPORATED,-120.57135009765625,39.325607299804688
91829559,2022,2022-08-01,9230,2022-06-17,2025,020425,,5,2,9,2900,0,1,3,,1,051,SR-20,"STEEP HILL ROAD",12.00,W,N,A,-,Y,NEV,,20,,,20.307,H,,R,Y,2,0,1,1,A,-,01,23152,A,N,E,8,A,A,H,-,B,D,0,,,,,Y,Y,A,07,1,0,0,0,0,0,0,0,0,"- ","- ",39.280418395996094,-120.99797058105469,NEVADA,UNINCORPORATED,-120.99796295166016,39.280414581298828
91844256,2022,2022-08-19,9230,2022-07-29,1515,020425,,5,2,9,2900,0,3,5,,2,070,"PLEASANT VALLEY ROAD","SANCTUARY ROAD",3485.00,S,N,A,-,N,,,,,,,,,,Y,2,0,6,1,A,-,08,22107,,N,E,I,A,A,H,-,A,D,0,,,,,Y,,A,01,4,2,0,0,0,0,0,0,0,"- ","- ",39.283580780029297,-121.19172668457031,NEVADA,UNINCORPORATED,-121.19183349609375,39.282962799072266
91846000,2022,2022-08-22,9230,2022-08-20,1855,020411,,6,2,9,2900,0,3,5,,2,030,"DOG BAR ROAD","LORIE DRIVE",1470.00,S,N,A,-,N,,,,,,,,,,Y,2,0,1,1,A,-,01,23152,A,N,E,I,A,A,H,-,A,D,0,,,,,Y,Y,A,07,1,0,0,0,0,0,0,0,0,"- ","- ",39.146480560302734,-121.02877807617188,NEVADA,UNINCORPORATED,-121.02883148193359,39.146213531494141
91854379,2022,2022-08-31,9230,2022-08-27,1550,020032,,6,2,9,2900,0,3,5,,2,040,"LOWELL HILL RD","SWAMP ANGEL RD",1056.00,W,N,A,-,N,,,,,,,,,,N,2,0,1,1,A,-,03,22350,,N,E,I,A,A,G,-,A,D,0,,,Y,,Y,,C,06,1,0,0,0,0,0,0,0,1,"- ","- ",39.254688262939453,-120.80097198486328,NEVADA,UNINCORPORATED,-120.79823303222656,39.255184173583984
91860338,2022,2022-09-08,9230,2022-08-21,0210,020013,,7,3,9,2900,0,3,5,,2,030,"DOG BAR ROAD","LORIE DRIVE",1584.00,S,N,A,-,N,,,,,,,,,,N,2,0,1,1,A,-,01,23152,A,N,E,I,A,A,H,-,D,D,0,,,,,Y,Y,A,01,1,0,0,0,0,0,0,0,0,"- ","- ",39.144981384277344,-121.02938842773438,NEVADA,UNINCORPORATED,-121.02890014648438,39.146518707275391
91862331,2022,2022-09-12,9230,2022-08-30,1130,015944,,2,1,9,2900,0,1,3,,1,031,SR-49,"COMBIE RD",180.00,S,N,A,-,Y,NEV,,49,,,2.058,H,,R,Y,2,0,3,3,A,-,03,22350,,N,C,C,A,A,H,-,A,A,0,,,,Y,Y,,E,22,1,0,2,0,0,0,0,0,0,"- ","- ",39.040531158447266,-121.09474945068359,NEVADA,UNINCORPORATED,-121.0948486328125,39.040538787841797
91865827,2022,2022-09-15,9230,2022-08-21,1735,020411,,7,2,9,2900,0,3,5,,2,030,"COMBIE ROAD","CASCADE CROSSING ROAD",325.00,W,N,A,-,N,,,,,,,,,,Y,1,1,0,1,A,-,03,22350,,N,F,A,A,A,H,-,A,D,0,,,Y,,Y,,C,02,0,0,0,0,0,0,0,1,0,"- ","- ",39.043109893798828,-121.0882568359375,NEVADA,UNINCORPORATED,-121.08809661865234,39.043037414550781
91874255,2022,2022-09-27,9222,2022-09-19,2341,019233,,1,3,9,2900,0,1,1,,2,024,"I-80 E/B","FARAD U/C",300.00,E,N,C,-,Y,NEV,,80,,,29.633,H,,R,Y,2,0,2,3,A,-,03,22350,,N,D,2,E,B,H,-,D,D,0,Y,,,Y,Y,,A,07,1,1,0,0,1,0,0,0,0,"- ","- ",39.424251556396484,-120.03569030761719,NEVADA,UNINCORPORATED,-120.03575134277344,39.42425537109375
91874847,2022,2022-09-27,9222,2022-09-19,1740,017270,,1,2,9,2900,0,1,1,,2,024,"I-80 E/B",FLORISTON,9240.00,W,N,B,C,Y,NEV,,80,,,24.610,H,,R,Y,2,0,1,1,A,-,08,22107,,N,E,I,A,B,H,-,D,D,0,,,,Y,Y,,G,25,1,0,0,0,0,0,0,0,0,"- ","- ",39.370098114013672,-120.04879760742188,NEVADA,UNINCORPORATED,-120.04887390136719,39.370002746582031
91875661,2022,2022-09-28,9230,2022-09-14,0017,020013,,3,3,2,2901,0,1,3,,2,042,"SR-20 E/B TO IDAHO MARYLAND ROAD","IDAHO MARYLAND ROAD UNDER CROSSING",354.00,W,N,A,-,Y,NEV,,20,,R,13.549,H,,R,N,2,0,1,1,A,-,08,22107,,N,E,I,A,A,H,-,C,A,0,,,Y,,Y,,C,02,1,0,0,0,0,0,0,0,1,"- ","- ",39.221698760986328,-121.05162048339844,NEVADA,"GRASS VALLEY",-121.05171203613281,39.221752166748047
91875665,2022,2022-09-28,9230,2022-06-09,2252,020411,,4,3,9,2900,0,1,3,,1,061,"STATE ROUTE 49","READER RANCH ROAD",4259.00,S,N,A,-,Y,NEV,,49,,,23.052,H,,R,Y,1,1,0,2,A,-,01,23152,A,N,F,0,A,A,H,-,D,D,0,,,Y,,Y,Y,C,02,0,0,0,0,0,0,0,1,0,"- ","- ",39.296848297119141,-121.10545349121094,NEVADA,UNINCORPORATED,-121.10544586181641,39.296855926513672
91877189,2022,2022-09-29,9222,2022-09-19,0630,016340,,1,1,9,2900,0,1,1,,2,022,"INTERSTATE 80 EASTBOUND","BOREAL RIDGE ROAD",8923.00,E,N,B,C,Y,NEV,,80,,R,6.778,H,,R,Y,2,0,1,1,A,-,08,22107,,N,E,I,A,B,H,-,B,D,0,,,,Y,Y,,G,25,1,0,0,0,0,0,0,0,0,"- ","- ",39.341098785400391,-120.31920623779297,NEVADA,UNINCORPORATED,-120.31919097900391,39.340999603271484
91881536,2022,2022-10-04,9230,2022-09-28,1730,018691,,3,2,9,2900,0,1,3,,1,051,SR-20,"HARMONY RIDGE RD",3168.00,W,N,A,-,Y,NEV,,20,,,22.103,H,,R,Y,2,0,1,1,A,-,01,23152,A,N,E,I,A,A,H,-,A,D,0,,,,,Y,Y,D,22,1,0,0,0,0,0,0,0,0,"- ","- ",39.283859252929688,-120.96695709228516,NEVADA,UNINCORPORATED,-120.96699523925781,39.283882141113281