CASE_ID,ACCIDENT_YEAR,PROC_DATE,JURIS,COLLISION_DATE,COLLISION_TIME,OFFICER_ID,REPORTING_DISTRICT,DAY_OF_WEEK,CHP_SHIFT,POPULATION,CNTY_CITY_LOC,SPECIAL_COND,BEAT_TYPE,CHP_BEAT_TYPE,CITY_DIVISION_LAPD,CHP_BEAT_CLASS,BEAT_NUMBER,PRIMARY_RD,SECONDARY_RD,DISTANCE,DIRECTION,INTERSECTION,WEATHER_1,WEATHER_2,STATE_HWY_IND,CALTRANS_COUNTY,CALTRANS_DISTRICT,STATE_ROUTE,ROUTE_SUFFIX,POSTMILE_PREFIX,POSTMILE,LOCATION_TYPE,RAMP_INTERSECTION,SIDE_OF_HWY,TOW_AWAY,COLLISION_SEVERITY,NUMBER_KILLED,NUMBER_INJURED,PARTY_COUNT,PRIMARY_COLL_FACTOR,PCF_CODE_OF_VIOL,PCF_VIOL_CATEGORY,PCF_VIOLATION,PCF_VIOL_SUBSECTION,HIT_AND_RUN,TYPE_OF_COLLISION,MVIW,PED_ACTION,ROAD_SURFACE,ROAD_COND_1,ROAD_COND_2,LIGHTING,CONTROL_DEVICE,CHP_ROAD_TYPE,PEDESTRIAN_ACCIDENT,BICYCLE_ACCIDENT,MOTORCYCLE_ACCIDENT,TRUCK_ACCIDENT,NOT_PRIVATE_PROPERTY,ALCOHOL_INVOLVED,STWD_VEHTYPE_AT_FAULT,CHP_VEHTYPE_AT_FAULT,COUNT_SEVERE_INJ,COUNT_VISIBLE_INJ,COUNT_COMPLAINT_PAIN,COUNT_PED_KILLED,COUNT_PED_INJURED,COUNT_BICYCLIST_KILLED,COUNT_BICYCLIST_INJURED,COUNT_MC_KILLED,COUNT_MC_INJURED,PRIMARY_RAMP,SECONDARY_RAMP,LATITUDE,LONGITUDE,COUNTY,CITY,POINT_X,POINT_Y
91884237,2022,2022-10-06,9230,2022-09-25,1508,020425,,7,2,9,2900,0,1,3,,1,061,SR-49,"TYLER FOOTE ROAD",0.00,,Y,A,-,Y,NEV,,49,,R,25.673,H,,R,Y,2,0,1,2,A,-,12,22450,A,N,C,C,A,A,H,-,A,A,0,,,Y,,Y,,A,01,1,0,0,0,0,0,0,0,1,"- ","- ",39.3284912109375,-121.11106872558594,NEVADA,UNINCORPORATED,-121.11104583740234,39.328498840332031
91886212,2022,2022-10-10,9230,2022-10-03,2320,020059,,1,3,9,2900,0,3,5,,2,050,"BANNER QUAKER HILL ROAD","QUAKER HILL CROSS ROAD",500.00,W,N,A,-,N,,,,,,,,,,Y,2,0,1,1,A,-,08,22107,,N,E,I,A,A,H,-,D,D,0,,,,,Y,,A,07,1,0,0,0,0,0,0,0,0,"- ","- ",39.257701873779297,-120.93650054931641,NEVADA,UNINCORPORATED,-120.93553924560547,39.259838104248047
91897500,2022,2022-10-24,9230,2022-10-11,0610,015944,,2,1,9,2900,0,3,5,,2,050,"RED DOG RD","QUAKER HILL CROSS ROAD",50.00,S,N,A,-,N,,,,,,,,,,Y,2,0,1,1,A,-,08,22107,,N,E,I,A,A,H,-,D,D,0,,,,,Y,,A,01,1,0,0,0,0,0,0,0,0,"- ","- ",39.256221771240234,-120.96938323974609,NEVADA,UNINCORPORATED,-120.96961212158203,39.256210327148438
91913656,2022,2022-11-09,9230,2022-11-05,2030,020059,,6,2,9,2900,0,1,3,,1,051,"STATE ROUTE 20","HARMONY RIDGE RD",4224.00,W,N,C,-,Y,NEV,,20,,,21.407,H,,R,N,2,0,1,1,A,-,01,23152,A,M,F,A,A,B,H,-,D,D,0,,,,,Y,Y,A,07,1,0,0,0,0,0,0,0,0,"- ","- ",39.282600402832031,-120.9783935546875,NEVADA,UNINCORPORATED,-120.97836303710938,39.282619476318359
91929202,2022,2023-01-03,9230,2022-11-26,1045,020059,,6,1,9,2900,0,1,3,,1,031,"STATE ROUTE 49","LITTLE DEER DR",330.00,N,N,A,-,Y,NEV,,49,,,7.835,H,,R,Y,1,1,0,2,C,-,18,,,N,H,H,A,A,H,-,A,D,0,,,Y,,Y,,-,"- ",0,0,0,0,0,0,0,1,0,"- ","- ",39.122028350830078,-121.07866668701172,NEVADA,UNINCORPORATED,-121.07860565185547,39.122016906738281
91951535,2022,2022-12-23,9230,2022-12-18,1927,020411,,7,2,9,2900,0,3,5,,2,030,"MCCOURTNEY ROAD","METCALF RD",75.00,N,N,A,-,N,,,,,,,,,,Y,2,0,1,1,A,-,08,22107,,N,E,I,A,C,H,-,D,D,0,,,,,Y,,A,01,1,0,0,0,0,0,0,0,0,"- ","- ",39.112751007080078,-121.15025329589844,NEVADA,UNINCORPORATED,-121.1502685546875,39.112697601318359
91968143,2023,2023-01-13,9222,2023-01-05,"843 ",014397,,4,1,9,2900,0,1,1,,2,024,"I-80 W/B","HIRSCHDALE RD",1584.00,E,N,B,D,Y,NEV,,80," "," ",23.002,H,,L,N,2,0,1,3,A,-,03,22350,,N,B,C,E,C,H,-,A,D,0,Y,,,,Y,,D,22,1,0,0,0,1,0,0,0,0,"- ","- ",39.380470275878906,-120.07415771484375,NEVADA,UNINCORPORATED,-120.07411193847656,39.380516052246094
91969670,2022,2023-01-17,9230,2022-07-07,0446,019940,,4,3,9,2900,0,3,5,,2,070,"TYLER FOOTE ROAD","PURDON ROAD",2354.00,E,N,A,-,N,,,,,,,,,,Y,1,1,1,1,A,-,08,22107,,N,E,I,A,A,H,-,D,D,0,,,,,Y,,A,07,1,0,0,0,0,0,0,0,0,"- ","- ",39.358219146728516,-121.05729675292969,NEVADA,UNINCORPORATED,-121.06382751464844,39.3543701171875
91983528,2022,2023-01-31,9230,2022-11-10,2208,019940,,4,3,9,2900,0,2,4,,2,072,"ROUGH AND READY HWY","WEST DR",555.00,W,N,A,-,N,,,,,,,,,,Y,1,1,1,2,A,-,01,23152,G,N,C,2,A,A,H,-,C,D,0,,,Y,,Y,Y,D,22,0,1,0,0,0,0,0,1,0,"- ","- ",39.229579925537109,-121.10014343261719,NEVADA,UNINCORPORATED,-121.10282135009766,39.229507446289062
91991823,2023,2023-02-10,9230,2023-02-01,"810 ",015944,,3,1,9,2900,0,1,3,,1,071,SR-20,"PLEASANT VALLEY ROAD",60.00,E,N,A,-,Y,NEV,,20," ",R,4.676,H,,R,Y,2,0,3,3,A,-,03,22350,,N,C,C,A,A,H,-,A,A,0,,,,,Y,,A,07,1,2,0,0,0,0,0,0,0,"- ","- ",39.205371856689453,-121.20468139648438,NEVADA,UNINCORPORATED,-121.20465087890625,39.205329895019531
92022550,2023,2023-03-20,9221,2023-03-09,1540,017881,,4,2,9,2900,0,1,1,,2,387,"I-80 W/B","EAGLE LAKES RD",1314.00,W,N,D,-,Y,NEV,,80," ",R,61.908,H,,L,Y,2,0,4,2,A,-,03,22350,,N,D,C,A,C,E,-,A,A,0,,,,Y,Y,,D,23,1,3,0,0,0,0,0,0,0,"- ","- ",39.325271606445312,-120.56594085693359,NEVADA,UNINCORPORATED,-120.56589508056641,39.325305938720703
92030831,2023,2023-03-28,9222,2023-03-20,1400,018315,,1,2,9,2900,0,3,5,,2,020,"UNICORPORATED FOREST LAND","WESTBOUND I-80",7920.00,N,N,A,-,N,,,,,,,,,,N,2,0,1,1,B,-,22,,,N,H,A,A,C,H,-,A,D,0,,,,,Y,,M,95,1,0,0,0,0,0,0,0,0,"- ","- ",39.203701019287109,-120.182373046875,NEVADA,UNINCORPORATED,,
92031682,2023,2023-03-29,9230,2023-03-15,1140,017889,,3,1,9,2900,0,3,5,,2,050,"SCOTTS VALLEY RD","WILLOW CREEK LN",220.00,W,N,A,-,N,,,,,,,,,,Y,2,0,2,1,A,-,03,22350,,N,E,8,A,A,E,-,A,D,0,,,,,Y,,D,22,1,1,0,0,0,0,0,0,0,"- ","- ",39.274219512939453,-120.97248840332031,NEVADA,UNINCORPORATED,-120.97612762451172,39.273857116699219
92040206,2023,2023-04-10,9230,2023-03-28,1525,020059,,2,2,9,2900,0,3,5,,2,030,"ALTA SIERRA DRIVE","BALL ROAD",150.00,S,N,D,-,N,,,,,,,,,,Y,2,0,2,1,A,-,01,23152,A,N,F,A,A,C,H,-,A,D,0,,,,,Y,Y,A,07,1,1,0,0,0,0,0,0,0,"- ","- ",39.144889831542969,-121.06141662597656,NEVADA,UNINCORPORATED,-121.06216430664062,39.145118713378906
92046080,2023,2023-04-17,9230,2023-04-01,2316,020013,,6,3,9,2900,0,1,3,,2,032,"SR 49 S/B","MCKNIGHT WAY",2112.00,N,N,A,-,Y,NEV,,49," ",R,14.083,H,,L,N,2,0,1,1,A,-,08,22107,,N,E,I,A,A,H,-,C,A,0,,,,,Y,,-,"- ",1,0,0,0,0,0,0,0,0,"- ","- ",39.204799652099609,-121.06491851806641,NEVADA,UNINCORPORATED,-121.06491088867188,39.204807281494141
92049492,2023,2023-04-20,9230,2023-03-26,1512,019940,,7,2,2,2901,0,1,3,,2,032,"SR-49 S/B",SR-20,2306.00,S,N,A,-,Y,NEV,,49," ",R,14.063,H,,L,Y,1,1,1,1,A,-,01,23152,A,N,E,I,A,A,H,-,A,D,0,,,,,Y,Y,A,01,1,0,0,0,0,0,0,0,0,"- ","- ",39.204559326171875,-121.06471252441406,NEVADA,"GRASS VALLEY",-121.06465911865234,39.204593658447266
92049908,2023,2025-03-20,9230,2023-03-27,1507,020059,,1,2,9,2900,0,2,4,,1,043,"BRUNSWICK ROAD","STATE ROUTE 174",0.00,,Y,A,-,Y,NEV,,174," "," ",6.827,H,,R,Y,1,1,1,2,A,-,01,23152,A,N,D,2,A,A,H,-,A,A,0,,,,,Y,Y,D,22,0,1,0,0,0,0,0,0,0,"- ","- ",39.198200225830078,-121.01090240478516,NEVADA,UNINCORPORATED,-121.01103973388672,39.198123931884766
92058287,2023,2023-05-01,9222,2023-04-20,1105,014397,,4,1,3,2908,0,1,1,,2,024,"I-80 W/B TO HIRSCHDALE RD","HIRSCHDALE RD",205.00,S,N,A,-,Y,,,,,,,,,,Y,2,0,1,1,A,-,03,22350,,N,E,I,A,A,H,-,A,A,0,,,,,Y,,M,47,1,0,0,0,0,0,0,0,0,"- ","- ",39.38446044921875,-120.08585357666016,NEVADA,TRUCKEE,-120.08585357666016,39.38446044921875
92061534,2023,2023-05-04,9230,2023-01-30,1751,020013,,1,2,9,2900,0,2,4,,2,073,"ROUGH AND READY HWY","SQUIRREL CREEK RD",453.00,W,N,A,-,N,,,,,,,,,,N,1,1,1,2,A,-,05,21460,A,N,A,C,A,A,H,-,C,D,0,,,,,Y,,A,01,1,0,0,0,0,0,0,0,0,"- ","- ",39.224178314208984,-121.07669067382812,NEVADA,UNINCORPORATED,-121.07640075683594,39.224044799804688
92063747,2023,2023-05-08,9230,2023-04-26,1009,016426,,3,1,9,2900,0,1,3,,1,071,SR-20,"ROUGH AND READY HWY",1500.00,E,N,A,-,Y,NEV,,20," ",R,7.037,H,,R,Y,2,0,2,4,A,-,03,22350,,N,C,C,A,A,C,-,A,D,0,,,Y,,Y,,D,22,1,0,1,0,0,0,0,0,1,"- ","- ",39.204608917236328,-121.16169738769531,NEVADA,UNINCORPORATED,-121.16168975830078,39.20458984375
92070206,2023,2023-05-16,9222,2023-05-04,1435,017550,,4,2,9,2900,0,1,1,,2,024,"I-80 W/B","I-80 W/B HIRSCHDALE OFF",2950.00,E,N,C,D,Y,NEV,,80," "," ",22.978,H,,L,Y,2,0,6,1,A,-,08,22107,,N,F,A,A,B,H,-,A,D,0,,,,,Y,,A,07,2,4,0,0,0,0,0,0,0,"- ","- ",39.380771636962891,-120.07444763183594,NEVADA,UNINCORPORATED,-120.07448577880859,39.3807373046875
92070969,2023,2023-05-17,9230,2023-05-09,"540 ",016426,,2,3,9,2900,0,1,3,,1,071,SR-20,"SOUTH PONDEROSA WAY",4070.00,E,N,A,-,Y,NEV,,20," ",R,10.918,H,,R,Y,2,0,2,2,A,-,09,21804,A,N,D,C,A,A,H,-,B,D,0,,,Y,,Y,,A,01,1,1,0,0,0,0,0,0,1,"- ","- ",39.208580017089844,-121.092529296875,NEVADA,UNINCORPORATED,-121.09260559082031,39.208797454833984
92076169,2023,2023-05-24,9230,2023-05-12,1415,020425,,5,2,9,2900,0,1,3,,1,051,SR-20,"LOWELL HILL ROAD",5966.00,E,N,A,-,Y,NEV,,20," "," ",39.543,H,,R,Y,2,0,1,1,A,-,08,22107,,N,F,8,A,A,H,-,A,D,0,,,,,Y,,D,22,1,0,0,0,0,0,0,0,0,"- ","- ",39.304859161376953,-120.70845031738281,NEVADA,UNINCORPORATED,-120.70848083496094,39.304885864257812
92079220,2023,2023-05-26,9222,2023-05-18,2159,020259,,4,2,9,2900,0,1,1,,2,023,"I80 E/B","HIRSCHDALE RD",0.00,,Y,A,-,Y,,,,,,,,,,Y,2,0,2,1,A,-,03,22350,,N,E,8,A,A,H,-,D,A,0,,,,Y,Y,,G,25,2,0,0,0,0,0,0,0,0,"- ","- ",39.383579254150391,-120.08249664306641,NEVADA,UNINCORPORATED,-120.08293151855469,39.383926391601562
92082180,2023,2023-05-31,9230,2023-05-28,1835,020059,,7,2,9,2900,0,1,3,,2,052,"STATE ROUTE 20","PINE FLAT ROAD",2132.00,E,N,A,-,Y,NEV,,20," "," ",24.252,H,,R,Y,2,0,1,2,A,-,05,21460,A,N,A,C,A,A,H,-,A,D,0,,,,,Y,,A,01,1,0,0,0,0,0,0,0,0,"- ","- ",39.293819427490234,-120.93044281005859,NEVADA,UNINCORPORATED,-120.93044281005859,39.2938232421875
92083456,2023,2023-06-01,9222,2023-05-28,1605,017550,,7,2,9,2900,0,3,5,,2,020,"STAMPEDE MEADOWS RD","BOYINGTON MILL CAMPGROUND",915.00,N,N,B,C,N,,,,,,,,,,Y,2,0,1,1,A,-,01,23152,A,N,E,I,A,B,H,-,A,D,0,,,,,Y,Y,A,07,1,0,0,0,0,0,0,0,0,"- ","- ",39.438529968261719,-120.09190368652344,NEVADA,UNINCORPORATED,,
92097769,2023,2023-06-20,9230,2023-06-16,2034,020447,,5,2,9,2900,0,1,3,,1,051,SR-20,"LOWELL HILL RD",4412.00,E,N,A,-,Y,NEV,,20," "," ",39.275,H,,R,Y,2,0,1,2,A,-,05,21460,A,N,B,C,A,A,H,-,B,D,0,,,,,Y,,D,22,1,0,0,0,0,0,0,0,0,"- ","- ",39.304080963134766,-120.71312713623047,NEVADA,UNINCORPORATED,-120.71312713623047,39.304073333740234
92101992,2023,2023-06-26,9230,2023-05-02,1213,015944,,2,1,9,2900,0,1,3,,1,031,"STATE ROUTE 49","CAMEO DRIVE",310.00,S,N,B,-,Y,NEV,,49," "," ",2.650,H,,R,Y,1,2,1,1,A,-,08,22107,,N,E,I,A,A,H,-,A,D,0,,,,,Y,,D,22,1,0,0,0,0,0,0,0,0,"- ","- ",39.048980712890625,-121.09371185302734,NEVADA,UNINCORPORATED,-121.09387969970703,39.048992156982422
92121957,2023,2023-07-20,9222,2023-07-13,2500,020259,,4,4,9,2900,0,3,5,,2,020,"DONNER PASS ROAD","SUGAR BOWL ROAD",3000.00,W,N,A,-,N,,,,,,,,,,Y,2,0,1,1,A,-,08,22107,,M,E,I,A,A,H,-,C,D,0,,,,,Y,,D,22,1,0,0,0,0,0,0,0,0,"- ","- ",39.313739776611328,-120.33885192871094,NEVADA,UNINCORPORATED,-120.33882141113281,39.313793182373047
92136250,2023,2023-08-04,9230,2023-07-25,"800 ",016426,,2,1,2,2901,0,1,3,,2,042,"SR-20 EASTBOUND","W. EMPIRE ST",0.00,,Y,A,-,Y,,,,,,,,,,N,2,0,1,2,A,-,11,21950,B,N,G,B,B,A,H,-,A,B,0,Y,,,,Y,,N,60,1,0,0,0,1,0,0,0,0,"- ","- ",39.209678649902344,-121.06761932373047,NEVADA,"GRASS VALLEY",-121.06877136230469,39.209697723388672
92136367,2023,2023-08-04,9230,2023-07-12,1300,017889,,3,1,2,2901,0,1,3,,2,042,"SR-20 E/B","DORSEY DRIVE OFF-RAMP",312.00,E,N,A,-,Y,NEV,,20," ",R,14.023,H,,R,Y,2,0,3,3,A,-,03,22350,,N,C,C,A,A,H,-,A,D,0,,,,,Y,,-,"- ",1,1,1,0,0,0,0,0,0,"- ","- ",39.226898193359375,-121.04609680175781,NEVADA,"GRASS VALLEY",-121.04609680175781,39.226902008056641
92141241,2023,2023-08-10,9230,2023-07-11,1209,018107,,2,1,9,2900,0,1,3,,1,031,SR-49,"CHERRY CREEK RD",231.00,S,N,A,-,Y,NEV,,49," "," ",5.748,H,,R,Y,2,0,2,2,A,-,08,22107,,N,A,C,A,A,H,-,A,D,0,,,,,Y,,A,07,1,1,0,0,0,0,0,0,0,"- ","- ",39.092941284179688,-121.08563995361328,NEVADA,UNINCORPORATED,-121.08566284179688,39.092941284179688
92156173,2023,2023-08-28,9222,2023-08-21,"631 ",017091,,1,1,3,2908,0,1,1,,2,023,"INTERSTATE 80 WESTBOUND","OVERLAND TRAIL ROAD",8712.00,E,N,B,C,Y,NEV,,80," "," ",19.903,H,,L,Y,2,0,2,1,A,-,03,22350,,N,E,I,A,B,H,-,B,D,0,,,,,Y,,D,22,1,1,0,0,0,0,0,0,0,"- ","- ",39.363861083984375,-120.11927795410156,NEVADA,TRUCKEE,-120.11930847167969,39.363990783691406
92157153,2023,2023-08-29,9230,2023-08-18,1800,020059,,5,2,9,2900,0,3,5,,2,040,"LOMA RICA DR","GRASS VALLEY AVE",0.00,,Y,A,-,N,,,,,,,,,,Y,2,0,2,2,A,-,12,22450,A,N,D,C,A,A,H,-,A,A,0,,,,,Y,,A,01,1,1,0,0,0,0,0,0,0,"- ","- ",39.221210479736328,-121.01252746582031,NEVADA,UNINCORPORATED,-121.01256561279297,39.221206665039062
92157184,2023,2023-08-29,9230,2023-08-04,1705,020107,,5,2,9,2900,0,1,3,,1,061,SR-49,"SOUTH YUBA RIVER BRIDGE",200.00,S,N,A,-,Y,NEV,,49," "," ",21.767,H,,R,N,2,0,1,2,A,-,10,21954,B,N,G,B,E,A,H,-,A,D,0,Y,,,,Y,Y,-,"- ",1,0,0,0,1,0,0,0,0,"- ","- ",39.296279907226562,-121.09200286865234,NEVADA,UNINCORPORATED,-121.09200286865234,39.296283721923828
92159152,2023,2023-08-31,9230,2023-08-26,1650,020447,,6,2,9,2900,0,3,5,,2,070,"PLEASANT VALLEY RD","COMMERCIAL AVE",0.00,,Y,A,-,N,,,,,,,,,,Y,2,0,1,2,A,-,09,21802,A,N,D,C,A,A,H,-,A,A,0,,,Y,,Y,,A,01,1,0,0,0,0,0,0,0,1,"- ","- ",39.206680297851562,-121.20484924316406,NEVADA,UNINCORPORATED,-121.20487213134766,39.206680297851562
92170711,2023,2023-09-15,9230,2023-09-08,"925 ",018691,,5,1,9,2900,0,3,5,,2,040,"LOWELL HILL RD","MULE SPRING RD",3168.00,W,N,A,-,N,,,,,,,,,,N,2,0,1,1,C,-,18,,,N,F,A,A,A,A,-,A,D,0,,,Y,,Y,,-,"- ",1,0,0,0,0,0,0,0,1,"- ","- ",39.242618560791016,-120.81900787353516,NEVADA,UNINCORPORATED,-120.819091796875,39.242580413818359
92187552,2023,2023-10-02,9230,2023-09-24,"208 ",020107,,7,3,2,2901,0,1,3,,1,071,SR-20,"BRIGHTON ST",100.00,W,N,A,-,Y,NEV,,20," ",R,11.788,H,,R,N,2,0,1,2,A,-,11,21954,A,F,G,B,E,A,H,-,D,D,0,Y,,,,Y,,N,60,1,0,0,0,1,0,0,0,0,"- ","- ",39.209781646728516,-121.07662963867188,NEVADA,"GRASS VALLEY",-121.07659149169922,39.209659576416016
92193356,2023,2023-10-06,9222,2023-10-05,1305,021995,,4,1,9,2900,0,1,1,,2,024,"I-80 W/B","FARAD ROAD",2700.00,E,N,A,-,Y,NEV,,80," "," ",30.056,H,,L,Y,2,0,1,1,A,-,03,22350,,N,E,I,A,A,H,-,A,D,0,,,Y,,Y,,C,02,1,0,0,0,0,0,0,0,1,"- ","- ",39.429908752441406,-120.03392028808594,NEVADA,UNINCORPORATED,-120.03378295898438,39.429878234863281
92195140,2023,2023-12-05,9230,2023-10-07,1348,020308,,6,1,9,2900,0,3,5,,2,070,"LAKE WILDWOOD DR.","PLEASANT VALLEY RD",0.00,,Y,A,-,N,,,,,,,,,,N,1,1,0,1,A,-,08,22107,,N,F,A,A,A,H,-,A,D,0,,Y,,,Y,,M,91,0,0,0,0,0,1,0,0,0,"- ","- ",39.22344970703125,-121.20378112792969,NEVADA,UNINCORPORATED,-121.20391082763672,39.223583221435547
92195498,2023,2023-10-10,9230,2023-10-01,1950,020059,,7,2,9,2900,0,3,5,,2,040,"E. EMPIRE STREET","EMPIRE MOUNTAIN RD.",530.00,E,N,A,-,N,,,,,,,,,,Y,2,0,1,1,A,-,01,23152,A,M,E,8,A,A,H,-,D,D,0,,,,,Y,Y,A,07,1,0,0,0,0,0,0,0,0,"- ","- ",39.209228515625,-121.04958343505859,NEVADA,UNINCORPORATED,-121.05020141601562,39.209014892578125
92205038,2023,2023-10-20,9230,2023-10-12,1730,020411,,4,2,9,2900,0,3,5,,2,030,"LA BARR MEADOWS RD","FOUR SEASONS TRL",300.00,N,N,A,-,N,,,,,,,,,,N,2,0,1,2,A,-,08,22107,,N,F,A,A,A,H,-,A,D,0,,,Y,,Y,,C,03,1,0,0,0,0,0,0,0,1,"- ","- ",39.177421569824219,-121.04643249511719,NEVADA,UNINCORPORATED,-121.04643249511719,39.177566528320312
92224599,2023,2023-10-31,9230,2023-07-23,2500,017889,,7,4,9,2900,0,1,3,,1,051,SR-20,"MPM 20 NEV 30.44",191.00,E,N,A,-,Y,NEV,,20," "," ",30.455,H,,R,Y,1,1,0,1,A,-,01,23152,F,N,E,I,A,A,D,-,A,A,0,,,Y,,Y,,C,02,0,0,0,0,0,0,0,1,0,"- ","- ",39.323978424072266,-120.83228302001953,NEVADA,UNINCORPORATED,-120.83231353759766,39.323928833007812
92224773,2023,2023-11-01,9230,2023-10-24,1850,017539,,2,2,9,2900,0,1,3,,1,031,SR-49,"SMITH ROAD",1100.00,S,N,A,-,Y,NEV,,49," "," ",12.375,H,,R,Y,2,0,3,2,A,-,09,21801,A,N,A,C,A,A,H,-,D,A,0,,,,,Y,,A,01,1,2,0,0,0,0,0,0,0,"- ","- ",39.18328857421875,-121.0526123046875,NEVADA,UNINCORPORATED,-121.05256652832031,39.183284759521484
92236777,2023,2023-11-15,9230,2023-11-08,2105,019940,,3,2,9,2900,0,1,3,,1,061,SR-49,"SWEETLAND RD",1315.00,S,N,A,-,Y,NEV,,49," "," ",27.788,H,,R,Y,2,0,1,1,A,-,01,23152,A,N,E,I,A,A,H,-,D,D,0,,,,,Y,Y,A,07,1,0,0,0,0,0,0,0,0,"- ","- ",39.346969604492188,-121.12196350097656,NEVADA,UNINCORPORATED,-121.12200164794922,39.346942901611328
92244953,2023,2023-11-27,9230,2023-11-18,1627,020447,,6,2,2,2902,0,1,3,,2,052,"SR-20 E/B","GOLD FLAT RD",1720.00,E,N,B,C,Y,NEV,,20," ",R,16.243,H,,R,Y,2,0,2,1,A,-,03,22350,,N,E,I,A,B,H,-,B,D,0,,,,,Y,,A,01,1,1,0,0,0,0,0,0,0,"- ","- ",39.252368927001953,-121.02169799804688,NEVADA,"NEVADA CITY",-121.02171325683594,39.252376556396484
92251709,2023,2023-12-04,9230,2023-11-21,"435 ",018771,,2,3,9,2900,0,1,3,,1,051,SR-20,"LOWELL HILL ROAD",2640.00,E,N,A,-,Y,NEV,,20," "," ",39.477,H,,R,Y,2,0,2,2,A,-,05,21460,A,N,A,C,A,A,H,-,D,D,0,,,,,Y,,A,01,1,1,0,0,0,0,0,0,0,"- ","- ",39.304340362548828,-120.70947265625,NEVADA,UNINCORPORATED,-120.70941162109375,39.304264068603516
92252078,2023,2023-12-04,9230,2023-11-22,"950 ",015944,,3,1,9,2900,0,1,3,,1,061,SR-49,"SUN SHADOW CIR",425.00,N,N,A,-,Y,NEV,,49," "," ",19.708,H,,R,Y,2,0,1,1,A,-,08,22107,,N,E,I,A,B,H,-,A,D,0,,,,,Y,,-,"- ",1,0,0,0,0,0,0,0,0,"- ","- ",39.278018951416016,-121.09249877929688,NEVADA,UNINCORPORATED,-121.09248352050781,39.278003692626953
92253027,2023,2023-12-05,9230,2023-11-27,2010,020308,,1,2,2,2902,0,1,3,,2,052,"SR-20 W/B","BANNER LAVA CAP RD",395.00,E,N,A,-,Y,NEV,,20," ",R,15.483,H,,L,N,2,0,2,1,A,-,08,22107,,N,E,I,A,A,H,-,D,D,0,,,,,Y,,A,01,1,1,0,0,0,0,0,0,0,"- ","- ",39.243728637695312,-121.03011322021484,NEVADA,"NEVADA CITY",-121.03005218505859,39.243671417236328
92277037,2023,2024-01-02,9230,2023-12-30,2215,020447,,6,3,9,2900,0,3,5,,2,030,"LIME KILN ROAD","DOOLITTLE RD",45.00,W,N,B,-,N,,,,,,,,,,Y,2,0,1,1,A,-,01,23152,A,N,E,8,A,B,H,-,D,D,0,,,,,Y,Y,A,01,1,0,0,0,0,0,0,0,0,"- ","- ",39.098350524902344,-121.14951324462891,NEVADA,UNINCORPORATED,-121.14947509765625,39.098239898681641
92287625,2023,2024-05-23,9230,2023-12-30,2050,020425,,6,2,2,2902,0,1,3,,2,052,SR-20,"SACRAMENTO STREET",2104.00,W,N,A,-,Y,NEV,,20," ",R,16.351,H,,R,Y,2,0,1,1,A,-,08,22107,,N,E,8,A,B,H,-,D,D,0,,,,,Y,,D,22,1,0,0,0,0,0,0,0,0,"- ","- ",39.253799438476562,-121.02082824707031,NEVADA,"NEVADA CITY",-121.02075958251953,39.253772735595703
92293191,2024,2024-01-29,9230,2024-01-11,"605 ",018691,,4,1,9,2900,0,1,3,,1,031,SR-49,"AUBURN ROAD",500.00,N,N,A,-,Y,NEV,,49," "," ",8.191,H,,R,Y,2,0,1,2,A,-,03,22350,,N,A,C,A,C,H,-,C,D,0,,,,,Y,,D,22,1,0,0,0,0,0,0,0,0,"- ","- ",39.127399444580078,-121.07691192626953,NEVADA,UNINCORPORATED,-121.07686614990234,39.12738037109375