CASE_ID,ACCIDENT_YEAR,PROC_DATE,JURIS,COLLISION_DATE,COLLISION_TIME,OFFICER_ID,REPORTING_DISTRICT,DAY_OF_WEEK,CHP_SHIFT,POPULATION,CNTY_CITY_LOC,SPECIAL_COND,BEAT_TYPE,CHP_BEAT_TYPE,CITY_DIVISION_LAPD,CHP_BEAT_CLASS,BEAT_NUMBER,PRIMARY_RD,SECONDARY_RD,DISTANCE,DIRECTION,INTERSECTION,WEATHER_1,WEATHER_2,STATE_HWY_IND,CALTRANS_COUNTY,CALTRANS_DISTRICT,STATE_ROUTE,ROUTE_SUFFIX,POSTMILE_PREFIX,POSTMILE,LOCATION_TYPE,RAMP_INTERSECTION,SIDE_OF_HWY,TOW_AWAY,COLLISION_SEVERITY,NUMBER_KILLED,NUMBER_INJURED,PARTY_COUNT,PRIMARY_COLL_FACTOR,PCF_CODE_OF_VIOL,PCF_VIOL_CATEGORY,PCF_VIOLATION,PCF_VIOL_SUBSECTION,HIT_AND_RUN,TYPE_OF_COLLISION,MVIW,PED_ACTION,ROAD_SURFACE,ROAD_COND_1,ROAD_COND_2,LIGHTING,CONTROL_DEVICE,CHP_ROAD_TYPE,PEDESTRIAN_ACCIDENT,BICYCLE_ACCIDENT,MOTORCYCLE_ACCIDENT,TRUCK_ACCIDENT,NOT_PRIVATE_PROPERTY,ALCOHOL_INVOLVED,STWD_VEHTYPE_AT_FAULT,CHP_VEHTYPE_AT_FAULT,COUNT_SEVERE_INJ,COUNT_VISIBLE_INJ,COUNT_COMPLAINT_PAIN,COUNT_PED_KILLED,COUNT_PED_INJURED,COUNT_BICYCLIST_KILLED,COUNT_BICYCLIST_INJURED,COUNT_MC_KILLED,COUNT_MC_INJURED,PRIMARY_RAMP,SECONDARY_RAMP,LATITUDE,LONGITUDE,COUNTY,CITY,POINT_X,POINT_Y
92315100,2024,2024-02-15,9230,2024-02-09,"643 ",017539,,5,1,9,2900,0,3,5,,2,040,"GREENHORN ROAD","VINCENT COURT",30.00,W,N,A,-,N,,,,,,,,,,Y,2,0,1,1,A,-,03,22350,,N,E,I,A,C,H,-,B,D,0,,,,,Y,,A,01,1,0,0,0,0,0,0,0,0,"- ","- ",39.217281341552734,-121.00151824951172,NEVADA,UNINCORPORATED,-121.0015869140625,39.217292785644531
92320641,2024,2024-02-22,9222,2024-02-14,"910 ",020136,,3,1,9,2900,0,1,1,,2,022,"I-80 E/B","BOREAL RIDGE ROAD",8976.00,E,N,B,D,Y,NEV,,80," ",R,6.788,H,,R,Y,2,0,2,2,A,-,03,22350,,N,C,2,A,C,H,-,A,A,0,,,,Y,Y,,A,07,2,0,0,0,0,0,0,0,0,"- ","- ",39.341129302978516,-120.31903076171875,NEVADA,UNINCORPORATED,-120.31900787353516,39.341026306152344
92346005,2024,2024-03-25,9230,2024-03-15,2120,020447,,5,2,9,2900,0,2,4,,2,073,"ROUGH AND READY HWY","EAST DRIVE",435.00,W,N,A,-,Y,,,,,,,,,,Y,2,0,2,2,A,-,05,21460,A,F,A,C,A,A,H,-,D,D,0,,,,,Y,,A,07,1,1,0,0,0,0,0,0,0,"- ","- ",39.229469299316406,-121.09837341308594,NEVADA,UNINCORPORATED,-121.09828948974609,39.229461669921875
92352295,2024,2024-08-27,9230,2024-03-24,"723 ",017539,,7,1,9,2900,0,1,3,,1,051,SR-20,"EXCELSIOR POINT ROAD",2455.00,E,N,B,D,Y,,,,,,,,,,Y,2,0,5,2,A,-,03,22350,,N,A,C,A,C,G,-,B,A,0,,,,,Y,,D,22,2,1,2,0,0,0,0,0,0,"- ","- ",39.313579559326172,-120.71634674072266,NEVADA,UNINCORPORATED,-120.71619415283203,39.313972473144531
92376133,2024,2024-04-26,9230,2024-04-21,1630,018691,,7,2,9,2900,0,3,5,,2,070,"TYLER FOOTE RD","OAK TREE RD",2310.00,W,N,A,-,N,,,,,,,,,,Y,2,0,2,2,A,-,05,21460,A,N,D,C,A,A,H,-,A,D,0,,,,,Y,,D,22,1,1,0,0,0,0,0,0,0,"- ","- ",39.349720001220703,-121.06810760498047,NEVADA,UNINCORPORATED,-121.06803131103516,39.34979248046875
92382341,2024,2024-05-06,9230,2024-04-20,1952,020411,,6,2,9,2900,0,1,3,,1,031,SR-49,"PINGREE ROAD",135.00,N,N,A,-,Y,NEV,,49," "," ",9.579,H,,R,Y,2,0,2,1,A,-,01,23152,A,N,E,8,A,A,H,-,B,A,0,,,,,Y,Y,A,01,1,1,0,0,0,0,0,0,0,"- ","- ",39.146209716796875,-121.06960296630859,NEVADA,UNINCORPORATED,-121.06948089599609,39.146183013916016
92383039,2024,2024-05-06,9230,2024-05-03,1630,020308,,5,2,9,2900,0,3,5,,2,030,"POLARIS DR","MCCOURTNEY RD",1130.00,S,N,A,-,N,,,,,,,,,,N,2,0,1,1,A,-,08,22107,,N,F,A,A,A,H,-,A,D,0,,Y,,,Y,,M,91,1,0,0,0,0,0,1,0,0,"- ","- ",39.198509216308594,-121.08857727050781,NEVADA,UNINCORPORATED,-121.08847045898438,39.198585510253906
92402577,2024,2024-05-30,9230,2024-05-11,"245 ",020411,,6,3,9,2900,0,1,3,,1,071,SR-20,"BRIGHTON STREET",3848.00,W,N,A,-,Y,NEV,,20," ",R,11.085,H,,R,Y,1,1,1,1,A,-,08,22107,,N,E,8,A,A,H,-,D,D,0,,,,,Y,,A,01,1,0,0,0,0,0,0,0,0,"- ","- ",39.209251403808594,-121.08953094482422,NEVADA,UNINCORPORATED,-121.08953094482422,39.209228515625
92405301,2024,2024-06-04,9230,2024-05-24,1307,020013,,5,1,9,2900,0,1,3,,1,071,"RT 20","THE BRIGHTON STREET OVERCROSSING",3000.00,W,N,A,-,Y,NEV,,20," ",R,11.260,H,,R,N,2,0,3,2,A,-,09,21804,A,N,D,C,A,A,H,-,A,D,0,,,,,Y,,A,07,2,1,0,0,0,0,0,0,0,"- ","- ",39.208999633789062,-121.08628845214844,NEVADA,UNINCORPORATED,-121.08629608154297,39.208988189697266
92430312,2024,2024-07-03,9222,2024-06-26,1705,017550,,3,2,3,2908,0,1,1,,2,023,"I-80 W/B","HIRSCHDALE RD.",5280.00,W,N,A,-,Y,NEV,,80," "," ",21.109,H,,L,Y,2,0,1,1,A,-,01,23152,A,N,E,I,A,A,H,-,A,D,0,,,,,Y,Y,A,07,1,0,0,0,0,0,0,0,0,"- ","- ",39.376129150390625,-120.10472106933594,NEVADA,TRUCKEE,-120.10478973388672,39.376186370849609
92439542,2024,2024-07-15,9230,2024-07-11,1835,020447,,4,2,9,2900,0,1,3,,1,071,SR-20,"SOUTH PONDEROSA WAY",2275.00,E,N,A,-,Y,NEV,,20," ",R,10.526,H,,R,Y,2,0,1,2,A,-,09,21804,A,N,D,C,A,A,H,-,A,D,0,,,,,Y,,A,01,1,0,0,0,0,0,0,0,0,"- ","- ",39.207340240478516,-121.09969329833984,NEVADA,UNINCORPORATED,-121.09968566894531,39.207332611083984
9296448,2021,2021-09-02,2908,2021-07-13,1814,6608,,2,5,3,2908,0,0,0,,0,013,"BRIDGE ST","WEST RIVER ST",0.00,,Y,A,-,N,,,,,,,,,,N,2,0,1,2,A,-,08,22107,,N,D,G,A,A,H,-,A,D,0,,Y,,,Y,,-,,1,0,0,0,0,0,1,0,0,"- ","- ",,,NEVADA,TRUCKEE,-120.18370819091797,39.327373504638672
93394854,2024,2024-08-02,9230,2024-07-24,2055,018771,,3,2,9,2900,0,1,3,,1,041,SR-174,"LIVE OAK LN",6.00,N,N,A,-,Y,NEV,,174," "," ",6.499,H,,R,Y,2,0,2,2,A,-,01,23153,A,N,D,C,A,A,H,-,D,A,0,,,,,Y,Y,D,22,2,0,0,0,0,0,0,0,0,"- ","- ",39.193649291992188,-121.00914764404297,NEVADA,UNINCORPORATED,-121.00920104980469,39.193611145019531
9350921,2021,2021-12-02,2908,2021-09-25,1211,6594,,6,5,3,2908,0,0,0,,0,001,"SKISLOPE WY","HERRINGBONE WY",126.00,W,N,A,-,N,,,,,,,,,,N,2,0,1,1,D,-,00,,,N,F,A,A,A,H,-,A,D,0,,Y,,,Y,,-,"- ",1,0,0,0,0,0,1,0,0,"- ","- ",,,NEVADA,TRUCKEE,-120.23615264892578,39.337512969970703
94254926,2024,2024-08-13,9230,2024-07-22,1435,020447,,1,2,9,2900,0,1,3,,1,031,"STATE HIGHWAY 49","TADPOLE CREEK RD",0.00,,Y,A,-,Y,NEV,,49," "," ",8.892,H,,R,Y,1,1,0,3,A,-,03,22350,,N,C,C,A,A,H,-,A,D,0,,,,,Y,,D,22,0,0,0,0,0,0,0,0,0,"- ","- ",39.135860443115234,-121.0718994140625,NEVADA,UNINCORPORATED,-121.07193756103516,39.1358642578125
94364464,2024,2024-08-21,9222,2024-08-10,"935 ",016576,,6,1,3,2908,0,1,1,,2,023,"INTERSTATE 80 EASTBOUND","STATE ROUTE 89",1584.00,E,N,A,-,Y,NEV,,80," "," ",14.440,H,,R,Y,2,0,1,2,A,-,03,22350,,N,C,C,A,A,H,-,A,D,0,,,,Y,Y,,-,"- ",1,0,0,0,0,0,0,0,0,"- ","- ",39.322921752929688,-120.20281219482422,NEVADA,TRUCKEE,-120.20281219482422,39.322944641113281
94388711,2024,2024-09-10,9230,2024-09-07,1920,020059,,6,2,9,2900,0,2,4,,1,043,"BRUNSWICK RD","BEAVER DR.",250.00,N,N,A,-,N,,,,,,,,,,Y,2,0,1,1,A,-,03,22350,,N,H,7,A,A,H,-,B,D,0,,,Y,,Y,,-,"- ",1,0,0,0,0,0,0,0,1,"- ","- ",39.202621459960938,-121.01119995117188,NEVADA,UNINCORPORATED,-121.01123046875,39.202484130859375
94409889,2024,2024-09-26,9230,2024-09-15,"111 ",020411,,7,3,2,2902,0,1,3,,2,052,"SR-20 W/B","SACRAMENTO ST",495.00,E,N,A,-,Y,NEV,,20," ",R,16.866,H,,L,N,2,0,2,3,A,-,01,23152,A,N,G,B,E,A,H,-,C,A,0,Y,,,,Y,Y,A,01,2,0,0,0,2,0,0,0,0,"- ","- ",39.260738372802734,-121.01833343505859,NEVADA,"NEVADA CITY",-121.01834869384766,39.260746002197266
94411380,2024,2024-09-27,9230,2024-09-23,1000,019235,,1,1,9,2900,0,1,3,,1,061,SR-49,"CEMENT HILL RD",1056.00,N,N,A,-,Y,NEV,,49," "," ",15.939,H,,R,N,2,0,1,2,A,-,03,22350,,N,B,C,A,A,H,-,A,A,0,,,Y,Y,Y,,C,02,1,0,0,0,0,0,0,0,1,"- ","- ",39.266971588134766,-121.03134155273438,NEVADA,UNINCORPORATED,-121.03134918212891,39.267005920410156
94413233,2024,2024-09-30,9230,2024-09-20,"910 ",018771,,5,1,9,2900,0,1,3,,1,041,SR-174,"PEARDALE ROAD",0.00,,Y,A,-,Y,NEV,,174," "," ",5.077,H,,R,Y,2,0,2,2,A,-,09,21802,A,N,D,C,A,A,H,-,A,A,0,,,,,Y,,A,01,1,1,0,0,0,0,0,0,0,"- ","- ",39.190708160400391,-120.98399353027344,NEVADA,UNINCORPORATED,-120.98399353027344,39.190715789794922
94441046,2024,2024-10-22,9230,2024-10-15,"330 ",019940,,2,3,2,2901,0,1,3,,2,052,"SR-20 E/B","LOWELL HILL RD",826.00,W,N,A,-,Y,,,,,,,,,,Y,2,0,1,1,A,-,08,22107,,N,E,I,A,A,H,-,D,A,0,,,,,Y,,-,"- ",1,0,0,0,0,0,0,0,0,"- ","- ",39.307708740234375,-120.71851348876953,NEVADA,"GRASS VALLEY",-120.71800994873047,39.310569763183594
94463898,2024,2024-11-08,9230,2024-10-23,1744,019940,,3,2,9,2900,0,1,3,,1,061,SR-49,"RUSH CREEK WAY",664.00,N,N,A,-,Y,NEV,,49," "," ",19.007,H,,R,Y,2,0,1,1,A,-,03,22350,,N,E,8,A,A,H,-,A,D,0,,,Y,,Y,,C,02,1,0,0,0,0,0,0,0,1,"- ","- ",39.275619506835938,-121.08094787597656,NEVADA,UNINCORPORATED,-121.08096313476562,39.275604248046875
94483092,2024,2024-11-25,9230,2024-11-18,1545,017539,,1,2,2,2901,0,3,5,,2,030,"COMBIE ROAD","HIGGINS ROAD",60.00,E,N,A,-,N,,,,,,,,,,N,2,0,1,2,A,-,01,23152,A,N,C,C,A,A,H,-,A,A,0,,,Y,,Y,Y,C,02,1,0,0,0,0,0,0,0,1,"- ","- ",39.043159484863281,-121.09188079833984,NEVADA,"GRASS VALLEY",-121.09197235107422,39.043163299560547
94493783,2024,2024-12-05,9230,2024-11-21,1430,023561,,4,2,9,2900,0,1,3,,1,041,"SR-174 S/B","FOREST PARK LN",32.00,S,N,C,-,Y,NEV,,174," "," ",6.308,H,,L,Y,2,0,2,2,A,-,03,22350,,N,A,C,A,B,H,-,A,D,0,,,,,Y,,A,01,2,0,0,0,0,0,0,0,0,"- ","- ",39.191818237304688,-121.00679779052734,NEVADA,UNINCORPORATED,-121.00679779052734,39.191837310791016
94507098,2024,2025-01-09,9230,2024-12-08,2047,019940,,7,2,9,2900,0,3,5,,2,050,"RED DOG RD","BOULDER ST",110.00,E,N,A,-,N,,,,,,,,,,Y,2,0,1,1,A,-,01,23152,A,M,E,8,A,B,H,-,C,A,0,,,,,Y,Y,A,07,1,0,0,0,0,0,0,0,0,"- ","- ",39.263168334960938,-121.00653076171875,NEVADA,UNINCORPORATED,-121.00624847412109,39.263038635253906
94511551,2024,2024-12-20,9230,2024-12-14,"54  ",020447,,6,3,9,2900,0,1,3,,1,051,SR-20,"CHALK BLUFF RD",3190.00,W,N,B,D,Y,NEV,,20," "," ",34.341,H,,R,Y,2,0,1,1,A,-,01,23152,A,N,E,I,A,C,H,-,D,D,0,,,,,Y,Y,A,07,1,0,0,0,0,0,0,0,0,"- ","- ",39.309329986572266,-120.77384948730469,NEVADA,UNINCORPORATED,-120.77384948730469,39.309356689453125
94511937,2024,2024-12-20,9230,2024-12-10,1430,019235,,2,2,9,2900,0,1,3,,1,041,SR-174,"PEARDALE RD",230.00,E,N,A,-,Y,NEV,,174," "," ",5.025,H,,R,N,2,0,1,1,A,-,17,21200,,N,F,A,A,A,H,-,A,D,0,,Y,,,Y,Y,L,04,1,0,0,0,0,0,1,0,0,"- ","- ",39.190910339355469,-120.98310852050781,NEVADA,UNINCORPORATED,-120.98310089111328,39.190887451171875
94513784,2024,2024-12-23,9230,2024-12-17,1635,020013,,2,2,9,2900,0,1,3,,2,052,"SR 20 E/B","GOLD FLAT ROAD",800.00,W,N,A,-,Y,NEV,,20," ",R,15.754,H,,R,N,2,0,1,1,C,-,18,,,N,E,I,A,A,H,-,D,D,0,,,,,Y,,-,"- ",1,0,0,0,0,0,0,0,0,"- ","- ",39.246139526367188,-121.02607727050781,NEVADA,UNINCORPORATED,-121.02620697021484,39.246219635009766
94546547,2025,2025-01-22,9230,2025-01-15,1630,024230,,3,2,9,2900,1,3,5,,2,030,"KAREN DR","BUCK MOUNTAIN RD",75.00,E,N,A,-,N,,,,,,,,,,Y,2,0,2,3,A,-,03,22350,,N,C,C,A,A,H,-,A,D,0,,,,,Y,,D,22,1,1,0,0,0,0,0,0,0,"- ","- ",39.108551025390625,-121.07588958740234,NEVADA,UNINCORPORATED,-121.07615661621094,39.108528137207031
94610866,2025,2025-03-19,9230,2025-03-13,1328,017539,,4,1,2,2901,0,3,5,,2,030,"GARY WAY","CARRIE DRIVE",173.00,N,N,B,-,N,,,,,,,,,,Y,2,0,1,1,A,-,01,23152,A,N,E,I,A,B,H,-,A,D,0,,,,,Y,Y,A,07,1,0,0,0,0,0,0,0,0,"- ","- ",39.137569427490234,-121.04502105712891,NEVADA,"GRASS VALLEY",-121.04501342773438,39.137641906738281
94612277,2025,2025-03-20,9230,2025-03-14,2025,020059,,5,2,9,2900,0,1,3,,1,051,"STATE ROUTE 20","PINE NEEDLE LANE",1100.00,W,N,C,-,Y,NEV,,20," "," ",25.577,H,,R,Y,2,0,1,2,A,-,01,23152,A,N,C,C,A,B,H,-,D,A,0,,,,,Y,Y,A,07,1,0,0,0,0,0,0,0,0,"- ","- ",39.30657958984375,-120.91304016113281,NEVADA,UNINCORPORATED,-120.91305541992188,39.306587219238281
94628635,2025,2025-03-27,9222,2025-03-14,1540,017091,,5,2,9,2900,0,1,1,,2,021,"INTERSTATE 80 WESTBOUND","BOREAL RIDGE ROAD",7392.00,W,N,B,D,Y,NEV,,80," ",R,3.718,H,,L,Y,2,0,2,4,A,-,03,22350,,N,C,2,E,C,H,-,A,A,0,Y,,,Y,Y,,A,07,1,0,1,0,1,0,0,0,0,"- ","- ",39.327491760253906,-120.37230682373047,NEVADA,UNINCORPORATED,-120.37229156494141,39.327449798583984
94641734,2025,2025-04-08,9230,2025-03-31,1545,019940,,1,2,9,2900,0,1,3,,1,061,SR-49,"MAIDU AVE",0.00,,Y,C,-,Y,NEV,,49," "," ",15.607,H,,R,Y,2,0,2,2,A,-,09,21802,A,N,D,C,A,B,H,-,A,A,0,,,,,Y,,A,01,1,0,1,0,0,0,0,0,0,"- ","- ",39.268501281738281,-121.02484130859375,NEVADA,UNINCORPORATED,-121.02483367919922,39.268482208251953
94658678,2025,2025-04-22,9221,2025-04-17,1350,017979,,4,1,9,2900,0,1,3,,1,321,SR-20,"LAKE SPAULDING ROAD",4224.00,E,N,A,-,Y,NEV,,20," "," ",44.483,H,,R,Y,2,0,3,1,A,-,01,23153,A,N,E,I,A,A,H,-,A,D,0,,,,,Y,Y,-,"- ",3,0,0,0,0,0,0,0,0,"- ","- ",39.319221496582031,-120.62571716308594,NEVADA,UNINCORPORATED,-120.62567138671875,39.319168090820312
94675152,2025,2025-05-05,9230,2025-04-30,1226,018107,,3,1,9,2900,0,2,4,,2,073,"ROUGH AND READY HWY","GRUB CREEK DR",40.00,W,N,A,-,N,,,,,,,,,,N,2,0,1,2,A,-,08,22107,,N,D,C,A,A,H,-,A,D,0,,,Y,,Y,,C,02,1,0,0,0,0,0,0,0,1,"- ","- ",39.215198516845703,-121.15691375732422,NEVADA,UNINCORPORATED,-121.15694427490234,39.215213775634766
94676899,2025,2025-05-06,9230,2025-04-28,2040,020425,,1,2,9,2900,0,1,3,,1,071,SR-20,"WILD TURKEY LN",808.00,W,N,A,-,Y,NEV,,20," ",R,0.485,H,,R,N,2,0,1,1,C,-,18,,,N,D,H,A,A,H,-,D,D,0,,,Y,,Y,,-,"- ",1,0,0,0,0,0,0,0,1,"- ","- ",39.206840515136719,-121.27317047119141,NEVADA,UNINCORPORATED,-121.27314758300781,39.206916809082031
94693029,2025,2025-05-19,9230,2025-05-10,1150,017889,,6,1,9,2900,0,1,3,,1,051,SR-20,"SUN RIDGE CT",409.00,W,N,A,-,Y,NEV,,20," "," ",20.473,H,,R,Y,2,0,2,2,A,-,08,22107,,N,F,9,A,A,H,-,A,A,0,,,Y,,Y,,C,02,1,1,0,0,0,0,0,0,1,"- ","- ",39.281078338623047,-120.99501037597656,NEVADA,UNINCORPORATED,-120.99500274658203,39.281040191650391
94715938,2025,2025-06-06,9230,2025-05-30,2255,021152,,5,3,9,2900,0,1,3,,1,031,"STATE ROUTE 49","AUBURN ROAD",142.00,N,N,A,-,Y,NEV,,49," "," ",8.128,H,,R,N,2,0,1,2,A,-,11,21954,A,N,G,B,E,A,H,-,D,D,0,Y,,,,Y,Y,N,60,1,0,0,0,1,0,0,0,0,"- ","- ",39.126499176025391,-121.07730102539062,NEVADA,UNINCORPORATED,-121.07736206054688,39.126514434814453
94723948,2025,2025-06-12,9230,2025-06-10,1414,020059,,2,2,2,2901,0,1,3,,2,042,"STATE ROUTE 20","IDAHO MARYLAND RD",1238.00,W,N,A,-,Y,NEV,,20," ",R,13.868,H,,R,Y,2,0,1,2,A,-,03,22350,,N,C,C,A,A,H,-,A,D,0,,,,Y,Y,,A,01,1,0,0,0,0,0,0,0,0,"- ","- ",39.225311279296875,-121.04807281494141,NEVADA,"GRASS VALLEY",-121.04814147949219,39.225364685058594
94751653,2025,2025-07-07,9230,2025-04-17,"400 ",021433,,4,3,9,2900,0,1,3,,1,051,"STATE ROUTE 20 E/B","SCOTTS FLAT RD",1200.00,E,N,A,-,Y,NEV,,20," "," ",23.495,H,,R,Y,1,1,0,1,A,-,08,22107,,N,E,I,A,A,H,-,D,D,0,,,,,Y,,A,01,0,0,0,0,0,0,0,0,0,"- ","- ",39.287731170654297,-120.94170379638672,NEVADA,UNINCORPORATED,-120.94172668457031,39.287765502929688
94752364,2025,2025-08-04,9230,2025-06-13,2320,024230,,5,3,2,2901,0,3,5,,2,030,"SOUTH PONDEROSA WAY","MCCOURTNEY ROAD",465.00,N,N,A,-,N,,,,,,,,,,N,2,0,1,2,B,-,22,,,F,G,B,E,A,H,-,D,D,0,Y,,,,Y,Y,A,01,1,0,0,0,1,0,0,0,0,"- ","- ",39.181259155273438,-121.10777282714844,NEVADA,"GRASS VALLEY",-121.10769653320312,39.181205749511719
94768485,2025,2025-07-18,9222,2025-06-20,1210,022294,,5,1,9,2900,0,1,3,,1,027,"STATE ROUTE 89","HOBART MILLS ROAD",735.00,S,N,A,-,Y,NEV,,89," "," ",4.903,H,,R,Y,1,1,0,2,A,-,08,22107,,N,C,G,A,A,H,-,A,D,0,,Y,,,Y,,D,22,0,0,0,0,0,1,0,0,0,"- ","- ",39.396568298339844,-120.18734741210938,NEVADA,UNINCORPORATED,-120.18728637695312,39.396583557128906
9508377,2022,2022-11-03,2908,2022-10-01,2059,6608,13,6,5,3,2908,0,0,0,,0,,"GLENSHIRE DR","TRUCKEE WY",0.00,,Y,A,-,N,,,,,,,,,,Y,2,0,1,1,A,-,03,22350,,N,E,I,A,A,H,-,D,D,0,,,Y,,Y,,C,02,1,0,0,0,0,0,0,0,1,"- ","- ",,,NEVADA,TRUCKEE,-120.17922210693359,39.332134246826172
9511174,2022,2023-02-10,2908,2022-12-31,0700,6678,11,6,5,3,2908,0,0,0,,0,TAHOED,"NORTHWOODS BL S","BULL PINE TRL",208.00,N,N,D,-,N,,,,,,,,,,Y,2,0,1,2,A,-,03,22350,,N,C,B,A,C,H,-,A,D,0,,,,,Y,,A,07,1,0,0,0,0,0,0,0,0,"- ","- ",,,NEVADA,TRUCKEE,-120.21631622314453,39.330917358398438
9597376,2023,2023-08-07,2908,2023-07-05,"248 ",6554,13,3,5,3,2908,0,0,0,,0,DOWNTO,"TRUCKEE WY","STOCKREST SPRINGS RD",0.00,,Y,A,-,N,,,,,,,,,,Y,2,0,2,1,A,-,01,23152,A,N,E,I,A,A,H,-,C,D,0,,,,,Y,Y,A,01,1,0,1,0,0,0,0,0,0,"- ","- ",,,NEVADA,TRUCKEE,-120.17451477050781,39.334800720214844
9597377,2023,2023-08-07,2908,2023-07-14,2033,6734,13,5,5,3,2908,0,0,0,,0,SIERRA,"JEFFERY PINE RD","MARTIS VALLEY RD",0.00,,Y,A,-,N,,,,,,,,,,N,2,0,2,2,A,-,12,22450,A,N,D,G,A,A,H,-,B,A,0,,Y,,,Y,,L,04,1,1,0,0,0,0,2,0,0,"- ","- ",,,NEVADA,TRUCKEE,-120.16346740722656,39.320560455322266
9640153,2023,2024-01-16,2908,2023-08-27,2214,6706,13,7,5,3,2908,0,0,0,,0,,"RT 267","RT 80",774.00,S,N,A,-,Y,NEV,3,267,-,M,0.230,H,-,E,Y,1,1,0,1,A,-,01,23152,A,N,E,I,A,A,H,-,D,D,0,,,,,Y,Y,A,01,0,0,0,0,0,0,0,0,0,"- ",EO,,,NEVADA,TRUCKEE,-120.16535949707031,39.335796356201172
9653757,2024,2024-01-25,2908,2024-01-04,2009,6186,13,4,5,3,2908,0,0,0,,0,,"BROCKWAY RD","WINTER CREEK LP",100.00,W,N,A,-,N,,,,,,,,,,Y,2,0,1,1,A,-,01,23152,A,N,E,J,A,C,H,-,D,D,0,,,,,Y,Y,-,,1,0,0,0,0,0,0,0,0,"- ","- ",,,NEVADA,TRUCKEE,-120.17117309570312,39.325302124023438
9708998,2024,2024-08-16,2908,2024-06-21,"916 ",6634,11,5,5,3,2908,0,0,0,,0,TAHOED,"NORTHWOOD BL","DONNER PASS RD",645.00,N,N,A,-,N,,,,,,,,,,N,2,0,1,1,A,-,03,22350,A,N,E,J,A,A,H,-,A,D,0,,Y,,,Y,,L,04,1,0,0,0,0,0,1,0,0,"- ","- ",39.327598571777344,-120.21817779541016,NEVADA,TRUCKEE,-120.21817016601562,39.327522277832031
9710160,2024,2024-08-05,2908,2024-06-13,1944,6668,13,4,5,3,2908,0,0,0,,0,GLENSH,"GLENSHIRE DR","CHURCH ST",66.00,E,N,A,-,N,,,,,,,,,,Y,2,0,1,2,A,-,03,22350,,N,A,I,A,A,H,-,A,A,0,,,,,Y,Y,A,01,1,0,0,0,0,0,0,0,0,"- ","- ",39.332489013671875,-120.17359924316406,NEVADA,TRUCKEE,,
9712946,2024,2024-08-30,2908,2024-06-04,1042,6113,13,2,5,3,2908,0,0,0,,0,DOWNTO,"MCIVER XING","DONNER PASS RD",0.00,,Y,A,-,N,,,,,,,,,,N,2,0,1,2,A,-,11,21954,A,N,G,B,E,A,H,-,A,D,0,Y,,,,Y,Y,N,60,1,0,0,0,1,0,0,0,0,"- ","- ",39.325279235839844,-120.19139099121094,NEVADA,TRUCKEE,,
9719051,2024,2024-08-15,2908,2024-06-27,1608,6608,11,4,5,3,2908,0,0,0,,0,,"DONNER PASS RD","RT 89 S",670.00,W,N,A,-,N,,,,,,,,,,N,2,0,1,2,A,-,08,22107,,N,B,C,A,A,H,-,A,D,0,,,Y,,Y,,D,22,1,0,0,0,0,0,0,0,1,"- ","- ",,,NEVADA,TRUCKEE,-120.21002960205078,39.326114654541016
9728077,2024,2024-08-26,2908,2024-07-01,1835,61933,DONNE,1,5,3,2908,0,0,0,,0,013,"DONNER PASS RD","DONNER MEMORIAL DR",201.00,E,N,A,-,N,,,,,,,,,,N,2,0,1,2,A,-,08,22107,,N,D,G,A,A,H,-,A,D,0,,Y,,,Y,Y,L,04,1,0,0,0,0,0,1,0,0,"- ","- ",39.324649810791016,-120.23194885253906,NEVADA,TRUCKEE,-120.37113189697266,39.324005126953125
9812593,2025,2025-07-15,2908,2025-06-30,1505,6113,GLENS,1,5,3,2908,0,0,0,,0,013,"GLENSHIRE DR","OVERLAND TRL",750.00,E,N,A,-,N,,,,,,,,,,Y,2,0,1,1,A,-,05,21650,,N,E,I,A,A,H,-,A,D,0,,,,,Y,,-,,1,0,0,0,0,0,0,0,0,"- ","- ",39.351669311523438,-120.12361145019531,NEVADA,TRUCKEE,-120.12533569335938,39.347213745117188